s1_id	entity_f05	kind	stage	cand_id	p	n_true	country	s1_name	cand_name	s1_addr	cand_addr
S1-100947068	0.0	miss	blocking	S3-541328166		2	India	Sky Industries Private Limited	Sky Industries	Of Hanuman Socy Rupinagar, Tal Haveli Pune Bhosari, Haveli, Pune, Maharashtra	
S1-100947068	0.0	miss	blocking	S3-66792135		2	India	Sky Industries Private Limited	स्काई इंडस्ट्रीज प्राइवेट लिमिटेड	Of Hanuman Socy Rupinagar, Tal Haveli Pune Bhosari, Haveli, Pune, Maharashtra	Of Hanuman Socy Rupinagar, Tal Haveli Pune Bhosari, Haveli, महाराष्ट्र
S1-101852692	0.0	miss	blocking	S3-754133505		1	India	My Prime Investments Private Limited	mpinvestments.com	Sheikhpura, C/O Sharvan Kr Singh, Mahadevganj, Barbigha, Bihar, Barbigha	C/o Sharvan Kr Singh, Mahadevganj, Barbigha, Barbigha, Sheikhpura, BR
S1-103044475	0.0	miss	model	S3-319864068	0.0747	1	India	Nandanvan Brothers Private Limited	Nandanvan Brothers Private	93, Tulsi Park, Sarswatipuram, Lucknow, Uttar Pradesh	9-3, Tulsi Park, Sarswatipuram, Lucknow, UP
S1-103911437	0.0	miss	blocking	S2-276851722		1	India	North Energy Private Limited	नॉर्थ एनर्जी प्राइवेट लिमिटेड	Maharashtra, Goregaon East, Wework Nesco It Park, 10Th Floor Building 4, Nesco It Park, Western Express Highway, Mumbai, Hd-434	HD-434, MUMBAI, Maharashtra
S1-105022637	0.0	miss	blocking	S3-146755273		1	India	Mumbai Dynamic Private Limited	Mumbai Private Limited Center	Mumbai, As 1, Mumbai, Maharashtra, Anantya Apt Grd Flr, T G Path, Girgaon	As 1, Mumbai, MH
S1-105840669	0.0	miss	model	S2-845770395	0.2785	2	US	Coastal Wells Inc	COASTAL WELLS	Mount Vernon, NY, 18 Bushnell Place	
S1-105840669	0.0	miss	model	S3-804938490	0.6713	2	US	Coastal Wells Inc	Coasta1 Weimls Inc	Mount Vernon, NY, 18 Bushnell Place	18 Bushnell Place, Mount Vernon, New York
S1-107576785	0.0	miss	blocking	S3-94863049		1	India	Shiv Services Private Limited	શિવ સર્વિસીસ પ્રાઇવેટ લિમિટેડ	203, Krishna Conarch-1 Second Floor Opp. Metro Fast Food, University Road, Rajkot, Gujarat	203, Rajkot, GJ
S1-107701417	0.0	miss	model	S3-294896245	0.0406	1	India	Swastik Foundation Pvt Ltd	Swastik Foundation Pvt (Ltd.)	420 New Sonal Link Industrial Estate-2 Link Road, Malad (West), Mumbai, Mumbai City, Maharashtra	
S1-107937513	0.0	miss	blocking	S2-210798850		5	India	Tech City Care Private Limited	ടെക് സിറ്റി കെയർ പ്രൈവറ്റ് ലിമിറ്റഡ്	No.3/389, 390, 1St Floor, Grand Tower, Mukkilppidika, Chavakkad, Thrissur, Kerala	#3/389, KOCHI REGION, CHAVAKKAD, Kerala
S1-107937513	0.0	miss	model	S2-430992131	0.0565	5	India	Tech City Care Private Limited	ടെക് സിറ്റി കെയർ പ്രൈവറ്റ് ലിമിറ്റഡ്	No.3/389, 390, 1St Floor, Grand Tower, Mukkilppidika, Chavakkad, Thrissur, Kerala	NO.3/389, 390, 1ST FLOOR, GRAND TOWER, MUKKILPPIDIKA, KOCHI REGION, THRISSUR, Kerala
S1-107937513	0.0	miss	model	S3-391249951	0.4598	5	India	Tech City Care Private Limited	ടെക് സിറ്റി കെയർ പ്രൈവറ്റ് ലിമിറ്റഡ്	No.3/389, 390, 1St Floor, Grand Tower, Mukkilppidika, Chavakkad, Thrissur, Kerala	Thrissur, 390, 1St Floor, Grand Tower, Mukkilppidika, KL, Chavakkad, No.3/389
S1-107937513	0.0	miss	model	S3-40278788	0.419	5	India	Tech City Care Private Limited	ടെക് സിറ്റി കെയർ പ്രൈവറ്റ് ലിമിറ്റഡ്	No.3/389, 390, 1St Floor, Grand Tower, Mukkilppidika, Chavakkad, Thrissur, Kerala	#3/389, 390, 1St Floor, Grand Tower, Mukkilppidika, Chavakkad, Thrissur, KL
S1-107937513	0.0	miss	model	S3-596917225	0.0624	5	India	Tech City Care Private Limited	Lyralyra	No.3/389, 390, 1St Floor, Grand Tower, Mukkilppidika, Chavakkad, Thrissur, Kerala	#3/389, 390, 1St Floor, Grand Tower, Mukkilppidika, Chavakkad, Thrissur, KL
S1-108405724	0.0	miss	model	S2-513643118	0.3302	2	US	Sosonvue-Vernon Hills	SOSONVUE-VERNON SOSONVUE-VERNON [HILLS]	Vernon Hills, IL, 100 Deerpath Drive	IL, 900 DEERPATH DR, VERNON HILLS
S1-108405724	0.0	miss	blocking	S3-989497898		2	US	Sosonvue-Vernon Hills	sosonvuevernonhills.com	Vernon Hills, IL, 100 Deerpath Drive	Deerpath Dr, Vernon Hills, Illinois
S1-110091934	0.0	miss	model	S3-38453163	0.0537	1	US	Unified All Systems P.C.	Unified Systems P.C. Center	4170 Allistair Road, Winston-salem, NC	North Carolina, Winston-Salem, 170 Allistair Rd
S1-110658877	0.0	miss	model	S2-785495046	0.17	1	US	Equinox European LLC	Equinox European	Dripping Springs, TX, 1900 Mcgregor Lane	1761 MCGREGOR LN, DRIPPING SPRINGS, TX
S1-111343378	0.0	miss	model	S2-116590182	0.3608	2	US	Dulci Gates Better Biotechnology PC	Dulci Gates Better	1602 Broadway Avenue, NE, Scottsbluff	1359-1363 BROADWAY AVE, SCOTTSBLUFF, NE
S1-111343378	0.0	miss	model	S3-350744675	0.0029	2	US	Dulci Gates Better Biotechnology PC	Dulci Gates Better PC Partners	1602 Broadway Avenue, NE, Scottsbluff	1359 Broadway Avenue, Scottsbluff, Nebraska
S1-11149964	0.0	miss	blocking	S2-632411391		5	India	Ss International Private Limited	एसएस इंटरनेशनल प्राइवेट लिमिटेड	A-5, New Delhi, Delhi, Ashok Vihar, Phase-I	PHASE-I, A-5, Delhi
S1-11149964	0.0	miss	blocking	S2-970537948		5	India	Ss International Private Limited	एसएस इंटरनेशनल प्राइवेट लिमिटेड	A-5, New Delhi, Delhi, Ashok Vihar, Phase-I	A-5, NEW DELHI, PHASE-I, दिल्ली
S1-11149964	0.0	miss	blocking	S3-146556008		5	India	Ss International Private Limited	Ss International Pmrivaet (Limited)	A-5, New Delhi, Delhi, Ashok Vihar, Phase-I	##37 A-5, Ashok Vihar, New Delhi, Phase-i, DL
S1-11149964	0.0	miss	blocking	S3-329852926		5	India	Ss International Private Limited	Ss  Private Limited Service	A-5, New Delhi, Delhi, Ashok Vihar, Phase-I	Door No #37 A-5, Ashok Vihar, Phase-i, DL
S1-11149964	0.0	miss	blocking	S3-727792788		5	India	Ss International Private Limited	Fluxdrex DBA: Ss International Private Limited	A-5, New Delhi, Delhi, Ashok Vihar, Phase-I	A-5, Ashok Vihar, Phase-I, New Delhi, Delhi
S1-111778389	0.0	miss	blocking	S2-634802440		1	India	Bhan Trading Ltd	>> bhantrading.com	5732, Nai Sarak Chandni Chowk, New Delhi, Delhi	6732, NAI SARAK CHANDNI CHOWK, NEW DELHI, Delhi
S1-112807836	0.0	miss	blocking	S2-370923619		5	India	One Consulting Pvt Ltd	वन कंसल्टिंग प्रा. लि.	Hno. 22, Road No. 57, S/F, West Punjabi Bagh, New Delhi, West Delhi, Delhi	#22, NEW DELHI, WEST DELHI, दिल्ली
S1-112807836	0.0	miss	blocking	S3-154379771		5	India	One Consulting Pvt Ltd	वन कंसल्टिंग प्रा. लि.	Hno. 22, Road No. 57, S/F, West Punjabi Bagh, New Delhi, West Delhi, Delhi	Hno. ##22, Road No. 57, S/f, West Punjabi Bagh, New Delhi, West Delhi, DL
S1-112807836	0.0	miss	blocking	S3-257801001		5	India	One Consulting Pvt Ltd	-- One Cfosultcgig Pvt Ltd	Hno. 22, Road No. 57, S/F, West Punjabi Bagh, New Delhi, West Delhi, Delhi	Hno. ##22, New Delhi, West Delhi, दिल्ली
S1-112807836	0.0	miss	blocking	S3-622515319		5	India	One Consulting Pvt Ltd	वन कंसल्टिंग प्रा. लि.	Hno. 22, Road No. 57, S/F, West Punjabi Bagh, New Delhi, West Delhi, Delhi	##22, New Delhi, West Delhi, DL
S1-112807836	0.0	miss	blocking	S3-623326504		5	India	One Consulting Pvt Ltd	वन कंसल्टिंग प्रा. लि.	Hno. 22, Road No. 57, S/F, West Punjabi Bagh, New Delhi, West Delhi, Delhi	Hno. ##22, Road No. 57, S/f, West Punjabi Bagh, New Delhi, West Delhi, दिल्ली
S1-113348988	0.0	false_merge		S3-34032981	0.964	0	US	Gauthier Culture	Gauthier Couture	498 Town Line Road, Bennington, VT	519 Town Line Rd, Bennington, Vermont
S1-114124806	0.0	false_merge		S3-962358388	0.9558	0	US	198-199 East Owners Corp	198 199 East Owners Corp Corp	2884 Dunbar Drive, Phoenix, AZ	2885 Dunbar Drive, South Mountain, Arizona
S1-115171716	0.0	miss	model	S3-192229651	0.3641	2	US	Pierce, Brugger & Dames LLC	Pierce Brugger & Ddtgaboe LLC	365 Pleasant Valley Road, Seven Hills, OH	Pleasant Valley Road, Independence, Ohio
S1-115171716	0.0	miss	blocking	S3-960164110		2	US	Pierce, Brugger & Dames LLC	Bruggerpierce.Com	365 Pleasant Valley Road, Seven Hills, OH	Pleasant Valley Road, Seven Hills, Ohio
S1-116563527	0.0	miss	blocking	S3-736474786		2	US	Rivera Pediatrics	Rivera Sérvices	197 State Street, Unit C, Athens, OH	State Street, Athenscity, Ohio
S1-116563527	0.0	miss	blocking	S3-860044290		2	US	Rivera Pediatrics	Rivera Peialtircs	197 State Street, Unit C, Athens, OH	197 State Street, # C, Athenscity, Ohio
S1-117046628	0.0	miss	model	S2-950454267	0.685	1	India	Renuka Memorial Trust-Chennai	Shri RENUKA MEM0RIAL TRUST-CHENNAI	G1, Plot 1247, Kvp Ashwaryam, 15Th Street Poompuhar Nagar, Kolathur, Chennai, Tamil Nadu	G1, PLOT 1247, KVP ASHWARYAM, 15TH STREET POOMPUHAR NAGAR, KOLATHUR, CHENNAI, தமிழ்நாடு
S1-11774765	0.0	miss	blocking	S3-932467808		1	India	Shatakshi Foods Corp	Shatakshi Fseolas Corp	101, Sai Pooja, 1St Floor, Plot No. 390, Near Rajni Maternity Home, 16Th Road, Ba, Ndra West, Mumbai, Maharashtra	101, Mumbai, महाराष्ट्र
S1-118253069	0.0	miss	blocking	S2-114593921		1	India	Lakshmi Investments Pvt Ltd	लक्ष्मी इन्वेस्टमेंट्स प्रा. लि.	Sn-36, Hn-2/2, Pn-78, Fn-704 Nayati Environ, Bld-Caniva, Tingre Nagar, Pune, Maharashtra	SN-36, PUNE, Maharashtra
S1-119712484	0.0	miss	model	S2-589941448	0.4883	2	US	Aurio Starry Inc	Aurio Starry	15 Nichols Road, Barre, MA	BARRE, 75 NICHOLS RD, MA
S1-119712484	0.0	miss	model	S3-975305357	0.5749	2	US	Aurio Starry Inc	Aviveraxylo	15 Nichols Road, Barre, MA	Massachusetts, Barre, PO Box 1017, 15 Nichols Road
S1-119942492	0.0	miss	blocking	S3-453594360		1	India	Universal Global Food Private Limited	யுனிவர்சல் குளோபல் ஃபுட் பிரைவேட் லிமிடெட்	4/234, Mgr Rd, 7Th Street, Saidapet, Kanchipuram, Tamil Nadu	<NULL>, H.no 391 4/234, தமிழ்நாடு, Saidapet
S1-123989375	0.0	false_merge		S3-890039779	0.9931	0	India	ESH Llc	EPSH Llc	517, Times Square Arcade, Opposite Rambaug, Daskroi, Ahmedabad, Gujarat	Plot 468 517, Times Square Arcade, Opposite Rambaug, Ahmedabad, Daskroi, GJ
S1-124987157	0.0	miss	blocking	S2-956247468		1	India	Bora Ventures Pvt. Ltd.	Bora Pvt. Ltd. Partners	1/10, First Floor, Single Storey, New Delhi, West Delhi, Delhi	1/10, FIRST FLOOR, SINGLE STOREY, NEW DELHI, दिल्ली
S1-125249148	0.0	miss	blocking	S2-837292492		3	India	Amazon & Sons Private Limited	amazonsons.com	Plot-163/D, G/F Left Back Side Blk-T Uttam Ngr, Near Khushi Ram Park, New Delhi, West Delhi, Delhi	PLOT-63/D, G/F LEFT BACK SIDE BLK-T UTTAM NGR, NEAR KHUSHI RAM PARK, NEW DELHI, दिल्ली
S1-125249148	0.0	miss	model	S3-441929	0.4844	3	India	Amazon & Sons Private Limited	Amazon & Sons Private	Plot-163/D, G/F Left Back Side Blk-T Uttam Ngr, Near Khushi Ram Park, New Delhi, West Delhi, Delhi	Plot-3/d, G/f Left Back Side Blk-t Uttam Ngr, Near Khushi Ram Park, New Delhi, West Delhi, DL
S1-125249148	0.0	miss	model	S3-824619279	0.6456	3	India	Amazon & Sons Private Limited	Amazon + Sons Private [Limited]	Plot-163/D, G/F Left Back Side Blk-T Uttam Ngr, Near Khushi Ram Park, New Delhi, West Delhi, Delhi	
S1-127033655	0.0	miss	blocking	S2-44232745		5	India	Sun It Private Limited	Sun It Pgbcvlte Limited	Crescent Tower, Unit - 2G, 2Nd Floor 229, A.J.C Bose Road, Kolkata, Kolkata, Howrah, West Bengal	West Bengal, CRESCENT TOWER, UNIT - 2G, 2ND FLOOR 229, A.J.C BOSE ROAD, KOLKATA, KOLKATA
S1-127033655	0.0	miss	blocking	S2-747847927		5	India	Sun It Private Limited	সান আইটি প্রাইভেট লিমিটেড	Crescent Tower, Unit - 2G, 2Nd Floor 229, A.J.C Bose Road, Kolkata, Kolkata, Howrah, West Bengal	CRESCENT TOWER, UNIT - 2G, 2ND FLOOR 229, A.J.C BOSE ROAD, KOLKATA, HOWRAH, KOLKATA, পশ্চিমবঙ্গ
S1-127033655	0.0	miss	blocking	S2-757598680		5	India	Sun It Private Limited	সান আইটি প্রাইভেট লিমিটেড	Crescent Tower, Unit - 2G, 2Nd Floor 229, A.J.C Bose Road, Kolkata, Kolkata, Howrah, West Bengal	West Bengal, CRESCENT TOWER, KOLKATA, UNIT - 2G, 2ND FLOOR 229, A.J.C BOSE ROAD, KOLKATA, HOWRAH
S1-127033655	0.0	miss	blocking	S2-782466443		5	India	Sun It Private Limited	সান আইটি প্রাইভেট লিমিটেড	Crescent Tower, Unit - 2G, 2Nd Floor 229, A.J.C Bose Road, Kolkata, Kolkata, Howrah, West Bengal	CRSCENT TOWER, KOLKATA, HOWRAH, পশ্চিমবঙ্গ
S1-127033655	0.0	miss	blocking	S2-930825633		5	India	Sun It Private Limited	সান আইটি প্রাইভেট লিমিটেড	Crescent Tower, Unit - 2G, 2Nd Floor 229, A.J.C Bose Road, Kolkata, Kolkata, Howrah, West Bengal	KOLKATA, HOWRAH, UNIT - 2G, 2ND FLOOR 229, A.J.C BOSE ROAD, KOLKATA, পশ্চিমবঙ্গ, CRESCENT TOWER
S1-127556688	0.0	miss	model	S2-451100483	0.2883	3	India	Ace Energy	ஏஸ் எனர்ஜி	Chennai, Tamil Nadu, 7Th Floor, Bascon Futura, New No 10/2, Old No 56L, Venkata Narayana Road	Tamil Nadu, BASCON FUTURA, NEW NO 10/2, OLD NO 56L, VENKATA NARAYANA ROAD, CHENNAI, TH FLORO
S1-127556688	0.0	miss	blocking	S3-763523152		3	India	Ace Energy	ஏஸ் எனர்ஜி	Chennai, Tamil Nadu, 7Th Floor, Bascon Futura, New No 10/2, Old No 56L, Venkata Narayana Road	7Th- Floor, Chennai, Madras, TN
S1-127556688	0.0	miss	blocking	S3-845596125		3	India	Ace Energy	Shri ACE ENERGY	Chennai, Tamil Nadu, 7Th Floor, Bascon Futura, New No 10/2, Old No 56L, Venkata Narayana Road	7Th- Floor, Chennai, Madras, TN
S1-129892565	0.0	false_merge		S2-390394331	0.7585	0	US	Renata Stanfield, Esq. Inc.	Renata Stanfield, Esq.  Inc	2806 Mission Lake Shore Drive, Bremerton, WA	2827 MISSION LAKE SHORE DR, BREMERTON, WA
S1-129947195	0.0	miss	model	S2-845954128	0.2434	1	US	Reliable Regency LLC	Reliable LLC  Services	TX, 128 Persimmon Drive, Granite Shoals	19  PERSIMMON DR, GRANITE SHOALS, TX
S1-131121004	0.0	miss	blocking	S2-492666804		4	India	United Services Private Limited	યુનાઇટેડ સર્વિસીસ પ્રાઇવેટ લિમિટેડ	169, Sangana Society, Near Shyamdham Chowk, Puna Simada Road, Surat City, Surat, Gujarat	169, SURAT CITY, SURAT, ગુજરાત
S1-131121004	0.0	miss	blocking	S3-203952794		4	India	United Services Private Limited	United 5ervices Private  Limited	169, Sangana Society, Near Shyamdham Chowk, Puna Simada Road, Surat City, Surat, Gujarat	16, Surat City, Surat, GJ
S1-131121004	0.0	miss	blocking	S3-78866296		4	India	United Services Private Limited	unitedservices.com	169, Sangana Society, Near Shyamdham Chowk, Puna Simada Road, Surat City, Surat, Gujarat	16, Surat City, Surat, GJ
S1-131121004	0.0	miss	blocking	S3-981115811		4	India	United Services Private Limited	United Services Private	169, Sangana Society, Near Shyamdham Chowk, Puna Simada Road, Surat City, Surat, Gujarat	16, Surat City, Surat, GJ
S1-131384343	0.0	miss	model	S3-520536425	0.66	1	India	Indcom Trading Limited	Indcom Tang [Limited]	S-79, Ground Floor, Okhla Industrial Estate, Phase-Ll, New Delhi, New Delhi, South Delhi, Delhi	S-7-9, New Delhi, South Delhi, DL
S1-131399830	0.0	miss	blocking	S2-655584916		2	India	Big Solutions Limited	বিগ সলিউশনস লিমিটেড	29A Rabindra Sarani 4Th Floor, West Bengal, South 24 Parganas, Kolkata	H.NO 29A- RABINDRA SARANI 4TH FLOOR, KOLKATA, SOUTH 24 PARGANAS, West Bengal
S1-131399830	0.0	miss	blocking	S3-297169973		2	India	Big Solutions Limited	Big Slobgttos Limited	29A Rabindra Sarani 4Th Floor, West Bengal, South 24 Parganas, Kolkata	#29A Rabindra Sarani 4Th Floor, Kolkata, WB
S1-132022204	0.0	false_merge		S2-978004960	0.8298	0	India	Indo Properties Private Limited	ಆನಂದ್ ಪ್ರಾಪರ್ಟೀಸ್ ಪ್ರೈವೇಟ್ ಲಿಮಿಟೆಡ್	#42/43, 8Th F, Main Jayanagar 3Rd Block, Bangalore South, Bangalore, Karnataka	ICERI / 17, 3RD BLOCK, 21ST CROSS, 4TH STAGE 8TH MAIN, BASAVESHWARANAGAR, BANGALORE, Karnataka
S1-132563718	0.0	miss	model	S3-106549160	0.5044	2	India	Om Power Private Limited	Irihalo Sys	Sy.No.41, Bijapur, Bijapur(Kar), Plot No.10, 1St Floor, Above Hotel Shubhashree, Karnataka	Sy.No.41, Plot No.10, 1St Floor, Above Hotel Shubhashree, Bijapur, Bijapur(Kar), Karnataka
S1-132563718	0.0	miss	model	S3-230240847	0.594	2	India	Om Power Private Limited	ಓಂ ಪವರ್ ಪ್ರೈವೇಟ್ ಲಿಮಿಟೆಡ್	Sy.No.41, Bijapur, Bijapur(Kar), Plot No.10, 1St Floor, Above Hotel Shubhashree, Karnataka	Sy.no.41/9, Bijapur, Bijapur(kar), KA
S1-133462673	0.0	miss	blocking	S2-762148330		2	India	BH India Private Limited	BH Limited Private India	Plot No. 10, Ground Floor, Karuna Kunj, Sector-3, Dwarka, New Delhi, South West Delhi, Delhi	
S1-133462673	0.0	miss	blocking	S3-753210451		2	India	BH India Private Limited	BH Private Limited Services	Plot No. 10, Ground Floor, Karuna Kunj, Sector-3, Dwarka, New Delhi, South West Delhi, Delhi	
S1-134279852	0.0	miss	blocking	S2-676572427		1	India	Rga Recycling Limited	Mr RGA-RCEYIILMG LIMITED	Delhi, New Delhi, East Delhi, S-92 School Blockshakar Pur	
S1-134407558	0.0	miss	blocking	S2-110798847		1	US	Corner Seafood	Corner Seafood LP	112 4th Street, Epworth, IA	
S1-134972377	0.0	miss	model	S3-371516220	0.3988	1	India	Gujarat Urban Ventures Limited	Onyxbrix	2-48/5/6, 8Th Floor, Vaishnavi Cynosure, Gachibowli Rd, Opp Rttc, Telecom Nagar Extension, Seri Lingampally, K.V.Rangareddy, Telangana	2-48/5/6, 8Th Floor, Vaishnavi Cynosure, Gachibowli Rd, Opp Rttc, Telecom Nagar Extension, Seri Lingampally, K.V.Rangareddy, Telangana
S1-136213387	0.0	miss	blocking	S2-875237777		2	India	Vijay Hospitality Limited	विजय हॉस्पिटैलिटी लिमिटेड	D-2, Sector-61, Gautam Budh Nagar, Noida, Gautam Buddha Nagar, Uttar Pradesh	#276 D-2, NOIDA, GAUTAM BUDDHA NAGAR, उत्तर प्रदेश
S1-136213387	0.0	miss	blocking	S3-167337296		2	India	Vijay Hospitality Limited	विजय हॉस्पिटैलिटी लिमिटेड	D-2, Sector-61, Gautam Budh Nagar, Noida, Gautam Buddha Nagar, Uttar Pradesh	D-2, Gautam Buddha Nagar, U P, UP
S1-136446643	0.0	miss	model	S2-978070830	0.3014	1	US	Lucilia Yamashita Superior Biotech, LLC	Lucilia Yamashita Superior	245 56th Street, Unit 141, Mesa, AZ	24 56ST STREET, MESA, AZ
S1-137982863	0.0	miss	model	S3-364690903	0.024	1	US	Avelar Capital Partners Inc.	Deltaarc (ID: 22832)	438 S 5th St, Louisville, KY	Kentucky, 438 S 5th St, Louiville CDP
S1-138017672	0.0	miss	blocking	S3-413186427		1	US	Sawyer, Duty & Portillo LLC	Sawyerdutyportillo.Com	603 Ray Street, Superior, AZ	Ray Street, Spuerior, Arizona
S1-13958365	0.0	miss	blocking	S3-451333975		1	US	Safe Materials Consultants LP	materialsconsultantssafe.com	1103 Hutton Street, Unit Apartment 1, Troy, NY	New York, 110 Hutton Street, TORY
S1-13958396	0.0	miss	blocking	S2-36803198		6	India	Fortune It Private Limited	Fortune It Limited Center Center	Shop No A-1, A-2 Plot No - 1143, Rithala Industrial Area, Rohini, Delhi, North West, Delhi	
S1-13958396	0.0	miss	blocking	S2-491945756		6	India	Fortune It Private Limited	फॉर्च्यून आईटी प्राइवेट लिमिटेड	Shop No A-1, A-2 Plot No - 1143, Rithala Industrial Area, Rohini, Delhi, North West, Delhi	SHOP NO A-1, DELHI, NORTH WEST, Delhi
S1-13958396	0.0	miss	blocking	S3-38497638		6	India	Fortune It Private Limited	फॉर्च्यून आईटी प्राइवेट लिमिटेड	Shop No A-1, A-2 Plot No - 1143, Rithala Industrial Area, Rohini, Delhi, North West, Delhi	Shop No A-1, New Delhi, DL
S1-13958396	0.0	miss	blocking	S3-557554801		6	India	Fortune It Private Limited	#fortuneit	Shop No A-1, A-2 Plot No - 1143, Rithala Industrial Area, Rohini, Delhi, North West, Delhi	Shop No A-1, New Delhi, DL
S1-13958396	0.0	miss	model	S3-756663309	0.4274	6	India	Fortune It Private Limited	Fortune  It Private Limited	Shop No A-1, A-2 Plot No - 1143, Rithala Industrial Area, Rohini, Delhi, North West, Delhi	Shop No A-1, New Delhi, DL
S1-13958396	0.0	miss	model	S3-845641752	0.0352	6	India	Fortune It Private Limited	Fortune It Private	Shop No A-1, A-2 Plot No - 1143, Rithala Industrial Area, Rohini, Delhi, North West, Delhi	Door No 00664 Shop No A-1, Delhi, दिल्ली
S1-140605143	0.0	miss	blocking	S3-344351998		1	India	Indore Tour Private Limited	Indoretour.Com	Rev. Kh. No. 185/1, 3, 4/2, Malikhedi Brg Indst. Park, Indore, Madhya Pradesh	Rev. Kh. No. 185/1, Indore, Semaliachau, MP
S1-14116791	0.0	miss	model	S2-890178729	0.1758	1	US	Bay Horizon Labs LLC	BAY HORIZON [LABS]	3345 Benzing Road, Orchard Park, NY	BENZING ROAD, PO BOX 6172, ORCHARD PARK, NY
S1-141620143	0.0	miss	blocking	S2-988105280		1	India	Apex Software Pvt Ltd	એપેક્સ સોફ્ટવેર પ્રા. લિ.	Fl-B/704, Offira, Vip Road, Surat (M Corp Og )(Part), Surat City, Surat, Gujarat	ગુજરાત, HN 289 FL-B/704, SURAT
S1-143447108	0.0	miss	blocking	S2-952255840		1	India	International Ss Consulting LLP	इंटरनेशनल एसएस कंसल्टिंग एलएलपी	A/P. Madare Tal South Solapur, Dist.: Solapur, Solapur, Maharashtra	BLOCK G-417 A/P. MADARE TAL SOUTH SOLAPUR, DIST.: SOLAPUR, SOLAPUR, Maharashtra
S1-143621314	0.0	miss	blocking	S2-695995507		3	India	Alpha Constructions	अल्फा कंस्ट्रक्शंस	G-30, Sec.7, Extn. Dwarka, New Delhi, Delhi	G-30, SEC.7, EXTN. DWARKA, NEW DELHI, दिल्ली
S1-143621314	0.0	miss	blocking	S3-10989220		3	India	Alpha Constructions	अल्फा कंस्ट्रक्शंस	G-30, Sec.7, Extn. Dwarka, New Delhi, Delhi	Sec.7, Extn. Dwarka, DL, Plot 995 G-30, New Delhi
S1-143621314	0.0	miss	blocking	S3-806583533		3	India	Alpha Constructions	अल्फा कंस्ट्रक्शंस	G-30, Sec.7, Extn. Dwarka, New Delhi, Delhi	Pdot 995 G-30, New Delhi, DL
S1-14389022	0.0	miss	blocking	S2-718553229		2	India	Chennai (india)	CHÉNNAI-PARTNERS	Tamil Nadu, No.9, Chennai, 2Nd Floor 16Th Cross Street, Besant Nagar	Tamil Nadu, NO.9, 2ND FLOOR 16TH CROSS STREET, BESANT NAGAR, CHENNAI
S1-14389022	0.0	miss	model	S3-756734473	0.6907	2	India	Chennai (india)	Chennai Chennai (índia)	Tamil Nadu, No.9, Chennai, 2Nd Floor 16Th Cross Street, Besant Nagar	H.no 9, Chennai, TN
S1-144037353	0.0	miss	blocking	S2-412731621		2	India	Shakti Foundation	Shakti Foundation LLP	C/O-Jotindra, Naraharipur, Krishnagar, Sagar, South 24 Parganas, West Bengal	
S1-144037353	0.0	miss	blocking	S3-789582824		2	India	Shakti Foundation	Shakti-Foundatiron	C/O-Jotindra, Naraharipur, Krishnagar, Sagar, South 24 Parganas, West Bengal	
S1-14499505	0.0	miss	blocking	S2-120793367		3	India	Maa Logistics Private Limited	माँ लॉजिस्टिक्स प्राइवेट लिमिटेड	C/O Shakuntla Devi, Jai, Prakash Nagar, Nala Par, Phulwari, Patna, Bihar	C/O SHAKUNTLA DEVI, PATNA, PHULWARI, Bihar, JAI, PRAKASH NAGAR, NALA PAR
S1-14499505	0.0	miss	blocking	S2-778560912		3	India	Maa Logistics Private Limited	मां लॉजिस्टिक्स प्राइवेट लिमिटेड	C/O Shakuntla Devi, Jai, Prakash Nagar, Nala Par, Phulwari, Patna, Bihar	C/O SHAKUNTLA DEVI, JAI, PRAKASH NAGAR, NALA PAR, PATNA, PHULWARI, Bihar
S1-14499505	0.0	miss	blocking	S3-699756691		3	India	Maa Logistics Private Limited	मां लॉजिस्टिक्स प्राइवेट लिमिटेड	C/O Shakuntla Devi, Jai, Prakash Nagar, Nala Par, Phulwari, Patna, Bihar	C/o Shakuntla Devi, Jai, Prakash Nagar, Nala Par, Phulwari, Patna, BR
S1-14631496	0.0	miss	blocking	S2-103116896		2	US	Apex	APEX Trading	5458 Nan Linn Drive, OH, Willoughby	
S1-14631496	0.0	miss	blocking	S3-948668389		2	US	Apex	Apex Trading	5458 Nan Linn Drive, OH, Willoughby	
S1-146364295	0.0	miss	model	S3-686672471	0.5924	1	US	Dougherty Premier Mining Clinic	C1inic Premier Mining Dougherty	9821 152nd Street, Waverly, NE	9816 152nd Street, Waverly, Nebraska
S1-147979318	0.0	miss	blocking	S2-227362040		2	India	Dynamic Sky Care Private Limited	ডায়নামিক স্কাই কেয়ার প্রাইভেট লিমিটেড	West Bengal, 8/3B Biren Roy Road (W), Kolkata, Calcutta	8/3B BIREN ROY ROAD (W), KOLKATA, CALCUTTA, West Bengal
S1-147979318	0.0	miss	model	S3-701462789	0.0013	2	India	Dynamic Sky Care Private Limited	Dynamic Sky Private Limited Services	West Bengal, 8/3B Biren Roy Road (W), Kolkata, Calcutta	
S1-14824996	0.0	miss	model	S2-387684145	0.1853	2	India	Wardha Chemical Private Limited	Wardha Chemical Limited Center	C/O Shri Umesh Hanumanta Pachpohar, H. N 134, Near Durga Mandir, Karanja, Wardha, Maharashtra	महाराष्ट्र, C/O SHRI UMESH HANUMANTA PACHPOHAR, H. N 13, NEAR DURGA MANDIR, KARANJA, WARDHA
S1-14824996	0.0	miss	blocking	S3-118688592		2	India	Wardha Chemical Private Limited	Wardhachemical.Com	C/O Shri Umesh Hanumanta Pachpohar, H. N 134, Near Durga Mandir, Karanja, Wardha, Maharashtra	C/o Shri Umesh Hanumanta Pachpohar, Wardha, MH
S1-14945784	0.0	miss	blocking	S2-366883980		2	US	Cookeville, Borough Of Clinic	cookevilleclinicborough.com	TN, 1515 Lake Villa Circle, Cookeville	#1513 LAKE VILLA CIR, COOKEVILLE, TN
S1-14945784	0.0	miss	model	S3-959643499	0.2243	2	US	Cookeville, Borough Of Clinic	Cookeville, Borough Of Clinic LP	TN, 1515 Lake Villa Circle, Cookeville	1513 Lake Villa Circle, Cookeviille, Tennessee
S1-152014718	0.0	miss	blocking	S2-340899858		2	India	Fortune Enterprises Private Limited	फॉर्च्यून एंटरप्राइजेज प्राइवेट लिमिटेड	106, Famous Cine Building, 20, Dr. E. Moses Road, Mahalaxmi, Mumbai, Mumbai City, Maharashtra	महाराष्ट्र, 106., MUMBAI CITY, MUMBAI
S1-152014718	0.0	miss	blocking	S3-734867045		2	India	Fortune Enterprises Private Limited	फॉर्च्यून एंटरप्राइजेज प्राइवेट लिमिटेड	106, Famous Cine Building, 20, Dr. E. Moses Road, Mahalaxmi, Mumbai, Mumbai City, Maharashtra	106, Mumbai, Mumbai City, MH
S1-152070551	0.0	false_merge		S2-268959920	0.8895	0	US	Cole Select Worldwide	Cole Select Cleaning	984 Summitville Drive, Webster, NY	98 SUMMITVILLE DRIVE, WEBSTER, NY
S1-152431450	0.0	miss	blocking	S2-996539035		1	India	South Industries Private Limited	സൗത്ത് ഇൻഡസ്ട്രീസ് പ്രൈവറ്റ് ലിമിറ്റഡ്	Drasanam Chambersm C Road Perumbavoor, Ernakulam, Kerala	PLOT 91 DRASANAM CHAMBERSM C ROAD PERUMBAVOOR, ERNAKULAM, Kerala
S1-15274497	0.0	miss	model	S3-854490205	0.4862	1	India	Bhavsagar Nirman (India) Private Limited	Bhavsagar Bhavsagar Nirman (India) Private Ltd	Plot No.10 (A/1), Block No.43, Autonagar, Hayathnagar Mandal, Rr Dist, Hyderabad, Telangana	30 (A/1), Block No.43, Autonagar, Hayathnagar Mandal, Medchal Malkajgiri, Hyderabad, TG
S1-155101820	0.0	miss	model	S2-266644221	0.6813	2	India	Premier Exports Private Limited	Premier Exports Ptvea Limited	Ff-107, Pramukh Palace, Nr Jaihind Char Rasta, Maninagar, Ahmedabad, Gujarat	FF-108, PRAMUKH PALACE, NR JAIHIND CHAR RASTA, MANINAGAR, AHMEDABAD, ગુજરાત
S1-155101820	0.0	miss	blocking	S3-543069054		2	India	Premier Exports Private Limited	પ્રીમિયર એક્સપોર્ટ્સ પ્રાઇવેટ લિમિટેડ	Ff-107, Pramukh Palace, Nr Jaihind Char Rasta, Maninagar, Ahmedabad, Gujarat	Ff-0107, Ahmedabad, GJ
S1-155887532	0.0	miss	blocking	S2-108714321		2	India	Shiva Food Private Limited	சிவா ஃபுட் பிரைவேட் லிமிடெட்	Tamil Nadu, Chennai, Shakti Towers, 766, Anna Salai, The Executive Zone, Chennai	CHENNAI, TIRUPPORUR, SHAKTI TOWERS, 766, ANNA SALAI, THE EXECUTIVE ZONE, தமிழ்நாடு
S1-155887532	0.0	miss	model	S2-319329337	0.1999	2	India	Shiva Food Private Limited	சிவா ஃபுட் பிரைவேட் லிமிடெட்	Tamil Nadu, Chennai, Shakti Towers, 766, Anna Salai, The Executive Zone, Chennai	THE EXECUTIVE ZONE, SHAKTI TOWERS, 766, ANNA SALAI, CHENNAI, TIRUPPORUR, Tamil Nadu
S1-156277372	0.0	miss	blocking	S2-210965380		1	India	Gangaksh Infracon Limited	Gangaksh Irfsfaon-Limited	4, Ram Puram Shyam Nagar, Cod, Kanpur, Uttar Pradesh	
S1-158948856	0.0	miss	blocking	S2-351750567		2	India	Royal Power Private Limited	রয়্যাল পাওয়ার প্রাইভেট লিমিটেড	Siddha Weston, 9, Weston Strreet, 3Rd Floor, Suite No. 321, Kolkata, Kolkata, Howrah, West Bengal	SIDDHA WESTON, KOLKATA, HOWRAH, West Bengal
S1-158948856	0.0	miss	blocking	S3-822281414		2	India	Royal Power Private Limited	রয়্যাল পাওয়ার প্রাইভেট লিমিটেড	Siddha Weston, 9, Weston Strreet, 3Rd Floor, Suite No. 321, Kolkata, Kolkata, Howrah, West Bengal	Siddha Weston, Kolkata, Howrah, WB
S1-163581000	0.0	false_merge		S3-306849769	0.9906	1	India	Crystal & Co	Crystal &  Co	Fl-A-1 Gr Floor, 20/1, Netaji Subhas Road, Kolkata, Kolkata, Howrah, West Bengal	1, Kolkata, Howrah, WB
S1-163581000	0.0	miss	model	S3-782922387	0.6157	1	India	Crystal & Co	Crystal & Co.	Fl-A-1 Gr Floor, 20/1, Netaji Subhas Road, Kolkata, Kolkata, Howrah, West Bengal	
S1-163904081	0.0	miss	blocking	S3-256320826		2	India	Supreme Impex Private Limited	सुप्रीम इम्पेक्स प्राइवेट लिमिटेड	D/103, Devraj Chs Ltd., S. V. Road, Near Ratna Hotel, Goregaon (West), Mumbai, Maharashtra	D/103, Mumbai, MH
S1-163904081	0.0	miss	blocking	S3-380190355		2	India	Supreme Impex Private Limited	supremeimpex.com	D/103, Devraj Chs Ltd., S. V. Road, Near Ratna Hotel, Goregaon (West), Mumbai, Maharashtra	D/103, Mumbai, MH
S1-16398542	0.0	miss	model	S2-313463165	0.3566	4	India	Toplink Solution Pvt Ltd	Toplink Pvt Ltd [Center]	8 Hide Road, Kolkata, South 24 Parganas, West Bengal	8/6 HIDE ROAD, KOLKATA, <NULL>, West Bengal
S1-16398542	0.0	miss	model	S2-825963430	0.3298	4	India	Toplink Solution Pvt Ltd	LTD TOPLINK PVT SERVICES	8 Hide Road, Kolkata, South 24 Parganas, West Bengal	H.NO 8/6 HIDE ROAD, KOLKATA, <NULL>, West Bengal
S1-16398542	0.0	miss	blocking	S3-399672066		4	India	Toplink Solution Pvt Ltd	Shri Toplink Soolftilon Pvt Ltd	8 Hide Road, Kolkata, South 24 Parganas, West Bengal	
S1-16398542	0.0	miss	blocking	S3-580622207		4	India	Toplink Solution Pvt Ltd	M/s tóplinksolution.com	8 Hide Road, Kolkata, South 24 Parganas, West Bengal	8 Hide Road, Kolkata, South 24 Parganas, WB
S1-164572672	0.0	false_merge		S2-85745242	0.9065	0	India	Shaktiman Hues Private Limited	Shaktiman Hues Limited	Pune, Maharashtra, Flno C-35 Ishan Sanskruti Plno 34 Sno 131/1 Warje Hno 1/1, Pune	HN 364 FLNO C-35 ISHAN SANSKRUTI PLNO 34 SNO 131/1 WARJE HNO 1/22, PUNE, Maharashtra
S1-165540094	0.0	miss	blocking	S3-697389296		1	US	Physical Therapy Prairie Care Associates LLC	#physicaltherapy	6161 Ocotillo Avenue, Unit UNIT 20, Twentynine Palms, CA	161 Ocotillo Ave, Twentynine Palms, California
S1-165580384	0.0	miss	blocking	S3-509159651		1	India	Citco Sangh	Citc0 Sangh	421, Manish Market Bldg Cts 87 A Surve Industrial Estate, Gorega, On (East), Mumbai, Mumbai City, Maharashtra	MH, Mumbai, Mumbai City, 8-421
S1-166149222	0.0	miss	blocking	S2-239281709		2	India	Bhoomi & Brothers Limited	Bhoomi & Limited Service	C/O. Umesh Sawant At Post Kati, Tq. Tuljapur Dist. Osmanab, Ad, Kati, Osmanabad, Maharashtra	C/O. UMESH SAWANT AT POST KATI, TQ. TULJAPUR DIST. OSMANAB, AD, KATI, महाराष्ट्र
S1-166149222	0.0	miss	blocking	S3-49608904		2	India	Bhoomi & Brothers Limited	Dovaumbra	C/O. Umesh Sawant At Post Kati, Tq. Tuljapur Dist. Osmanab, Ad, Kati, Osmanabad, Maharashtra	C/o. Umesh Sawant At Post Kati, Tq. Tuljapur Dist. Osmanab, Ad, Osmanabad, Kati, MH
S1-169523616	0.0	miss	blocking	S2-502253375		1	US	Primary Care Physicians Inc	PRIMARY CARE PHYSICIANS  INC	42 Brookview Street, Unit 3, Boston, MA	167 BROOKMIEW STREET, DORCHESTER, MA
S1-169970902	0.0	miss	blocking	S3-105299347		1	India	Sunrise Supreme It Private Limited	सनराइज सुप्रीम आईटी प्राइवेट लिमिटेड	Room No. 17/18, 3Rd Floor, Jetha Kurpal Government Gate Road, Mumbai, Mumbai City, Maharashtra	Room No. 4-17/18, <NULL>, Mumbai, Lalbaug, महाराष्ट्र
S1-170817384	0.0	miss	model	S2-285869481	0.2239	3	US	Mutual Realty Digital Inc	Mutual Realty (Digital)	180 Pleasant Drive, Dallas, TX	193 PLEASANT DRIVE, DALLAS, TX
S1-170817384	0.0	miss	model	S2-440191265	0.2239	3	US	Mutual Realty Digital Inc	Mutual Realty Digital	180 Pleasant Drive, Dallas, TX	193 PLEASANT DR, DALLAS, TX
S1-170817384	0.0	miss	model	S3-154037607	0.2024	3	US	Mutual Realty Digital Inc	Mutual Realty Digital	180 Pleasant Drive, Dallas, TX	193 Pleasant Drive, Dallas, Texas
S1-173511877	0.0	miss	blocking	S2-305870925		2	US	Desert Tree	DESERT CÉNTER CÉNTER	265 Fayette Street, Quincy, MA	
S1-173511877	0.0	miss	model	S3-958219405	0.2161	2	US	Desert Tree	Desert Tree	265 Fayette Street, Quincy, MA	
S1-174926366	0.0	miss	blocking	S2-209282027		4	US	Horizon Acquisitions	Horizon Acqnuetions	AL, Mobile, 2872 Mill Street	872 MILL ST, MOOBILE CITY, AL
S1-174926366	0.0	miss	blocking	S2-256114104		4	US	Horizon Acquisitions	Horizon Partners	AL, Mobile, 2872 Mill Street	872 MILL STREET, AL, MOOBILE CITY
S1-174926366	0.0	miss	blocking	S2-722956754		4	US	Horizon Acquisitions	H0rizon  Aicuiistgodn	AL, Mobile, 2872 Mill Street	872 Mill Street, MOOBILE CITY, AL
S1-174926366	0.0	miss	blocking	S2-823737446		4	US	Horizon Acquisitions	horizonacquisitions.com	AL, Mobile, 2872 Mill Street	872 MILL STREET, MOOBILE CITY, AL
S1-174956626	0.0	false_merge		S2-843303845	0.799	0	India	Indranth Agro Ltd	Ltd Indranari Aleor	202-B, 2Nd Floor, Near State Bank Colony Survey No. 53, Park Plaza, Karve Nagar, Pune, Maharashtra	202-B, 2ND FLOOR, NEAR STATE BANK COLONY SURVEY NO. 53, PARK PLAZA, PUNE, KARVE NAGAR, Maharashtra
S1-1749977	0.0	miss	blocking	S2-682296514		3	India	Innovative Properties Private Limited	इनोवेटिव प्रॉपर्टीज प्राइवेट लिमिटेड	G-04, Ground Floor, H-17, Sector-63, Noida, Noida, Ghaziabad, Uttar Pradesh	NO 544 G-04, GROUND FLOOR, H-17, SECTOR-63, NOIDA, NOIDA, Uttar Pradesh
S1-1749977	0.0	miss	blocking	S3-295512040		3	India	Innovative Properties Private Limited	Private Innovative Pirolertis Limited	G-04, Ground Floor, H-17, Sector-63, Noida, Noida, Ghaziabad, Uttar Pradesh	G-04, Ground Floor, H-17, Sector-63, Noida, Noida, Ghaziabad, UP
S1-1749977	0.0	miss	blocking	S3-31411824		3	India	Innovative Properties Private Limited	इनोवेटिव प्रॉपर्टीज प्राइवेट लिमिटेड	G-04, Ground Floor, H-17, Sector-63, Noida, Noida, Ghaziabad, Uttar Pradesh	G-04, Ground Floor, H-17, Sector-63, Noida, Noida, Ghaziabad, उत्तर प्रदेश
S1-175765526	0.0	miss	blocking	S2-851479418		3	India	Sunrise Services Pvt Ltd	सनराइज सर्विसेज प्रा. लि.	C/O Ratibhan S/O Sh. Bheem Singh Vpo Mundet Khadar, Shamli, Muzaffarnagar, Uttar Pradesh	NO. 012 C/O RATIBHAN S/O SH. BHEEM SINGH VPO MUNDET KHADAR, SHAMLI, MUZAFFARNAGAR, Uttar Pradesh
S1-175765526	0.0	miss	blocking	S2-937461008		3	India	Sunrise Services Pvt Ltd	सनराइज सर्विसेज प्रा. लि.	C/O Ratibhan S/O Sh. Bheem Singh Vpo Mundet Khadar, Shamli, Muzaffarnagar, Uttar Pradesh	NO 012 C/O RATIBHAN S/O SH. BHEEM SINGH VPO MUNDET KHADAR, MUZAFFARNAGAR, SHAMLI, Uttar Pradesh
S1-175765526	0.0	miss	blocking	S3-264418077		3	India	Sunrise Services Pvt Ltd	सनराइज सर्विसेज प्रा. लि.	C/O Ratibhan S/O Sh. Bheem Singh Vpo Mundet Khadar, Shamli, Muzaffarnagar, Uttar Pradesh	C/o Ratibhan S/o Sh. Bheem Singh Vpo Mundet Khadar, Shamli, Muzaffarnagar, UP
S1-175765526	0.0	false_merge		S3-580718063	0.999	3	India	Sunrise Services Pvt Ltd	M/s Sunrise Private Estate Limited	C/O Ratibhan S/O Sh. Bheem Singh Vpo Mundet Khadar, Shamli, Muzaffarnagar, Uttar Pradesh	C/o Ratibhan S/o Sh. Bheem Singh Vpo Mundet Khadar, Muzaffarnagar, Shamli, UP
S1-176837864	0.0	miss	blocking	S3-383559146		1	India	Indo Finance Private Limited	Indo Ftaincnce  Private Limited	Navjeevan Vihar, New Delhi, 6, Delhi	6, Navjeevan Vihar, New Delhi, दिल्ली
S1-177035298	0.0	miss	blocking	S2-342304548		1	US	Lumify Recruiting LLC	lumifyrecruiting.com	307 Chelsea Place, Brookhaven, NY	CHELSEA PLACE, BROOKHAVEN, NY
S1-177130732	0.0	miss	blocking	S3-900885211		1	India	Galaxy Marketing Limited	galaxymarketing.com	B-2, Hill View Socy, Paud Road, E'Wane, Pune, Maharashtra	B-2, Hill View Socy, Paud Road, E'wane, Pune, MH
S1-177823965	0.0	miss	model	S2-785610170	0.5794	3	US	Roselin Fuerte Allied Twelve	Roselin Fuere Allied Twelve	8913 Morrison Street, Portland, OR	8944 MORRISON ST, PORTLAND, OR
S1-177823965	0.0	miss	model	S3-239063392	0.2001	3	US	Roselin Fuerte Allied Twelve	Roselin Fuerte Allied Twelve Inc	8913 Morrison Street, Portland, OR	9305 Morrison Street, Portland CDP, Oregon
S1-177823965	0.0	miss	model	S3-803382182	0.2782	3	US	Roselin Fuerte Allied Twelve	Roselin Fuerte Allied Twelve Co	8913 Morrison Street, Portland, OR	8944 Morrison Street, Portland, Oregon
S1-181036635	0.0	miss	model	S3-395481397	0.1885	1	US	Rominet, Inc	Rominet,-Inc	5759 Martin Luther King Jr Boulevard, Sacramento, CA	
S1-182887837	0.0	miss	model	S3-76652142	0.6842	2	India	Incredible Public School	Incredible Incredible Public School Co	8Th Floor, Ab-3 Building, Dtu, Bawana Road, Delhi, North West Delhi, Delhi	1 Floor, Ab-3 Building, Dtu, Bawana Road, North West Delhi, DL
S1-182887837	0.0	miss	blocking	S3-865485371		2	India	Incredible Public School	incrediblepublicschool.com	8Th Floor, Ab-3 Building, Dtu, Bawana Road, Delhi, North West Delhi, Delhi	Door No 8Th Floor, North West Delhi, Pehladpur Banger, DL
S1-184274845	0.0	miss	blocking	S2-22159341		3	India	Surya High Construction Private Limited	सूर्य हाई कंस्ट्रक्शन प्राइवेट लिमिटेड	7/28 Old Rajinder Nagar, New Delhi, Central Delhi, Delhi	7/28 OLD RAJINDER NAGAR, CENTRAL DELHI, NEW DELHI, दिल्ली
S1-184274845	0.0	miss	blocking	S3-405330448		3	India	Surya High Construction Private Limited	सूर्या हाई कंस्ट्रक्शन प्राइवेट लिमिटेड	7/28 Old Rajinder Nagar, New Delhi, Central Delhi, Delhi	7/28. Old Rajinder Nagar, New Delhi, Central Delhi, DL
S1-184274845	0.0	miss	blocking	S3-466599204		3	India	Surya High Construction Private Limited	सूर्य हाई कंस्ट्रक्शन प्राइवेट लिमिटेड	7/28 Old Rajinder Nagar, New Delhi, Central Delhi, Delhi	7/28. Old Rajinder Nagar, New Delhi, Central Delhi, DL
S1-184282301	0.0	miss	blocking	S2-633285096		1	India	North Engineering Private Limited	नॉर्थ इंजीनियरिंग प्राइवेट लिमिटेड	G To Top, Floor- G-T, 8, Ram Nimi, Mandlik Road, Regal Cinema, Colaba, Mumbai, Maharashtra	MUMBAI, G TO TOP, महाराष्ट्र
S1-185388059	0.0	miss	blocking	S2-638326824		2	India	City Maa Properties Private Limited	सिटी मां प्रॉपर्टीज प्राइवेट लिमिटेड	C-1/13, Third Floor, Janakpuri, New Delhi, West Delhi, Delhi	C-/13, THIRD FLOOR, JANAKPURI, NEW DELHI, WEST DELHI, Delhi
S1-185388059	0.0	miss	blocking	S3-568264383		2	India	City Maa Properties Private Limited	citymaaproperties.com	C-1/13, Third Floor, Janakpuri, New Delhi, West Delhi, Delhi	C-1/13, Third Floor, Janakpuri, West Delhi, New Delhi, DL
S1-186214080	0.0	miss	model	S2-836153114	0.0498	1	India	Innovative & Co	Smt Innovative  &	Karnataka, Kssidc Industrial Area B Katihalli Gram Panchayath, Hassan, Property No C-26, Hassan	PROPERTY NO C-25, KSSIDC INDUSTRIAL AREA B KATIHALLI GRAM PANCHAYATH, HASSAN, HASSAN, Karnataka
S1-186865930	0.0	miss	blocking	S2-147588601		1	US	Drayiq Advisory Corp	drayiqadvisory.com	102 College Park Drive, Fl 0, Weatherford, TX	02 COLLEGE PARK DRIVE, WEATHERFORD, TX
S1-187184518	0.0	false_merge		S2-671189117	0.8354	0	India	Kolkata Aggregator LLP	Kolkata Aggregator Limited	107/2/2 Monoharpukur Road, Kolkata, Calcutta, West Bengal	107/2/23 MONOHARPUKUR ROAD, KOLKATA, West Bengal
S1-18817477	0.0	miss	blocking	S3-332044824		1	India	Apex One Logistics Private Limited	एपेक्स वन लॉजिस्टिक्स प्राइवेट लिमिटेड	C/O Brijesh Kumar Singh Bibipur Banthara Lucknow Uttar Pradesh, Lucknow, Uttar Pradesh	C/o Brijesh Kumar Singh Bibipur Banthara Lucknow Uttar Pradesh, Lucknow, UP
S1-190722238	0.0	miss	model	S3-824090487	0.5149	1	India	New Delhi Energy Private Limited	New Delhi Energy	107 Dhoolsira Village, New Delhi, West Delhi, Delhi	507 Dhoolsira Village, New Delhi, West Delhi, DL
S1-191017102	0.0	false_merge		S2-774725660	0.7776	0	India	Products Mohar Solutions	Products Mohar Infra	W/O. Willi, 44/24, Rayapuram East Street M-201, Vengamedu Ananda Aishwaryam Apts., Tirupur, Coimbatore, Tamil Nadu	#99/9 W/O. WILLI, 44/24, RAYAPURAM EAST STREET M-201, VENGAMEDU ANANDA AISHWARYAM APTS., TIRUPUR, Tamil Nadu
S1-192410508	0.0	miss	model	S3-499838676	0.2459	1	India	Rank Real Private Limited	Mr Rank Real Private	Maheshpur, Industrial Estate, Varanasi, Uttar Pradesh	Varanasi, Hn 4-99 Maheshpur, UP, Varanasi, Industrial Estate
S1-193195378	0.0	miss	blocking	S2-761119090		1	India	Super Healthcare Private Limited	சூப்பர் ஹெல்த்கேர் பிரைவேட் லிமிடெட்	Door Number 3/1 (10/2A), Arundale Beach Road, Chennai City Corporation, Chennai, Tamil Nadu	DOOR NUBMER 3/1 (10/2A), CHENNAI CITY CORPORATION, Tamil Nadu
S1-19443029	0.0	false_merge		S2-580859687	0.7676	0	US	Odell & Smotherman	ODELL & SMOTHERMAN CORP	11 Venezio Avenue, Guilderland, NY	22 VENEZIO AVE, ALBANY, NY
S1-195151874	0.0	miss	blocking	S3-40953806		2	India	White Solutions Pvt Ltd	whitesolutions.com	Shop No. 5, Ist Floor Building No. 3003, Bhagwant Singh Market, Bahadur Garh Road, Sadar B, Azar, Delhi	Kashmere Gate, DL, Shop No. 5
S1-195151874	0.0	miss	blocking	S3-488664373		2	India	White Solutions Pvt Ltd	व्हाइट सॉल्यूशंस प्रा. लि.	Shop No. 5, Ist Floor Building No. 3003, Bhagwant Singh Market, Bahadur Garh Road, Sadar B, Azar, Delhi	DL, Kashmere Gate, Shop No. 5
S1-196177600	0.0	miss	blocking	S2-450187689		2	India	Jay Engineering Private Limited	ਜੈ ਇੰਜੀਨੀਅਰਿੰਗ ਪ੍ਰਾਈਵੇਟ ਲਿਮਟਿਡ	Naushera Pannuan Mughal Chak, Tarn Taran, Amritsar, Punjab	NAUSHERA PANNUAN MUGHAL CHAK, TARN TARAN, AMRITSAR, Punjab
S1-196177600	0.0	miss	blocking	S3-812073082		2	India	Jay Engineering Private Limited	jayenggprivate.com	Naushera Pannuan Mughal Chak, Tarn Taran, Amritsar, Punjab	Naushera Pannuan Mughal Chak, Amritsar, PB, Tarn Taran
S1-196537244	0.0	false_merge		S2-393519502	0.969	0	India	Aarvansh Condominiums Private Limited	Aarvanzh Condominiums Private Limited	Door No.Ix/483, Ernakulam, Grand Central, Kerala	NO. 13 DOOR NO.IX/483, GRAND CENTRAL, ERNAKULAM, Keralam
S1-196897087	0.0	miss	model	S3-924166921	0.0285	1	US	Milton and Rogers Rmg P.C.	Milt0n and Rogers Rmg	914 1 11th Street, Sunnyside, WA	
S1-197171797	0.0	miss	blocking	S3-180389792		1	India	Perfect Lakshmi Solutions Pvt Ltd	Perfectlakshmisolutions.Com	Flat 202, Phase Ii, 4Th Block Janapriya Appartment, Douton Road, Bollaram, Secunderabad, Hyderabad, Telangana	Flat 20, Phase Ii, 4Th Block Janapriya Appartment, Douton Road, Bollaram, Hyderabad, Secunderabad, Andhra Pradesh
S1-197237096	0.0	miss	blocking	S3-43491025		2	India	Shakuntalam Management Pvt Ltd	Shakuntalammanagement.Com	Plot No. 161, B/H Ramkrishna Tripathi School, Nobal Nagar Road, Kotarpur, Ahmedabad, Gujarat	142, B/h Ramkrishna Tripathi School, Nobal Nagar Road, Kotarpur, Ahmedabad, Gandhinagar, GJ
S1-197237096	0.0	miss	model	S3-955031473	0.018	2	India	Shakuntalam Management Pvt Ltd	Shakuntalam Management Pvt	Plot No. 161, B/H Ramkrishna Tripathi School, Nobal Nagar Road, Kotarpur, Ahmedabad, Gujarat	142, B/h Ramkrishna Tripathi School, Nobal Nagar Road, Kotarpur, Ahmedabad, Gandhinagar, GJ
S1-199231331	0.0	miss	blocking	S2-975323777		2	US	4553 Market Street Company	4553marketstreet.com	609 Virginia Avenue, Portsmouth City, VA	60 VIRGINIA AVENUE, PORTSMOUUTH, VA
S1-199231331	0.0	miss	model	S3-53898660	0.1195	2	US	4553 Market Street Company	4553 Market Street	609 Virginia Avenue, Portsmouth City, VA	09 Virginia Ave, Portsmouth City, Virginia
S1-200335433	0.0	miss	model	S2-372979267	0.4504	3	India	Raj Estate Private Limited	రాజ్ ఎస్టేట్ ప్రైవేట్ లిమిటెడ్	Survey No. 192/A, Suraram Village, Hyd, Hyderabad, Telangana	#193/A, SURARAM VILLAGE, HYD, SHAPURNAGAR, Andhra Pradesh
S1-200335433	0.0	miss	model	S2-37814038	0.4839	3	India	Raj Estate Private Limited	రాజ్ ఎస్టేట్ ప్రైవేట్ లిమిటెడ్	Survey No. 192/A, Suraram Village, Hyd, Hyderabad, Telangana	SURVEY NO. 193/A, SURARAM VILLAGE, HYD, SHAPURNAGAR, Andhra Pradesh
S1-200335433	0.0	miss	model	S2-669129966	0.4504	3	India	Raj Estate Private Limited	రాజ్ ఎస్టేట్ ప్రైవేట్ లిమిటెడ్	Survey No. 192/A, Suraram Village, Hyd, Hyderabad, Telangana	#193/A, SURARAM VILLAGE, HYD, SHAPURNAGAR, Andhra Pradesh
S1-200974553	0.0	miss	blocking	S2-67781284		1	US	First Israel	First Israel	520 Locust Grove Road, Newbern, TN	
S1-201543319	0.0	miss	model	S3-884637022	0.5998	1	US	First Church	First Church Association	1919 Phaniel Church Road, Rockwell, NC	191 Phaniel Church Rd, Rockwell, North Carolina
S1-20308397	0.0	miss	model	S2-743428841	0.297	2	US	Benfield Total Era	ERATOTALBENFIELD.COM	2053 374, Dannemora, NY	##2053 374, DANNEMORA, NY
S1-20308397	0.0	miss	model	S3-841284194	0.2104	2	US	Benfield Total Era	Benfield Total Center	2053 374, Dannemora, NY	374, Ellenburg Depot, New York
S1-203925563	0.0	miss	blocking	S2-708565859		3	India	Balaji Impex	বালাজি ইম্পেক্স	Kolkata, 3/29/1, Howrah, Bl C, Fl 320H 202, Jessore Road, North 24 Pgs, West Bengal	3/29/1, West Bengal, DUMDUM
S1-203925563	0.0	miss	blocking	S2-719558106		3	India	Balaji Impex	Dovazeph	Kolkata, 3/29/1, Howrah, Bl C, Fl 320H 202, Jessore Road, North 24 Pgs, West Bengal	West Bengal, DUMDUM, 3/29/1
S1-203925563	0.0	miss	blocking	S3-613575535		3	India	Balaji Impex	বালাজি ইম্পেক্স	Kolkata, 3/29/1, Howrah, Bl C, Fl 320H 202, Jessore Road, North 24 Pgs, West Bengal	Howrah, 3/29/1, WB
S1-204455254	0.0	miss	blocking	S2-369417259		2	India	Supreme Solutions Limited	ಸುಪ್ರೀಮ್ ಸೊಲ್ಯೂಷನ್ಸ್ ಲಿಮಿಟೆಡ್	Flat 203, Tower 3, Tata, Promont, V V Bakery, Bangalore South, Bangalore, Karnataka	FLAT 203, BANGALORE SOUTH, BANGALORE, Karnataka
S1-204455254	0.0	miss	blocking	S3-58175453		2	India	Supreme Solutions Limited	Supreme Limited Center	Flat 203, Tower 3, Tata, Promont, V V Bakery, Bangalore South, Bangalore, Karnataka	Plot 246 Flat 203, Bangalore South, Bangalore, KA
S1-205311274	0.0	miss	blocking	S2-487373100		2	India	Vision Exports Private Limited	विजन एक्सपोर्ट्स प्राइवेट लिमिटेड	A-3, Jaipur, Rajasthan, Jaipur, Burmeese Colony, Jawahar Nagar	JAIPUR, Rajasthan, A-##3
S1-205311274	0.0	miss	blocking	S2-714513359		2	India	Vision Exports Private Limited	विजन एक्सपोर्ट्स प्राइवेट लिमिटेड	A-3, Jaipur, Rajasthan, Jaipur, Burmeese Colony, Jawahar Nagar	A-##3, JAIPUR, Rajasthan
S1-205983126	0.0	false_merge		S3-241434737	0.7719	0	US	Ridgeline Holdings	Ridgeline LLC	400 Hwy 36, Chelsea, AL	401 Hwy 36, Chelsea, Alabama
S1-205983126	0.0	false_merge		S3-297867153	0.988	0	US	Ridgeline Holdings	Ridgeline Holdings	400 Hwy 36, Chelsea, AL	
S1-206261995	0.0	miss	blocking	S3-659285676		1	India	Nagita Academic Co	nágitaacademic.com	443/A/56, Road No 86, Jubilee Hills, Phase Iii, Hyderabad, Telangana	Hyderabad, Andhra Pradesh, 443/A/56
S1-206884874	0.0	miss	blocking	S2-189210368		1	US	All Realty Ventures PLLC	ALL REALTY VENTURE5 P.L.L.C.	4718 Country Club Road, Winston-salem, NC	
S1-208732224	0.0	miss	model	S3-363743009	0.2054	1	India	Kamalam Films Private Limited	Shri Kamalam Films Private	1St Floor, Plot No. 3, Jamuna Dairy Behind Kalyan Motors, Sodala, Jaipur, Rajasthan	1St/5 Floor, Jaipur, RJ
S1-209986644	0.0	miss	blocking	S2-890812430		1	US	Nexance Kodiak	NEXANCE  KAGSK	585 Town Street, Unit 1, Columbus, OH	
S1-210640535	0.0	miss	blocking	S2-66897930		1	India	Ss Industries	এসএস ইন্ডাস্ট্রিজ	C/O: Borhanuddin Ahmed, Joyrampur, Murshidabad, West Bengal	C/O: BORHANUDDIN AHMED, JOYRAMPUR, MURSHIDABAD, West Bengal
S1-212822882	0.0	miss	model	S2-15422459	0.627	3	US	Lopez, Starlin, M.D. LLC	Lopez, Starlin, MD LLC	900 San Marcos Drive, Unit 3, Apache Junction, AZ	90 SAN MARCOS DR, APACE JUNCTION CITY, AZ
S1-212822882	0.0	miss	blocking	S2-78183091		3	US	Lopez, Starlin, M.D. LLC	lópezstarlinmd.com	900 San Marcos Drive, Unit 3, Apache Junction, AZ	879 SAN MARCOS DR, APACH JUNCTION, AZ
S1-212822882	0.0	miss	model	S3-800033054	0.3221	3	US	Lopez, Starlin, M.D. LLC	Lopez, Starlin, M.D. L.L.C.	900 San Marcos Drive, Unit 3, Apache Junction, AZ	879 San Marcos Drive, # 3, Apache Junction, Arizona
S1-212829258	0.0	miss	model	S3-80635382	0.6812	1	India	Yadadri Infotech Group	Nylayuma	B-10-12 Street No.7, Sewak Park, Uttam Nagar, New Delhi, Delhi	DL, H.no 321 B-10-12 Street No.7, Uttam Nagar, Sewak Park, New Delhi
S1-213533966	0.0	miss	model	S2-755466412	0.4586	2	India	OV Tradexim Private Limited	OV Tradexim Private	C/O Asish Kumar Ghosh S/O. Sri Rb. Ghosh Chakchaka, Oppo.Raram Vally Agro Ltd, Koch Bihar, Coochbehar, West Bengal	HN ##451 C/O ASISH KUMAR GHOSH S/O. SRI RB. GHOSH CHAKCHAKA, OPPO.RARAM VALLY AGRO LTD, KOCH BIHAR, West Bengal
S1-213533966	0.0	miss	model	S3-912089889	0.5364	2	India	OV Tradexim Private Limited	OV Tradexim Private	C/O Asish Kumar Ghosh S/O. Sri Rb. Ghosh Chakchaka, Oppo.Raram Vally Agro Ltd, Koch Bihar, Coochbehar, West Bengal	Hn 736 C/o Asish Kumar Ghosh S/o. Sri Rb. Ghosh Chakchaka, Oppo.raram Vally Agro Ltd, Coochbehar, Koch Bihar, পশ্চিমবঙ্গ
S1-213675492	0.0	miss	blocking	S2-528191608		2	India	Socio Chits Ltd	Socio Cb Ltd	Gir Farm Bhavnath Maliya Rupaytan Road, Opp Kachchhi Bhavan, Junagadh, Gujarat	
S1-213675492	0.0	miss	blocking	S3-79967325		2	India	Socio Chits Ltd	Socio Ltd Service	Gir Farm Bhavnath Maliya Rupaytan Road, Opp Kachchhi Bhavan, Junagadh, Gujarat	Junagadh, GJ, Gir Farm Bhavnath Maliya Rupaytan Road, Junagadh, Opp Kachchhi Bhavan
S1-21384115	0.0	miss	blocking	S2-978668268		1	India	My Consultancy Private Limited	माय कंसल्टेंसी प्राइवेट लिमिटेड	C/O Maya Kanwar W/O Bajrang Singh Aagunta Teh Didwana Dist. Nagaur, Didwana, Nagaur, Rajasthan	NAGAUR, Rajasthan, DOOR NO 821 C/O MAYA KANWAR W/O BAJRANG SINGH AAGUNTA TEH DIDWANA DIST. NAGAUR, DIDWANA
S1-215193546	0.0	miss	blocking	S2-64251456		3	India	Sree Agro Limited	श्री एग्रो लिमिटेड	Delhi, East Delhi, Delhi, Flat No. O-9/A2 Dilshad Garden Shahdara	FLAT NO. O-9/A2 DILSHAD GARDEN SHAHDARA, <NULL>, DELHI, EAST DELHI, Delhi
S1-215193546	0.0	miss	blocking	S3-925866584		3	India	Sree Agro Limited	श्री एग्रो लिमिटेड	Delhi, East Delhi, Delhi, Flat No. O-9/A2 Dilshad Garden Shahdara	Plot #323 Flat No. O-9/a2 Dilshad Garden Shahdara, East, East Delhi, DL
S1-215193546	0.0	miss	blocking	S3-99945151		3	India	Sree Agro Limited	Sree Limited Service	Delhi, East Delhi, Delhi, Flat No. O-9/A2 Dilshad Garden Shahdara	Plot #323 Flat No. O-9/a2 Dilshad Garden Shahdara, East, East Delhi, दिल्ली
S1-215995376	0.0	miss	blocking	S2-354875887		1	India	Life Management Private Limited	ಲೈಫ್ ಮ್ಯಾನೇಜ್‌ಮೆಂಟ್ ಪ್ರೈವೇಟ್ ಲಿಮಿಟೆಡ್	C/O. Wework, Embassy Tech, Blk-L, Devarabisanahalli, Bangalore South, Bangalore, Karnataka	C/O. WEWORK, EMBASSY TECH, BLK-L, DEVARABISANAHALLI, BANGALORE SOUTH, BANGALORE, ಕರ್ನಾಟಕ
S1-215995662	0.0	miss	blocking	S3-735761448		1	India	Sun Investment Private Limited	suninvestment.com	56- Saket-Iii, Raw House, Shrinand Nagar-5, Ahmadabad City, Ahmedabad, Gujarat	56-. Saket-iii, N/A, Ahmadabad City, Ahmadabad, GJ
S1-216723330	0.0	miss	blocking	S2-754814087		1	US	East Invest	East Partners	6 Forge Street, Altona, NY	6 Forge Street, ALTONA, NY
S1-217626935	0.0	miss	model	S2-393732569	0.1935	3	India	Nishu First Ltd	Shri Nishu First Limited	Sco 258, First Floor Urban Estate Phase 1, Patiala, Punjab	
S1-217626935	0.0	miss	model	S2-884618362	0.1716	3	India	Nishu First Ltd	Shri NISHU FIRST	Sco 258, First Floor Urban Estate Phase 1, Patiala, Punjab	Punjab, SCO 358, FIRST FLOOR URBAN ESTATE PHASE 1, PATIALA
S1-217626935	0.0	miss	model	S3-194602999	0.0636	3	India	Nishu First Ltd	Mr Tavodrexaria	Sco 258, First Floor Urban Estate Phase 1, Patiala, Punjab	Sco 258, Patiala, PB
S1-218995348	0.0	miss	model	S2-30321249	0.1919	1	US	Doris Thacker Gulf Immersion	DORIS THACKER GULF IMMERSION INC	21 Spring Garden Drive, Montgomery, IL	
S1-219565065	0.0	miss	model	S3-57390293	0.0919	1	US	Villafuerte, Bauer & Rivas Inc	Villafuerte, Bauer & (Rivas)	3084 Spottswood Avenue, Memphis, TN	3086 Spottswood Ave, Memphis, Tennessee
S1-220010667	0.0	false_merge		S2-372045076	0.9462	0	India	Bholenath Charitable Trust	Bholenath Charitable Trust Pvt Ltd	Delhi, Corporation Bank Delhi, West Delhi, Office No-114 First Floor C-126 Naraina Industrial Area Phase-1 Landmark Opp	OFFICE NO-114 FIRST FLOOR C-126 NARAINA INDUSTRIAL AREA PHASE-10 LADNMARK OPP, CORPORATION BANK DELHI, दिल्ली
S1-220019392	0.0	false_merge		S3-595675869	0.8704	0	India	Solutions Fc Salvage Limited	limited solutions fc solutions	Gopal Khera, Raibarely Road, Mohan Lal Ganj, Mohanlalganj, Lucknow, Uttar Pradesh	No 0012 Gopal Khera, Raibarely Road, Mohan Lal Ganj, Lucknow, Mohanlalganj, UP
S1-220442536	0.0	miss	blocking	S2-312990527		3	India	Future Tech Private Limited	फ्यूचर टेक प्राइवेट लिमिटेड	Gulmohar Colony, 11, Indore, Madhya Pradesh	##11, INDORE, GULMOHAR COLONY, Madhya Pradesh
S1-220442536	0.0	miss	blocking	S2-415039354		3	India	Future Tech Private Limited	फ्यूचर टेक प्राइवेट लिमिटेड	Gulmohar Colony, 11, Indore, Madhya Pradesh	##11, GULMOHAR COLONY, INDORE, Madhya Pradesh
S1-220442536	0.0	miss	blocking	S3-646013969		3	India	Future Tech Private Limited	फ्यूचर Tech Private Limited	Gulmohar Colony, 11, Indore, Madhya Pradesh	0011, Indore, Bhamori, मध्य प्रदेश
S1-2207555	0.0	miss	model	S2-811563354	0.4162	1	India	Good Consultants Private Limited	குட் கன்சல்டன்ட்ஸ் பிரைவேட் லிமிடெட்	Chennai, No.19, First Street, Anjugam Nagar, Jafferkhanpet, Ashok Nagar, Chennai, Tamil Nadu	ASHOK NAGAR, H.NO 19., Tamil Nadu, CHENNAI, FIRST STREET, ANJUGAM NAGAR, JAFFERKHANPET, ASHOK NAGAR
S1-221991978	0.0	miss	model	S2-516245465	0.1697	1	US	Data Wealth Ventures LLC	Data Wealth	410 Alaska Street, Wenatchee, WA	
S1-225979808	0.0	miss	blocking	S3-103216589		2	India	East Finance Private Limited	ईस्ट फाइनेंस प्राइवेट लिमिटेड	Pune City, A/12- 203, Pune, Maharashtra, Planet Millennium	A/#12- 203, Pune City, Pune, महाराष्ट्र
S1-225979808	0.0	miss	blocking	S3-133492833		2	India	East Finance Private Limited	East Fiaine Private Limited	Pune City, A/12- 203, Pune, Maharashtra, Planet Millennium	A/#12- 203, Pune City, Pune, MH
S1-226502726	0.0	miss	blocking	S2-943080303		2	India	Lakshmi Finance Private Limited	लक्ष्मी फाइनेंस प्राइवेट लिमिटेड	C/Osri Dev Kishor Mishara, Mitra Mandal Colony, Phulwari, Patna, Bihar	PLOT 744 C/OSRI DEV KISHOR MISHARA, PATNA, बिहार
S1-226502726	0.0	miss	blocking	S3-158946903		2	India	Lakshmi Finance Private Limited	लक्ष्मी फाइनेंस प्राइवेट लिमिटेड	C/Osri Dev Kishor Mishara, Mitra Mandal Colony, Phulwari, Patna, Bihar	C/osri Dev Kishor Mishara, Mitra Mandal Colony, Phulwari, Patna, BR
S1-226678632	0.0	miss	blocking	S2-294154064		4	India	Sai Enterprises Private Limited	साईं एंटरप्राइजेज प्राइवेट लिमिटेड	Plot No-3, Sector 135, Noida, Gautam Buddha Nagar, Uttar Pradesh	PLOT NO-3, SECTOR 135, NOIDA, GAUTAM BUDDHA NAGAR, Uttar Pradesh
S1-226678632	0.0	miss	blocking	S2-589086418		4	India	Sai Enterprises Private Limited	साईं एंटरप्राइजेज प्राइवेट लिमिटेड	Plot No-3, Sector 135, Noida, Gautam Buddha Nagar, Uttar Pradesh	PLOT NO-3, NOIDA, GAUTAM BUDDHA NAGAR, Uttar Pradesh
S1-226678632	0.0	miss	blocking	S2-683735151		4	India	Sai Enterprises Private Limited	5ai Private Limited Service	Plot No-3, Sector 135, Noida, Gautam Buddha Nagar, Uttar Pradesh	PLOT NO-3, NOIDA, GAUTAM BUDDHA NAGAR, Uttar Pradesh
S1-226678632	0.0	miss	model	S3-219165136	0.3393	4	India	Sai Enterprises Private Limited	Sai Enterprises	Plot No-3, Sector 135, Noida, Gautam Buddha Nagar, Uttar Pradesh	#994 Plot No-3, Gautam Buddha Nagar, Noida, UP
S1-227249208	0.0	miss	blocking	S2-643891061		2	India	My International Private Limited	माय इंटरनेशनल प्राइवेट लिमिटेड	M-29, Apmc Market I, Phase Ii, Vashi, Navi Mumbai, Maharashtra	M-29, Maharashtra, NAVI MUMBAI, VASHI
S1-227249208	0.0	miss	model	S3-244862058	0.4195	2	India	My International Private Limited	My Private Limited Center	M-29, Apmc Market I, Phase Ii, Vashi, Navi Mumbai, Maharashtra	Door No 194 M-29, Apmc Market I, Phase Ii, Vashi, Navi Mumbai, महाराष्ट्र
S1-229030520	0.0	miss	blocking	S2-454265449		1	India	Shyam Silver Developers LLP	শ্যাম সিলভার ডেভেলপারস এলএলপি	5/1, Mandir Road, 4Th Floor, Flat No. A, Kolkata, Kolkata, Howrah, West Bengal	5, MANDIR ROAD, 4TH FLOOR, FLAT NO. A, KOLKATA, HOWRAH, KOLKATA, West Bengal
S1-230022488	0.0	miss	model	S3-350598599	0.4032	1	US	Eastern Dime LLC	Eastern Dime-[Llc]	381 South Road, Chebeague Island, ME	
S1-231021019	0.0	miss	blocking	S2-866423744		2	India	Apex Technology Private Limited	അപെക്സ് ടെക്നോളജി പ്രൈവറ്റ് ലിമിറ്റഡ്	Malu Villa, Kurakkanni Varkala, Thiruvananthapuram, Kottayam, Kerala	KOTTAYAM, MALU VILLA, KURAKKANNI VARKALA, THIRUVANANTHAPURAM, Kerala
S1-231021019	0.0	miss	blocking	S3-279399723		2	India	Apex Technology Private Limited	അപെക്സ് ടെക്നോളജി പ്രൈവറ്റ് ലിമിറ്റഡ്	Malu Villa, Kurakkanni Varkala, Thiruvananthapuram, Kottayam, Kerala	Malu Vlla, Kurakkanni Varkala, Thiruvananthapuram, Kottayam, KL
S1-231651464	0.0	miss	model	S2-815065602	0.635	2	US	Sullivan's Textiles	Keloflux	KY, Louisville, Unit 5, 302 N Birchwood Ave	302 NOTRH BIRCHWOOD AVE, PMB 9468, LOUISVILLE, KY
S1-231651464	0.0	miss	blocking	S2-900804903		2	US	Sullivan's Textiles	Sullivan's Tirse	KY, Louisville, Unit 5, 302 N Birchwood Ave	
S1-23221235	0.0	miss	blocking	S2-264445431		3	US	Lin Rincon, O.D. LP	Lin Rionn, O.D. LP	2608 Stevens Street, Spokane, WA	002731 STEVENS STREET, WA, SPOKANE
S1-23221235	0.0	miss	model	S3-155557712	0.0333	3	US	Lin Rincon, O.D. LP	Lin Rincon O.D. Inc	2608 Stevens Street, Spokane, WA	2731 1/2 Stevens St, Spokane, Washington
S1-23221235	0.0	miss	model	S3-911493584	0.1322	3	US	Lin Rincon, O.D. LP	Pyrasol	2608 Stevens Street, Spokane, WA	2608 Stevens Street, Spokane, Washington
S1-233188586	0.0	miss	model	S3-475788835	0.0018	1	India	Manesar Manufacturing Ltd	Manesar Ltd Center	702, Green Campus, Plot No.Gh-21, Sector-1, Manesar, Gurgaon, Haryana	#80. 702, Manesar, Gurgaon, हरियाणा
S1-233408765	0.0	miss	blocking	S2-842427795		3	India	Tirupati Media Private Limited	tirupatimedia.com	Vpo Urlana Kalan, Israna, Panipat, Haryana	HN 621 VPO URLANA KALAN, ISRANA, हरियाणा
S1-233408765	0.0	miss	blocking	S2-960412455		3	India	Tirupati Media Private Limited	tirupatimedia.com	Vpo Urlana Kalan, Israna, Panipat, Haryana	HN 621 VPO URLANA KALAN, ISRANA, Haryana
S1-233408765	0.0	miss	blocking	S3-912953220		3	India	Tirupati Media Private Limited	Privatetirupatimedia.Com	Vpo Urlana Kalan, Israna, Panipat, Haryana	Israna, हरियाणा, Vpo Urlana Kalan, Panipat
S1-233533172	0.0	miss	model	S2-629379849	0.2753	1	US	Colonial End	Colonial End	1403 Walnut Avenue, Gastonia, NC	
S1-233724566	0.0	miss	blocking	S2-722317561		5	India	Indo Technology Private Limited	ఇండో టెక్నాలజీ ప్రైవేట్ లిమిటెడ్	2-8, Dulla Pally, Hyderabad, Telangana	2-8, DULLA PALLY, RANGAREDDI, HYDERABAD, Telangana
S1-233724566	0.0	miss	blocking	S2-795698040		5	India	Indo Technology Private Limited	ఇండో టెక్నాలజీ ప్రైవేట్ లిమిటెడ్	2-8, Dulla Pally, Hyderabad, Telangana	2-8, DULLA PALLY, RANGAREDDI, HYDERABAD, Telangana
S1-233724566	0.0	miss	blocking	S2-832096210		5	India	Indo Technology Private Limited	ఇండో టెక్నాలజీ ప్రైవేట్ లిమిటెడ్	2-8, Dulla Pally, Hyderabad, Telangana	2-8, DULLA PALLY, RANGAREDDI, HYDERABAD, Telangana
S1-233724566	0.0	miss	blocking	S3-632768667		5	India	Indo Technology Private Limited	ఇండో టెక్నాలజీ ప్రైవేట్ లిమిటెడ్	2-8, Dulla Pally, Hyderabad, Telangana	B3/889 2-8, Dulla Pally, Hyderabad, TG
S1-233724566	0.0	miss	blocking	S3-694521020		5	India	Indo Technology Private Limited	ఇండో టెక్నాలజీ ప్రైవేట్ లిమిటెడ్	2-8, Dulla Pally, Hyderabad, Telangana	B3/889 2-8, Hyderabad, తెలంగాణ
S1-238435372	0.0	miss	model	S2-353056218	0.6828	4	US	Barbaraanne Graham Americas P.C.	Barbaraanne Barbaraanne Graham	48 Aspen Grove Drive, Evanston City, WY	Aspen Grove Drive, EVANSTON CITY, WY
S1-238435372	0.0	miss	model	S2-629170515	0.0372	4	US	Barbaraanne Graham Americas P.C.	Barbaraanne Graham Americas LLC	48 Aspen Grove Drive, Evanston City, WY	1 ASPEN GROVE DR, EVANSTON CITY, WY
S1-238435372	0.0	miss	model	S3-596079720	0.5012	4	US	Barbaraanne Graham Americas P.C.	Grhaam, Barbaraanne Americas P.C.	48 Aspen Grove Drive, Evanston City, WY	1 Aspen Grove Dr, Evanston City, Wyoming
S1-238435372	0.0	miss	model	S3-697031289	0.0569	4	US	Barbaraanne Graham Americas P.C.	Barbaraanne Gráham Americas Inc	48 Aspen Grove Drive, Evanston City, WY	1 Aspen Grove Dr, Evanston City, Wyoming
S1-238804775	0.0	miss	model	S3-492720138	0.0104	5	India	Gold Business Private Limited	Gold Business Private Trading	Iris Tech Park 4 Th Floor, Gurgaon, C/O Khirod Kumar Rout, Haryana, Gurgaon	
S1-238804775	0.0	miss	model	S3-493004308	0.0681	5	India	Gold Business Private Limited	Gold Business Private Límited	Iris Tech Park 4 Th Floor, Gurgaon, C/O Khirod Kumar Rout, Haryana, Gurgaon	
S1-238804775	0.0	miss	blocking	S3-613650608		5	India	Gold Business Private Limited	Gold 8usiness Limited Center	Iris Tech Park 4 Th Floor, Gurgaon, C/O Khirod Kumar Rout, Haryana, Gurgaon	Gurgaon, HR, C/o Khirod Kumar Rout, Gurgaon, Iris Tech Park 4 Th Floor
S1-238804775	0.0	miss	blocking	S3-731577155		5	India	Gold Business Private Limited	गोल्ड बिजनेस प्राइवेट लिमिटेड	Iris Tech Park 4 Th Floor, Gurgaon, C/O Khirod Kumar Rout, Haryana, Gurgaon	Gurgaon, HR, C/o Khirod Kumar Rout
S1-238804775	0.0	miss	blocking	S3-85318582		5	India	Gold Business Private Limited	गोल्ड बिजनेस प्राइवेट लिमिटेड	Iris Tech Park 4 Th Floor, Gurgaon, C/O Khirod Kumar Rout, Haryana, Gurgaon	C/o Khirod Kumar Rout, Iris Tech Park 4 Th Floor, Gurgaon, HR
S1-23905641	0.0	miss	blocking	S2-544226113		1	India	City New Technologies Private Limited	सिटी न्यू टेक्नोलॉजीज प्राइवेट लिमिटेड	208, Gemstar Commercial Complex, Ramchandralane Extension Road, Malad (W), Mumbai, Mumbai City, Maharashtra	0208, MUMBAI, Maharashtra
S1-240309770	0.0	miss	model	S2-293296342	0.0828	2	US	Lin Internet Corp	Lin Ínternet	2922 Walnut Street, Hays, KS	2924 WALNUT STREET, HAS, KS
S1-240309770	0.0	miss	blocking	S2-674683008		2	US	Lin Internet Corp	Lin Corp Center	2922 Walnut Street, Hays, KS	2924 WALNUT ST, HAS, KS
S1-240576208	0.0	false_merge		S2-457346961	0.8591	0	US	Caldis Chenghe Associates	Caldus Chenghe Associates	12398 313, Tyler, TX	12398C 313, TYLRE, TX
S1-240653407	0.0	miss	blocking	S2-392275592		1	India	Big Infrastructure Private Limited	বিগ ইনফ্রাস্ট্রাকচার প্রাইভেট লিমিটেড	Kolkata, Howrah, Masjid Bari Street, Kolkata, West Bengal, 52/2A	52/2A, KOLKATA, null, West Bengal
S1-240888770	0.0	miss	blocking	S3-663717352		1	India	Joy Hospital	M/s Joy Services (ID: 24271)	No. 12 Amal Nagar, West Tambaram, Chennai, Tamil Nadu	#12 Amal Nagar, West Tambaram, Chennai, TN
S1-240991629	0.0	miss	blocking	S3-795456868		3	India	UEB Pharmaceuticals Ltd	@uebpharmaceuticals	C/O Jagdish Barku Johare, Ganesh Krupachawlannabhau, Mumbai, Maharashtra	C/o Jagdish Barku Johare, Ganesh Krupachawlannabhau, Mumbai, MH
S1-240991629	0.0	miss	blocking	S3-93941148		3	India	UEB Pharmaceuticals Ltd	UEB Pramacueeticals Ltd	C/O Jagdish Barku Johare, Ganesh Krupachawlannabhau, Mumbai, Maharashtra	C/o Jagdish Barku Johare, Mumbai, MH
S1-240991629	0.0	miss	blocking	S3-991575047		3	India	UEB Pharmaceuticals Ltd	UP	C/O Jagdish Barku Johare, Ganesh Krupachawlannabhau, Mumbai, Maharashtra	Mumbai, C/O Jagdish Barku Johare, Mumbai, Ganesh Krupachawlannabhau, Maharashtra
S1-244163617	0.0	miss	blocking	S2-185465138		3	India	Shakti Care	சக்தி கேர்	No. 313, Sri Shanmuga Nagar, Mudichur Road, Mannivakkam, Chennai, Kancheepuram, Tamil Nadu	H.NO 313, CHENNAI, தமிழ்நாடு
S1-244163617	0.0	miss	blocking	S2-850321218		3	India	Shakti Care	சக்தி கேர்	No. 313, Sri Shanmuga Nagar, Mudichur Road, Mannivakkam, Chennai, Kancheepuram, Tamil Nadu	CHENNAI, 313, Tamil Nadu
S1-244163617	0.0	miss	blocking	S3-133301408		3	India	Shakti Care	shakticare.com	No. 313, Sri Shanmuga Nagar, Mudichur Road, Mannivakkam, Chennai, Kancheepuram, Tamil Nadu	No. 31, Madras, Kancheepuram, TN
S1-246204939	0.0	miss	model	S3-101398031	0.4969	1	US	Delta Grand Home Improvements Inc	Delta Home Improvements Inc Service	OH, 3559 Stoer Road, Shaker Heights	355 Stoer Rd, N/A, Beachwood, Ohio
S1-246446788	0.0	miss	blocking	S3-160710413		2	India	International Sedona Export Private Limited	International	1/30, Ground Floor, Lalita Park, Laxmi Nagar, Delhi, East Delhi, Delhi	1/30, Ground Floor, Lalita Park, Laxmi Nagar, Delhi, East Delhi, Delhi
S1-246446788	0.0	miss	model	S3-266217487	0.2226	2	India	International Sedona Export Private Limited	Internati0nal Sedona-Export	1/30, Ground Floor, Lalita Park, Laxmi Nagar, Delhi, East Delhi, Delhi	Ground Floor, Lalita Park, Laxmi Nagar, East Delhi, दिल्ली, Delhi, 1/3
S1-249304576	0.0	miss	blocking	S2-212936385		2	India	City Sree Estate Private Limited	സിറ്റി ശ്രീ എസ്റ്റേറ്റ് പ്രൈവറ്റ് ലിമിറ്റഡ്	Door No. Xii /401 Kelakam Post Kelakam, Kelakam, Kannur, Kerala	DOOR NO. XII /40 KELAKAM POST KELAKAM, KELAKAM, KANNUR, Kerala
S1-249304576	0.0	miss	blocking	S2-753431698		2	India	City Sree Estate Private Limited	സിറ്റി ശ്രീ എസ്റ്റേറ്റ് പ്രൈവറ്റ് ലിമിറ്റഡ്	Door No. Xii /401 Kelakam Post Kelakam, Kelakam, Kannur, Kerala	DOOR NO. XII /40 KELAKAM POST KELAKAM, KELAKAM, KANNUR, കേരളം
S1-249410788	0.0	miss	model	S2-3492185	0.6244	1	India	Inspired Channel	Shri Inspired Canl	Ff 101, N D K Hotels Resorts Ltd, Pathankot, Gurdaspur, Punjab	FF 101, N D K HOTELS RESORTS LTD, PATHANKOT, Punjab
S1-251630773	0.0	miss	blocking	S2-136887884		1	India	Agro Group of Companies Private Limited	acprivatecom #65587	Korapankandy, Odumbra, Kozhikode, Kerala	KORAPANKANDY, KOZHIKODE, കേരളം
S1-256030904	0.0	miss	blocking	S3-802390332		3	India	Atom (India) Developers Corporation	Fluxpyra	Shop No 207 & 209, Plaza Centre No 129, G N Chetty Road, Chennai, Tamil Nadu	Tamil Nadu, Shop No 207 & 209, Chennai, Plaza Centre No 129, G N Chetty Road
S1-256030904	0.0	miss	model	S3-922037429	0.2445	3	India	Atom (India) Developers Corporation	Atom (India) Corporation Developers	Shop No 207 & 209, Plaza Centre No 129, G N Chetty Road, Chennai, Tamil Nadu	
S1-256030904	0.0	miss	blocking	S3-932993580		3	India	Atom (India) Developers Corporation	atomindiadevelopers.com	Shop No 207 & 209, Plaza Centre No 129, G N Chetty Road, Chennai, Tamil Nadu	Shop No 207 & 209, Plaza Centre No 129, G N Chetty Road, Chennai, TN
S1-256093921	0.0	false_merge		S3-100146254	0.746	0	India	Galaxy Technology Private Limited	Galaxy Technology Pharmacy Private (Ltd)	2/3 Shreepati Arcade, Annexe - 3 August Kranti Marg, Nana Chowk, Mumbai, Mumbai City, Maharashtra	2/2 Shreepati Arcade, Annexe - 3 August Kranti Marg, Nana Chowk, Mumbai, Mumbai City, MH
S1-257634508	0.0	miss	blocking	S3-966061634		1	India	Great Great Enterprises Private Limited	Great Great Enterprises Private  Limited	R.No.201, S-524, Vikas Marg, Shakarpur, New Delhi, Delhi	
S1-259600231	0.0	miss	model	S3-616162459	0.036	2	India	Lakshmi Technology Private Limited	Lakshmi Technology Private [Ltd]	Flat No.1002, Gh-08 Sec-52, Sector -45, Gurgaon, Haryana	
S1-259600231	0.0	miss	blocking	S3-828153280		2	India	Lakshmi Technology Private Limited	Vantagefayecira (ID: 61904)	Flat No.1002, Gh-08 Sec-52, Sector -45, Gurgaon, Haryana	Flat No.1002, Gh-08 Sec-52, Sector -45, Gurgaon, HR
S1-260978072	0.0	miss	model	S3-178098835	0.5665	2	US	Reveles & Oleary	Reveles & Oleary	104 Woodwinds Industrial Court, Unit C, Cary, NC	
S1-260978072	0.0	miss	model	S3-653263902	0.6622	2	US	Reveles & Oleary	Oleary Reveles Service	104 Woodwinds Industrial Court, Unit C, Cary, NC	04 Woodwinds Industrial Court, Unit C, Cary, North Carolina
S1-263050515	0.0	miss	blocking	S3-96964136		1	India	Maa Enterprises Private Limited	ਮਾਂ ਐਂਟਰਪ੍ਰਾਈਜ਼ਿਜ਼ ਪ੍ਰਾਈਵੇਟ ਲਿਮਟਿਡ	613 Anand Nagar-Asarabha Street Patiala, Punjab, Patiala, Punjab	13 Anand Nagar-asarabha Street Patiala, Punjab, Patiala, PB
S1-263286050	0.0	miss	blocking	S3-767810143		1	US	V W Kiesow Electric Inc.	V W Koo Electric Ínc.	10 Amboy Street, Brooklyn, NY	
S1-264145345	0.0	miss	blocking	S3-36306276		1	India	Gujarat Developers Private Limited	குஜராத் டெவலப்பர்ஸ் பிரைவேட் லிமிடெட்	S-2, 2Nd Floor, Skyvine Apart-Ments 12Th Main Road, 7Th Street, Y Block, Ann, A Nagar, Chennai, Tamil Nadu	S-2, Chennai, Anna Nagar Ii, TN
S1-264284759	0.0	miss	blocking	S2-987637254		2	India	Tayal Studio Pvt. Ltd.	#tayalstudio	Plot No. Pap-G-70, Midc Phase Iii, Chakan Industrial Area, Village Kuruli, Ta, Luka Khed, Pune, Maharashtra	PLOT NO. PAP-G-A-70, MIDC PHASE III, CHAKAN INDUSTRIAL AREA, VILLAGE KURULI, TA, LUKA KHED, PUNE, महाराष्ट्र
S1-264284759	0.0	miss	blocking	S3-524286193		2	India	Tayal Studio Pvt. Ltd.	Ltd. Tayal Pvt. Services	Plot No. Pap-G-70, Midc Phase Iii, Chakan Industrial Area, Village Kuruli, Ta, Luka Khed, Pune, Maharashtra	Hn 705 Plot No. Pap-g-70, Midc Phase Iii, Chakan Industrial Area, Village Kuruli, Ta, Luka Khed, Pune, MH
S1-264491120	0.0	miss	blocking	S3-67882325		1	US	Smith	smith.com	906 Mulberry St, Louisville, KY	
S1-268067866	0.0	miss	model	S3-157918999	0.6179	1	US	Mountain Indigo LLC	Mountain Indigo  [LLC]	12705 County Road 1435, Mcleansboro, IL	
S1-268471112	0.0	false_merge		S2-20779560	0.7273	0	India	Indrya Human Care	Indryi Human	U-28 Mittal Chamber 2-2-51 Mahatma Ghandi Road, Secundrabad, Hyderabad, Telangana	U-28 MITTAL CHAMBER 2-2-51 MAHATMA GHANDI ROAD, SECUNDRABAD, Telangana
S1-269624476	0.0	miss	blocking	S2-727349785		3	India	Shree Charitable Trust	Shree Chrasitble Trust	C-75, Iind Floor, Greater Kailash Part 1, New Delhi, Delhi	
S1-269624476	0.0	miss	blocking	S3-192535817		3	India	Shree Charitable Trust	M/s Shreecharitabletrust.Com	C-75, Iind Floor, Greater Kailash Part 1, New Delhi, Delhi	C-75, N/A, New Delhi, Gurgaon, DL
S1-269624476	0.0	miss	model	S3-231962209	0.4386	3	India	Shree Charitable Trust	Shri Shree Charitable Trust Limited	C-75, Iind Floor, Greater Kailash Part 1, New Delhi, Delhi	C-75, N/A, New Delhi, Gurgaon, DL
S1-269725967	0.0	miss	blocking	S2-182437015		1	US	Interfaith Association	Interfaith-Associhtion	209 Zachary Lane, Hubert, NC	
S1-270416858	0.0	miss	blocking	S2-91246381		3	India	International Software Private Limited	ഇന്റർനാഷണൽ സോഫ്റ്റ്‌വെയർ പ്രൈവറ്റ് ലിമിറ്റഡ്	Hiba, Karunagappally Village, Pada North, Karunagappally, Kollam, Kerala	HIBA, KARUNAGAPPALLY VILLAGE, PADA NORTH, KARUNAGAPPALLY, KOLLAM, Kerala
S1-270416858	0.0	miss	blocking	S3-282268249		3	India	International Software Private Limited	ഇന്റർനാഷണൽ സോഫ്റ്റ്‌വെയർ പ്രൈവറ്റ് ലിമിറ്റഡ്	Hiba, Karunagappally Village, Pada North, Karunagappally, Kollam, Kerala	Hiba, Karunagappally Village, Pada North, Karunagappally, Kollam, KL
S1-270416858	0.0	miss	blocking	S3-938163298		3	India	International Software Private Limited	International Software Private Enterprises	Hiba, Karunagappally Village, Pada North, Karunagappally, Kollam, Kerala	
S1-272385653	0.0	miss	blocking	S2-10104535		4	India	Sky Enterprises Limited	स्काई एंटरप्राइजेज लिमिटेड	D-3A, Delhi, Shakarpur	D-3A, Delhi, PREET VIHAR, DELHI
S1-272385653	0.0	miss	blocking	S2-696981324		4	India	Sky Enterprises Limited	स्काई एंटरप्राइजेज लिमिटेड	D-3A, Delhi, Shakarpur	D-3A, SHAKARPUR, PREET VIHAR, दिल्ली
S1-272385653	0.0	miss	blocking	S3-138273613		4	India	Sky Enterprises Limited	स्काई एंटरप्राइजेज लिमिटेड	D-3A, Delhi, Shakarpur	D-3a, Shakarpur, Thane, DL
S1-272385653	0.0	miss	blocking	S3-431401008		4	India	Sky Enterprises Limited	स्काई एंटरप्राइजेज लिमिटेड	D-3A, Delhi, Shakarpur	D-3a, Shakarpur, Thane, दिल्ली
S1-272547373	0.0	miss	blocking	S2-552970528		4	India	Unique Energy Limited	ਯੂਨੀਕ ਐਨਰਜੀ ਲਿਮਟਿਡ	Hotel Best Western, Near Bsf Chowk, Gt Road, Jalandhar City, Jalandhar, Punjab	HOTEL BEST WESTERN, NEAR BSF CHOWK, GT ROAD, JALANDHAR CITY, JALANDHAR, Punjab
S1-272547373	0.0	miss	blocking	S2-553766006		4	India	Unique Energy Limited	ਯੂਨੀਕ ਐਨਰਜੀ ਲਿਮਟਿਡ	Hotel Best Western, Near Bsf Chowk, Gt Road, Jalandhar City, Jalandhar, Punjab	HOTEL BEST WESTERN, NEAR BSF CHOWK, GT ROAD, JALANDHAR CITY, JALANDHAR, Punjab
S1-272547373	0.0	miss	blocking	S3-654908727		4	India	Unique Energy Limited	ਯੂਨੀਕ ਐਨਰਜੀ ਲਿਮਟਿਡ	Hotel Best Western, Near Bsf Chowk, Gt Road, Jalandhar City, Jalandhar, Punjab	Hotel Best Western, Near Bsf Chowk, Gt Road, Jalandhar City, Jalandhar, PB
S1-272547373	0.0	miss	blocking	S3-683035582		4	India	Unique Energy Limited	Unique	Hotel Best Western, Near Bsf Chowk, Gt Road, Jalandhar City, Jalandhar, Punjab	Hotel Best Western, Near Bsf Chowk, Gt Road, Jalandhar City, Jalandhar, Punjab
S1-276736083	0.0	miss	blocking	S2-354136610		2	India	City Infotech Private Limited	സിറ്റി ഇൻഫോടെക് പ്രൈവറ്റ് ലിമിറ്റഡ്	C/O Lucy Thomas, Nellickal House Vadama Po, Mala, Thrissur, Kerala	H.NO 359 C/O LUCY THOMAS, NELLICKAL HOUSE VADAMA PO, MALA, MELADOOR, Keralam
S1-276736083	0.0	miss	blocking	S2-472801709		2	India	City Infotech Private Limited	സിറ്റി ഇൻഫോടെക് പ്രൈവറ്റ് ലിമിറ്റഡ്	C/O Lucy Thomas, Nellickal House Vadama Po, Mala, Thrissur, Kerala	MALA, Keralam, NELLICKAL HOUSE VADAMA PO, H.NO 359 C/O LUCY THOMAS, MELADOOR
S1-277080516	0.0	miss	blocking	S2-123968764		3	India	Jain Industries Limited	Jain ଇଣ୍ଡଷ୍ଟ୍ରିଜ୍ Limited	C/O Mr. Sachikanta Pujapanda, Bhubaneswar, Orissa, Ground Floor Near Mulapadia Ground Gate, Old Town, P., S Lingaraj, Khordha	C/O MR. SACHIKANTA PUJAPANDA, GROUND FLOOR NEAR MULAPADIA GROUND GATE, OLD TOWN, P., S LINGARAJ, BHUBANESWAR, Orissa
S1-277080516	0.0	miss	blocking	S2-624752034		3	India	Jain Industries Limited	ଜୈନ ଇଣ୍ଡଷ୍ଟ୍ରିଜ୍ ଲିମିଟେଡ୍	C/O Mr. Sachikanta Pujapanda, Bhubaneswar, Orissa, Ground Floor Near Mulapadia Ground Gate, Old Town, P., S Lingaraj, Khordha	C/O MR. SACHIKANTA PUJAPADNA, BHUBANESWAR, KHORDHA, Orissa
S1-277080516	0.0	miss	blocking	S3-121504444		3	India	Jain Industries Limited	ଜୈନ ଇଣ୍ଡଷ୍ଟ୍ରିଜ୍ ଲିମିଟେଡ୍	C/O Mr. Sachikanta Pujapanda, Bhubaneswar, Orissa, Ground Floor Near Mulapadia Ground Gate, Old Town, P., S Lingaraj, Khordha	Bhubaneswar, Khordha, Ground Floor Near Mulapadia Ground Gate, Old Town, P., S Lingaraj, C/o Mr. Sachikanta Pujapanda, OD
S1-27784085	0.0	miss	blocking	S2-923335389		1	US	Fresh Harbor Value L.L.C.	FRESH HARBOR VÁLUE L.L.C.	2636 Bard Avenue, St. Albans, WV	
S1-27944138	0.0	miss	blocking	S2-802505934		1	India	Lakshmi Care Pvt Ltd	લક્ષ્મી કેર પ્રા. લિ.	Trade Centre Sardar Nagarmain Road, Rajkot, Gujarat	TRADE CENTRE SARDAR NAGARMAIN ROAD, RAJKOT, Gujarat
S1-280178309	0.0	miss	model	S2-120584975	0.3162	1	US	Solis Great Manulife Corp	SOLIS GREAT (MANULIFE)	373 Normandy Circle, TN, Nashville	371 NORMANDY CIR, NASHVILLE, TN
S1-280425649	0.0	miss	model	S3-14819078	0.0965	2	US	Gutierrez and Kim LLC	Gutierrez  and Kim	14918 Hackamore Drive, Surprise, AZ	94918 Hackamore Dr, Surprise, Arizona
S1-280425649	0.0	miss	blocking	S3-238189383		2	US	Gutierrez and Kim LLC	LLC Gterrlz and Kim	14918 Hackamore Drive, Surprise, AZ	94918 Hackamore Dr, Surprise, Arizona
S1-28286985	0.0	miss	blocking	S2-492645780		3	India	Hari Technologies Private Limited	हरि टेक्नोलॉजीज प्राइवेट लिमिटेड	Delhi, Block 2, Delhi, S/F B/S Block L, Hari Nagar, West Delhi	BLOCK 2, DELHI, WEST DELHI, Delhi
S1-28286985	0.0	miss	blocking	S2-688078851		3	India	Hari Technologies Private Limited	हरि टेक्नोलॉजीज प्राइवेट लिमिटेड	Delhi, Block 2, Delhi, S/F B/S Block L, Hari Nagar, West Delhi	BLOCK 2, DELHI, WEST DELHI, Delhi
S1-28286985	0.0	miss	blocking	S3-710652215		3	India	Hari Technologies Private Limited	हरि टेक्नोलॉजीज प्राइवेट लिमिटेड	Delhi, Block 2, Delhi, S/F B/S Block L, Hari Nagar, West Delhi	Block 2, S/f B/s Block L, Hari Nagar, Delhi, West Delhi, DL
S1-283950650	0.0	miss	blocking	S2-663280251		2	India	Vm Vidyalaya Pvt. Ltd.	vmvidyalaya.com	C/O. Vishal Taralekar, Vita, Tal-Khanapur, Khanapur, Sangli, Maharashtra	#956 C/O. VISHAL TARALEKAR, VITA, TAL-KHANAPUR, KHANAPUR, SANGLI, Maharashtra
S1-283950650	0.0	miss	blocking	S3-524058427		2	India	Vm Vidyalaya Pvt. Ltd.	Vm Vidyanlaya Pvt. Ltd.	C/O. Vishal Taralekar, Vita, Tal-Khanapur, Khanapur, Sangli, Maharashtra	C/o. Vishal Taralekar, Vita, Tal-khanapur, Sangli, MH
S1-289546013	0.0	miss	model	S2-702622653	0.5083	1	India	Shakti & Associates	Shakti & Asohcrdtes	10 Ab Samrudhi Thampurans, Thampuranmukku, Thiruvananthapuram, Thiruvananthapuram, Trivandrum, Kerala	1-0 AB SAMRUDHI THAMPURANS, THAMPURANMUKKU, THIRUVANANTHAPURAM, THIRUVANANTHAPURAM, കേരളം
S1-290696988	0.0	miss	blocking	S3-603762538		1	US	Delta Animal Hospital	deltaanimalhospital.com	11567 Deer Lane, La Plata, MD	Deer Ln, La Plata, Maryland
S1-292175348	0.0	miss	model	S2-873790968	0.6459	1	India	Eastern Seven Management	ஈஸ்டர்ன் செவன் மேனேஜ்மெண்ட்	No 1/35 S P Nagartvs Nagar Road Kavundampalayam, Tamil Nadu, Coimbatore	COIMBATORE, Tamil Nadu, NO 1/35 S P NAGARTVS NAGAR ROAD KAVUNDAMPALAYAM
S1-29252144	0.0	false_merge		S2-185656264	0.9168	0	India	Maa Hospitality Limited	மா குளோபல் லிமிடெட்	Plot No.2, Vsr Complex, 2Nd Floor, Taramani Link Road, Velachery, Chennai, Tamil Nadu	4, VSR COMPLEX, 2ND FLOOR, TARAMANI LINK ROAD, VELACHERY, CHENNAI, RAJALAKSHMI NAGAR, Tamil Nadu
S1-295564016	0.0	miss	blocking	S3-83645749		1	US	Porteous Medical Corp	Porteousmedical.Com	3185 Upshur Northern Road, Eaton, OH	Upshur Northern Road, Ohio, Eaton
S1-298332576	0.0	miss	blocking	S3-605814984		1	India	Red Brothers Private Limited	Ariakor+	A-135, Sector - 63, Noida, Gautam Buddha Nagar, Uttar Pradesh	A-135, Sector - 63, Noida, Gautam Buddha Nagar, Uttar Pradesh
S1-29869515	0.0	miss	model	S3-392397592	0.148	1	US	Star Software Company	Star Company Service	227 Rutherford Avenue, Oyster Bay, NY	Rutherford Avenue, Massaequa, New York
S1-300467431	0.0	miss	blocking	S3-927395524		1	US	Cardiology Empire Specialists Inc	Cardiology  Empire Specialists lnc	7927 Thompson Road, Milwaukie, OR	
S1-300468670	0.0	miss	blocking	S2-152585619		2	India	Al Consulting Limited	ଅଲ୍ କନସଲଟିଂ ଲିମିଟେଡ୍	Bhubaneswar, Hata Sahi, Khordha, C/O Binapani Panigrahi, Orissa	C/O BINAPANI PANIGRAHI, HATA SAHI, KHORDHA, TANKAPANI ROAD, Odisha
S1-300468670	0.0	miss	blocking	S3-651417826		2	India	Al Consulting Limited	Al Consulcoign Limited	Bhubaneswar, Hata Sahi, Khordha, C/O Binapani Panigrahi, Orissa	C/o Binapani Panigrahi, Hata Sahi, Khordha, Bhubaneswar, OD
S1-30253037	0.0	miss	blocking	S3-579604381		2	India	Anand City Logistics Private Limited	@anandcity	Delhi, Vikas Marg Laxmi Nagar, Delhi, D-10	D-10, Delhi, Vikas Marg Laxmi Nagar, DL
S1-30253037	0.0	miss	blocking	S3-854723282		2	India	Anand City Logistics Private Limited	आनंद सिटी लॉजिस्टिक्स प्राइवेट लिमिटेड	Delhi, Vikas Marg Laxmi Nagar, Delhi, D-10	D-10, Vikas Marg Laxmi Nagar, Delhi, दिल्ली
S1-303072642	0.0	miss	blocking	S2-883842180		2	US	Lucky Pub	Lucky Pub	33 Green Park Lane, Ofallon, MO	
S1-303072642	0.0	miss	blocking	S3-524106955		2	US	Lucky Pub	Lucky Lucky Pub	33 Green Park Lane, Ofallon, MO	
S1-305693212	0.0	miss	model	S2-520334088	0.1058	1	US	Sheppard, Salome, MD, DDS PC LLC	Sheppard, Salome, MD, MD, DDS	1721 Armstead Avenue, Grand Prairie, TX	1720 ARMSTEAD AVENUE, GRAND PRRAIRIE, TX
S1-30663631	0.0	false_merge		S2-185540581	0.957	0	US	Rocky Institute	Rocky LLC Ínstitute	1421 Llano Street, Port Neches, TX	142 LLANO ST, PORT NECHES, TX
S1-30663631	0.0	false_merge		S2-894403098	0.9506	0	US	Rocky Institute	Rocky Institute Co	1421 Llano Street, Port Neches, TX	142 LLANO STREET, PORT NECHES, TX
S1-307157733	0.0	miss	blocking	S3-476581005		1	India	Agni Cards Private Limited	Private Agni Csdarss Limited	Shop No. 4, Ground Floor, Neeraj Park C.H.S Ltd, Bldg 1, R.N.P Park, A Wing, Near Shiv Ma, Ndi, Bhyander Thane, Thane, Maharashtra	Shop No. 4, Bhyander Thane, Thane, MH
S1-307584625	0.0	miss	blocking	S2-455640054		4	India	Sunrise Trading Private Limited	सनराइज ट्रेडिंग प्राइवेट लिमिटेड	Opp Yashoda Dham, Ganesh Nagar Pawar Wadi, Mumbai, Maharashtra	MUMBAI, GANESH NAGAR PAWAR WADI, Maharashtra, OPP YASHODA DHAM
S1-307584625	0.0	miss	blocking	S3-26826759		4	India	Sunrise Trading Private Limited	Sunrisetrading.Com	Opp Yashoda Dham, Ganesh Nagar Pawar Wadi, Mumbai, Maharashtra	Opp Yashoda Dham, Mumbai Suburban, Mumbai, महाराष्ट्र
S1-307584625	0.0	miss	blocking	S3-50663902		4	India	Sunrise Trading Private Limited	सनराइज ट्रेडिंग प्राइवेट लिमिटेड	Opp Yashoda Dham, Ganesh Nagar Pawar Wadi, Mumbai, Maharashtra	Opp Yashrda Dham, Ganesh Nagar Pawar Wadi, Mumbai Suburban, Mumbai, MH
S1-307584625	0.0	miss	blocking	S3-586373724		4	India	Sunrise Trading Private Limited	सनराइज ट्रेडिंग प्राइवेट लिमिटेड	Opp Yashoda Dham, Ganesh Nagar Pawar Wadi, Mumbai, Maharashtra	Opp Yashoda Dham, Ganesh Nagar Pawar Wadi, Mumbai Suburban, Bombay, MH
S1-307664728	0.0	miss	blocking	S3-59987890		1	India	Ahmedabad Ventures	Ahmedabad Center	1077, B-14, Shakti Dhara Colony L.B. Shastri Rd, Thakkarnagar Rd, Ahmedabad, Gujarat	077, GJ, Ahmedabad
S1-307963829	0.0	miss	blocking	S3-113177266		1	US	Internal Medicine Superior Care Associates LP	Internal Medicine Superior Care Associates	4126 NW Blvd, Unit APT 119, Davenport, IA	
S1-307975591	0.0	miss	blocking	S2-869136151		4	India	United Products Private Limited	UNlTED PRIVATE LIMITED (CENTER)	West Bengal, Howrah, Waterloo Street, 2Nd Floor, 6, Kolkata	HN 284 6, WATERLOO STREET, 2ND FLOOR, HOWRAH, KOLKATA, West Bengal
S1-307975591	0.0	miss	blocking	S3-13535645		4	India	United Products Private Limited	ইউনাইটেড প্রোডাক্টস Private Limited	West Bengal, Howrah, Waterloo Street, 2Nd Floor, 6, Kolkata	5, Kolkata, Howrah, WB
S1-307975591	0.0	miss	blocking	S3-216800175		4	India	United Products Private Limited	ইউনাইটেড প্রোডাক্টস প্রাইভেট লিমিটেড	West Bengal, Howrah, Waterloo Street, 2Nd Floor, 6, Kolkata	5, Kolkata, Howrah, পশ্চিমবঙ্গ
S1-307975591	0.0	miss	blocking	S3-489389216		4	India	United Products Private Limited	ইউনাইটেড প্রোডাক্টস প্রাইভেট লিমিটেড	West Bengal, Howrah, Waterloo Street, 2Nd Floor, 6, Kolkata	5, Kolkata, Howrah, WB
S1-307988061	0.0	miss	blocking	S2-380031016		3	India	Fortune Infrastructure Pvt Ltd	फॉर्च्यून इंफ्रास्ट्रक्चर प्रा. लि.	Bharatpur, Teh-Bayana, Bharatpur, Village- Nagla Khushali Ram, Rajasthan	VILLAGE- NAGLA KHUSHALI RAM, TEH-BAYANA, BHARATPUR, Rajasthan
S1-307988061	0.0	miss	blocking	S2-620856575		3	India	Fortune Infrastructure Pvt Ltd	फॉर्च्यून इंफ्रास्ट्रक्चर प्रा. लि.	Bharatpur, Teh-Bayana, Bharatpur, Village- Nagla Khushali Ram, Rajasthan	BHARATPUR, Rajasthan, BHARATPUR, VILLAGE- NAGLA KHUSHALI RAM
S1-307988061	0.0	miss	blocking	S3-951153723		3	India	Fortune Infrastructure Pvt Ltd	fortuneinfrastructure.com	Bharatpur, Teh-Bayana, Bharatpur, Village- Nagla Khushali Ram, Rajasthan	Village- Nagla Khushali Ram, Teh-bayana, Bharatpur, RJ
S1-309189456	0.0	miss	blocking	S2-62098190		2	India	One Business Private Limited	વન બિઝનેસ પ્રાઇવેટ લિમિટેડ	Divyajivan Society, Sanala Road, Nr. Om Park, Morbi, Rajkot, Gujarat	DIVYAJIVAN SOCIETY, MORBI, RAJKOT, ગુજરાત
S1-309189456	0.0	miss	blocking	S3-166264509		2	India	One Business Private Limited	privateonebusiness.com	Divyajivan Society, Sanala Road, Nr. Om Park, Morbi, Rajkot, Gujarat	Divyajivan Society, Morbi, Rajkot, GJ
S1-310273820	0.0	miss	model	S2-11483769	0.2312	2	US	Meridian Inc	*** Meridian	3041 Salem Church Road, Sneads, FL	3060 SALEM CHURCH RD, SNEADS, FL
S1-310273820	0.0	miss	blocking	S3-526732023		2	US	Meridian Inc	Merian Inc	3041 Salem Church Road, Sneads, FL	3033 Salem Church Rd, Sneads, Florida
S1-315453604	0.0	miss	blocking	S2-40506324		2	India	Royal Software Private Limited	রয়্যাল সফটওয়্যার প্রাইভেট লিমিটেড	4A, Council House Street 1St Floor, Mms Chambers, Room No-B-1, Kolkata, Kolkata, Howrah, West Bengal	A-4A, HOWRAH, CALCUTTA, পশ্চিমবঙ্গ
S1-315453604	0.0	miss	blocking	S3-227524669		2	India	Royal Software Private Limited	রয়্যাল সফটওয়্যার প্রাইভেট লিমিটেড	4A, Council House Street 1St Floor, Mms Chambers, Room No-B-1, Kolkata, Kolkata, Howrah, West Bengal	4A, Council House Street 1St Floor, Mms Chambers, Room No-b-1, Kolkata, Kolkata, Howrah, পশ্চিমবঙ্গ
S1-316114782	0.0	miss	model	S2-489680231	0.0194	4	US	Santoyo, Barch & Gibbons L.L.C.	Santoyo, Barch & Gibbons	601 Hull Road, Selah, WA	600 HULL RD, SELAH, WA
S1-316114782	0.0	miss	model	S2-520016985	0.5254	4	US	Santoyo, Barch & Gibbons L.L.C.	SANTOYO BARCH GIBBONS L.L.C. SERVICES	601 Hull Road, Selah, WA	SELAH, 600 Hull Road, WA
S1-316114782	0.0	miss	blocking	S2-565489405		4	US	Santoyo, Barch & Gibbons L.L.C.	Gildtavo	601 Hull Road, Selah, WA	600 HULL ROAD, SELAH, WA
S1-316114782	0.0	miss	model	S2-723741988	0.1905	4	US	Santoyo, Barch & Gibbons L.L.C.	5antoyo, Barch & [Gibbons]	601 Hull Road, Selah, WA	600 HULL ROAD, SELAH, WA
S1-316115406	0.0	miss	blocking	S2-595759875		2	India	Anand Solutions Pvt Ltd	আনন্দ সলিউশনস প্রাইভেট লিমিটেড	C/O. Md. Daud Hosen, Vill Shaspur, Po Kamodpur, Birbhum, West Bengal	C/O. MD. DAUD HOSEN, VILL SHASPUR, PO KAMODPUR, BIRBHUM, West Bengal
S1-316115406	0.0	miss	blocking	S3-963026323		2	India	Anand Solutions Pvt Ltd	solanand.com	C/O. Md. Daud Hosen, Vill Shaspur, Po Kamodpur, Birbhum, West Bengal	C/o. Md. Daud Hosen, Vill Shaspur, Po Kamodpur, Birbhum, WB
S1-316739342	0.0	miss	blocking	S2-583425712		3	India	Classic Impex	क्लासिक इम्पेक्स	Unit No 149, First Floor, Centrum Plaza, Sector -53, Golf Course Road, Basai Road, Gurgaon, Haryana	UNIT NO 149, N/A, GURGAON, BASAI ROAD, Haryana
S1-316739342	0.0	miss	blocking	S2-782652762		3	India	Classic Impex	क्लासिक इम्पेक्स	Unit No 149, First Floor, Centrum Plaza, Sector -53, Golf Course Road, Basai Road, Gurgaon, Haryana	UNIT NO 149, N/A, BASAI ROAD, GURGAON, Haryana
S1-316739342	0.0	miss	blocking	S3-518225300		3	India	Classic Impex	क्लासिक इम्पेक्स	Unit No 149, First Floor, Centrum Plaza, Sector -53, Golf Course Road, Basai Road, Gurgaon, Haryana	Unit No 149, Basai Road, Gurgaon, HR
S1-317460091	0.0	miss	blocking	S3-411124875		2	India	Uppal Comptech Pvt Ltd	Ltd Uppal Pvt Center	Plot No.14, Phase-Ii, Ida, Cherlapally, Uppal, Hyderabad, Telangana	177, Rangareddy, Hyderabad, తెలంగాణ
S1-317460091	0.0	miss	blocking	S3-595493872		2	India	Uppal Comptech Pvt Ltd	Uppal Pvt Ltd Services	Plot No.14, Phase-Ii, Ida, Cherlapally, Uppal, Hyderabad, Telangana	177, Phase-ii, Ida, Cherlapally, Rangareddy, Hyderabad, TG
S1-318756531	0.0	miss	blocking	S2-360275914		1	India	Vrk Bpo Private Limited	Vrk Private Limited Center	Vasai, Thane, Gala No 23 And 24, Shailesh Industrial, Complex, Sativali Road, Modi Hyundai Showroom, Vasai East, Maharashtra, Ground Floor	
S1-319617803	0.0	miss	blocking	S3-483319818		1	India	South Foods Private Limited	Mr South Foods Piiadftte Limited	Delhi, P No-5, Lsc Suraj Mal Vihar, Shahdara, East Delhi, Delhi, S.No-301	
S1-321314641	0.0	miss	blocking	S3-168805300		3	India	City Technologies Pvt Ltd	ਸਿਟੀ ਟੈਕਨਾਲੋਜੀਜ਼ ਪ੍ਰਾ. ਲਿ.	C/O Saroj Kanta, Basant Pura Mohalla Nabha, Rajpura, Patiala, Punjab	C/o Saroj Kanta, Basant Pura Mohalla Nabha, Rajpura, Patiala, PB
S1-321314641	0.0	miss	blocking	S3-60169865		3	India	City Technologies Pvt Ltd	ਸਿਟੀ ਟੈਕਨਾਲੋਜੀਜ਼ ਪ੍ਰਾ. ਲਿ.	C/O Saroj Kanta, Basant Pura Mohalla Nabha, Rajpura, Patiala, Punjab	C/o Saroj Kanta, Basant Pura Mohalla Nabha, Rajpura, Patiala, ਪੰਜਾਬ
S1-321314641	0.0	miss	blocking	S3-881511049		3	India	City Technologies Pvt Ltd	ਸਿਟੀ ਟੈਕਨਾਲੋਜੀਜ਼ ਪ੍ਰਾ. ਲਿ.	C/O Saroj Kanta, Basant Pura Mohalla Nabha, Rajpura, Patiala, Punjab	C/o Saroj Kanta, Basant Pura Mohalla Nabha, Rajpura, Patiala, ਪੰਜਾਬ
S1-321794190	0.0	miss	blocking	S2-188494701		4	India	OWT Projects Private Limited	OWT Proaects Private Limited	Ground Flr, West Bengal, Siliguri, Shyam Vihar Apartment, Near Shyam Mandir, 2.5 Mile, Sevoke Roa, D By Lane, Jalpaiguri	GROUND FLR, SHYAM VIHAR APARTMENT, NEAR SHYAM MANDIR, 2.5 MILE, SEVOKE ROA, D BY LANE, SILIGURI, পশ্চিমবঙ্গ
S1-321794190	0.0	false_merge		S2-822502407	0.8319	4	India	OWT Projects Private Limited	OWT Projects Limited	Ground Flr, West Bengal, Siliguri, Shyam Vihar Apartment, Near Shyam Mandir, 2.5 Mile, Sevoke Roa, D By Lane, Jalpaiguri	DOOR NO 24 GOUND FLR, SHYAM VIHAR APARTMENT, NEAR SHYAM MANDIR, 2.5 MILE, SEVOKE ROA, D BY LANE, SILIGURI, West Bengal
S1-321794190	0.0	miss	blocking	S2-825568691		4	India	OWT Projects Private Limited	owtprojects.com	Ground Flr, West Bengal, Siliguri, Shyam Vihar Apartment, Near Shyam Mandir, 2.5 Mile, Sevoke Roa, D By Lane, Jalpaiguri	GROUND FLR, SHYAM VIHAR APARTMENT, NEAR SHYAM MANDIR, 2.5 MILE, SEVOKE ROA, D BY LANE, SILIGURI, পশ্চিমবঙ্গ
S1-321794190	0.0	miss	blocking	S3-49779783		4	India	OWT Projects Private Limited	OWT Proeces Private [Limited]	Ground Flr, West Bengal, Siliguri, Shyam Vihar Apartment, Near Shyam Mandir, 2.5 Mile, Sevoke Roa, D By Lane, Jalpaiguri	Ground Flr, Shyam Vihar Apartment, Near Shyam Mandir, 2.5 Mile, Sevoke Roa, D By Lane, Jalpaiguri, WB
S1-321794190	0.0	miss	blocking	S3-570208304		4	India	OWT Projects Private Limited	#Owtprojects	Ground Flr, West Bengal, Siliguri, Shyam Vihar Apartment, Near Shyam Mandir, 2.5 Mile, Sevoke Roa, D By Lane, Jalpaiguri	Ground Flr, Shyam Vihar Apartment, Near Shyam Mandir, 2.5 Mile, Sevoke Roa, D By Lane, Jalpaiguri, WB
S1-321871901	0.0	miss	blocking	S2-367920066		2	India	Jain Infrastructure Private Limited	ജൈൻ ഇൻഫ്രാസ്ട്രക്ചർ പ്രൈവറ്റ് ലിമിറ്റഡ്	Aramaia International Residential School Thonichal, Nallornade P.O., Mananthawady, Wayanad, Kerala	ARAAMIA INTERNATIONAL RESIDENTIAL SCHOOL THONICHAL, MANANTHAWADY, WAYANAD, കേരളം
S1-321871901	0.0	miss	blocking	S3-277182897		2	India	Jain Infrastructure Private Limited	ജൈൻ ഇൻഫ്രാസ്ട്രക്ചർ പ്രൈവറ്റ് ലിമിറ്റഡ്	Aramaia International Residential School Thonichal, Nallornade P.O., Mananthawady, Wayanad, Kerala	Mananthawady, Wayanad, Keralam, Aramaia International Residential School Thonichal
S1-324168063	0.0	miss	model	S2-520488191	0.6207	2	India	TVR Consultancy Corporation	TVR CAONSLTANY CORPORATION	No.1/2, Chengalpattu Uzhavar Santhai Travellors Bangla Road, Chengalpattu, Kancheepuram, Tamil Nadu	DOOR NO 1/2 , CHENGALPATTU UZHAVAR SANTHAI TRAVELLORS BANGLA ROAD, CHENGALPATTU, Tamil Nadu
S1-324168063	0.0	miss	blocking	S3-350876777		2	India	TVR Consultancy Corporation	#tvrconsultancy	No.1/2, Chengalpattu Uzhavar Santhai Travellors Bangla Road, Chengalpattu, Kancheepuram, Tamil Nadu	H.no 1/2, Chengalpattu, Kancheepuram, TN
S1-324758100	0.0	miss	model	S2-870928250	0.033	2	US	Metropolitan Agriculture LLC	SERVICES METROPOLITAN LLC	134 47th Street, Tulsa, OK	141 47TH ST, TULSA, OK
S1-324758100	0.0	miss	model	S3-663426430	0.2811	2	US	Metropolitan Agriculture LLC	Metropolitan LLC Services	134 47th Street, Tulsa, OK	##128 47th St, Tulsa, Oklahoma
S1-325320290	0.0	miss	blocking	S2-901206654		1	India	International Producer Pvt Ltd	इंटरनेशनल प्रोड्यूसर प्रा. लि.	C/O- Mr. Kashyap Kishor, 203 Mahendrapur, Ranipatra, Purnia, Purnia, Bihar	C/O- MR. KASHYAP KISOHR, PURNIA, Bihar
S1-325647540	0.0	miss	blocking	S3-396654947		1	US	Eye Specialists Inc.	Eye Spcialitas Inc.	112 Ashberry Drive, Bardstown, KY	Ashberry Drive, Bardstown, Kentucky
S1-327104022	0.0	miss	blocking	S2-715024344		2	India	Byte & Partners	Smt BYTE & CENTER	Kolkata, Howrah, Flat 4F, West Bengal, 501 Rabindra Sarani	5-01 RABINDRA SARANI, FLAT 4F, KOLKATA, West Bengal
S1-327104022	0.0	miss	blocking	S3-383551203		2	India	Byte & Partners	Byte & Parhngers	Kolkata, Howrah, Flat 4F, West Bengal, 501 Rabindra Sarani	Door No 50 Rabnidra Sarani, Flat 4F, Kolkata, Howrah, WB
S1-328560452	0.0	miss	blocking	S2-409964023		1	India	Creative Properties Private Limited	क्रिएटिव प्रॉपर्टीज प्राइवेट लिमिटेड	1St Floor, Plot No. A-28, Sector-136, Noida, Gautam Buddha Nagar, Uttar Pradesh	FLOOR, GAUTAM BUDDHA NAGAR, उत्तर प्रदेश
S1-329289086	0.0	false_merge		S2-624513596	0.9588	0	India	Eastern Constructions Limited	Eastern Constructions Private Limited	69-31-04, Gandhipuram-4, Lalacheruvu, Rajahmundry (Urban), East Godavari, Andhra Pradesh	DOOR NO A-555 69-31-17, GANDHIPURAM-4, LALACHERUVU, RAJAHMUNDRY (URBAN), Andhra Pradesh
S1-330946725	0.0	miss	blocking	S2-870214183		1	India	Star It Private Limited	സ്റ്റാർ ഐടി പ്രൈവറ്റ് ലിമിറ്റഡ്	Vadayarikil Vaikom West, Vaikom, Kottayam, Kerala	VADAYARIKIL VAIKOM WEST, KOTTAYAM, VAIKOM, Keralam
S1-332215583	0.0	miss	blocking	S2-495276790		8	India	Royal Consultancy Pvt Ltd	रॉयल कंसल्टेंसी प्रा. लि.	Indore, 20-B, Madhya Pradesh, Builders Colony, Gsti Road	22-B, INDORE, Madhya Pradesh
S1-332215583	0.0	miss	model	S2-544674279	0.0527	8	India	Royal Consultancy Pvt Ltd	Royal Consultancy Pvt	Indore, 20-B, Madhya Pradesh, Builders Colony, Gsti Road	22-B, BUILDERS COLONY, GSTI ROAD, INDORE, Madhya Pradesh
S1-332215583	0.0	miss	blocking	S2-752827754		8	India	Royal Consultancy Pvt Ltd	Dr Yumavio	Indore, 20-B, Madhya Pradesh, Builders Colony, Gsti Road	22-B, BUILDERS COLONY, GSTI ROAD, INDORE, Madhya Pradesh
S1-332215583	0.0	miss	blocking	S3-146739467		8	India	Royal Consultancy Pvt Ltd	रॉयल कंसल्टेंसी प्रा. लि.	Indore, 20-B, Madhya Pradesh, Builders Colony, Gsti Road	20-B, Indore, MP
S1-332215583	0.0	miss	blocking	S3-41839086		8	India	Royal Consultancy Pvt Ltd	रॉयल कंसल्टेंसी प्रा. लि.	Indore, 20-B, Madhya Pradesh, Builders Colony, Gsti Road	20-B, Indore, MP
S1-332215583	0.0	miss	blocking	S3-706261493		8	India	Royal Consultancy Pvt Ltd	रॉयल कंसल्टेंसी प्रा. लि.	Indore, 20-B, Madhya Pradesh, Builders Colony, Gsti Road	20-B, Indore, मध्य प्रदेश
S1-332215583	0.0	miss	blocking	S3-932758181		8	India	Royal Consultancy Pvt Ltd	रॉयल कंसल्टेंसी प्रा. लि.	Indore, 20-B, Madhya Pradesh, Builders Colony, Gsti Road	20-B, Indore, MP
S1-332215583	0.0	miss	blocking	S3-975475622		8	India	Royal Consultancy Pvt Ltd	royalconsultancy.com	Indore, 20-B, Madhya Pradesh, Builders Colony, Gsti Road	20-B, Indore, मध्य प्रदेश
S1-332533031	0.0	miss	blocking	S2-565246906		3	India	Future Software Private Limited	फ्यूचर सॉफ्टवेयर प्राइवेट लिमिटेड	D-16/127-128, Second Floor, Sector 3, Rohini, Delhi, North West Delhi	D-16/127-128, DELHI, NORTH WEST DELHI, Delhi
S1-332533031	0.0	miss	blocking	S2-749610957		3	India	Future Software Private Limited	फ्यूचर सॉफ्टवेयर प्राइवेट लिमिटेड	D-16/127-128, Second Floor, Sector 3, Rohini, Delhi, North West Delhi	D-16/127-128, DELHI, NORTH WEST DELHI, Delhi
S1-332533031	0.0	miss	blocking	S3-215678874		3	India	Future Software Private Limited	फ्यूचर सॉफ्टवेयर प्राइवेट लिमिटेड	D-16/127-128, Second Floor, Sector 3, Rohini, Delhi, North West Delhi	H.no 195 D-16/127-128, Second Floor, Sector 3, Rohini, North West Delhi, Delhi, दिल्ली
S1-333673686	0.0	miss	blocking	S2-111278823		5	India	Tech Media Pvt Ltd	ടെക് മീഡിയ പ്രൈവറ്റ് ലിമിറ്റഡ്	Anu Bhavan, Omalloor, Pathanamthitta, Kerala	ANU BHAVAN, OMALLOOR, PATHANAMTHITTA, Kerala
S1-333673686	0.0	miss	blocking	S2-233904494		5	India	Tech Media Pvt Ltd	ടെക് മീഡിയ പ്രൈവറ്റ് ലിമിറ്റഡ്	Anu Bhavan, Omalloor, Pathanamthitta, Kerala	ANU BHAVAN, PATHANAMTHITTA, Kerala
S1-333673686	0.0	miss	blocking	S2-296406131		5	India	Tech Media Pvt Ltd	ടെക് മീഡിയ പ്രൈവറ്റ് ലിമിറ്റഡ്	Anu Bhavan, Omalloor, Pathanamthitta, Kerala	ANU BHAVAN, OMALLOOR, PATHANAMTHITTA, കേരളം
S1-333673686	0.0	miss	blocking	S2-93654470		5	India	Tech Media Pvt Ltd	ടെക് മീഡിയ പ്രൈവറ്റ് ലിമിറ്റഡ്	Anu Bhavan, Omalloor, Pathanamthitta, Kerala	ANU BHAVAN, OMALLOOR, PATHANAMTHITTA, കേരളം
S1-333673686	0.0	miss	blocking	S3-732329038		5	India	Tech Media Pvt Ltd	Tech-Media Pvt Ltd (ID: 48700)	Anu Bhavan, Omalloor, Pathanamthitta, Kerala	Anu Bhavan, Omalloor, Divreportingcircle, KL
S1-338361266	0.0	miss	blocking	S2-919110914		1	India	Aditya Ventures Private Limited	আদিত্য ভেঞ্চারস প্রাইভেট লিমিটেড	C/O Sukumar Ghosh Sadhan Para Ghosh Para Po-Bahirgachhi Nadia West Bengal, Nadia, West Bengal	C/O SUKUMAR GHOSH SADHAN PARA GHOSH PARA PO-BAHIRGACHHI NADIA WEST BENGAL, NADIA, পশ্চিমবঙ্গ
S1-339216188	0.0	miss	blocking	S2-469044368		4	India	Digital It Private Limited	डिजिटल आईटी प्राइवेट लिमिटेड	B-76, Sector-14, Noida, Gautam Buddha Nagar, Uttar Pradesh	B-76, SECTOR-14, MUMBAI, GAUTAM BUDDHA NAGAR, Uttar Pradesh
S1-339216188	0.0	miss	blocking	S3-298895762		4	India	Digital It Private Limited	डिजिटल आईटी प्राइवेट लिमिटेड	B-76, Sector-14, Noida, Gautam Buddha Nagar, Uttar Pradesh	B-76, Gautam Buddha Nagar, UP
S1-339216188	0.0	miss	blocking	S3-326101160		4	India	Digital It Private Limited	Digital It Limited Center	B-76, Sector-14, Noida, Gautam Buddha Nagar, Uttar Pradesh	B-76, Noida, UP
S1-339216188	0.0	miss	blocking	S3-535553837		4	India	Digital It Private Limited	DI	B-76, Sector-14, Noida, Gautam Buddha Nagar, Uttar Pradesh	B-76, Sector-14, Noida, Gautam Buddha Nagar, Uttar Pradesh
S1-33957411	0.0	miss	blocking	S3-141237591		1	US	Ryan and Root Inc	Novivio	7620 Amanda Lane, Midlothian, TX	Midlothian, Amanda Ln, Texas
S1-342378118	0.0	miss	blocking	S2-54926835		4	India	Sun Technology Private Limited	సన్ టెక్నాలజీ ప్రైవేట్ లిమిటెడ్	Plot No.319, Samatha Nagar, Sainathpuram, Ecil Post, Hyderabad, Rangareddy, Telangana	#19, HYDERABAD, Telangana
S1-342378118	0.0	miss	blocking	S2-920508840		4	India	Sun Technology Private Limited	Smt Sun  Private Limited Services	Plot No.319, Samatha Nagar, Sainathpuram, Ecil Post, Hyderabad, Rangareddy, Telangana	PLOT NO.19 , SAMATHA NAGAR, SAINATHPURAM, ECIL POST, HYDERABAD, Telangana
S1-342378118	0.0	miss	blocking	S2-93359885		4	India	Sun Technology Private Limited	సన్ టెక్నాలజీ ప్రైవేట్ లిమిటెడ్	Plot No.319, Samatha Nagar, Sainathpuram, Ecil Post, Hyderabad, Rangareddy, Telangana	PLOT NO.19, SAMATHA NAGAR, SAINATHPURAM, ECIL POST, HYDERABAD, తెలంగాణ
S1-342378118	0.0	miss	model	S3-272516068	0.0048	4	India	Sun Technology Private Limited	Sun Technology Private Private	Plot No.319, Samatha Nagar, Sainathpuram, Ecil Post, Hyderabad, Rangareddy, Telangana	
S1-343160444	0.0	miss	blocking	S3-219230455		1	India	Yamuiya Solutions Private Limited	Yamuiya Private Limited Center	No.7, Neelam Thottam 3Rd Street, Perambur, Chennai, Tamil Nadu	#7, Chennai City Region, Chennai, தமிழ்நாடு
S1-345472528	0.0	miss	blocking	S3-508301326		1	US	Cobalt LLC	Cobalbt  LLC	11021 Spring Street, Omaha, NE	Spring St, Omaha, Nebraska
S1-346153411	0.0	miss	blocking	S2-184155192		5	India	Shivam Technologies Private Limited	शिवम टेक्नोलॉजीज प्राइवेट लिमिटेड	B-5, Manas Apartments Mayur Vihar, Phase-1, Delhi, East Delhi, Delhi	DIVREPORTINGCIRCLE, B-5., Delhi
S1-346153411	0.0	miss	blocking	S2-834584972		5	India	Shivam Technologies Private Limited	Private Shivam Techn0logies Limited	B-5, Manas Apartments Mayur Vihar, Phase-1, Delhi, East Delhi, Delhi	B-5., DIVREPORTINGCIRCLE, Delhi
S1-346153411	0.0	miss	blocking	S3-329151192		5	India	Shivam Technologies Private Limited	शिवम टेक्नोलॉजीज प्राइवेट लिमिटेड	B-5, Manas Apartments Mayur Vihar, Phase-1, Delhi, East Delhi, Delhi	B-5/1, East Delhi, Mayur Vihar Phase One, DL
S1-346153411	0.0	miss	blocking	S3-843951507		5	India	Shivam Technologies Private Limited	शिवम टेक्नोलॉजीज प्राइवेट लिमिटेड	B-5, Manas Apartments Mayur Vihar, Phase-1, Delhi, East Delhi, Delhi	B-5/1, Delhi, Mayur Vihar Phase One, DL
S1-346153411	0.0	miss	blocking	S3-932785345		5	India	Shivam Technologies Private Limited	शिवम टेक्नोलॉजीज प्राइवेट लिमिटेड	B-5, Manas Apartments Mayur Vihar, Phase-1, Delhi, East Delhi, Delhi	B-5/1, Delhi, Mayur Vihar Phase One, DL
S1-348788638	0.0	miss	blocking	S2-1793794		5	India	Vijay Developers Private Limited	বিজয় ডেভেলপারস প্রাইভেট লিমিটেড	Room No.-201, 2Nd Floor 161, Rabindra Sarani, Kolkata, Howrah, West Bengal	ROOM NO.-01, KOLKATA, West Bengal
S1-348788638	0.0	miss	blocking	S2-441143236		5	India	Vijay Developers Private Limited	Vijay Developers Private	Room No.-201, 2Nd Floor 161, Rabindra Sarani, Kolkata, Howrah, West Bengal	
S1-348788638	0.0	miss	blocking	S2-460466474		5	India	Vijay Developers Private Limited	বিজয় ডেভেলপারস প্রাইভেট লিমিটেড	Room No.-201, 2Nd Floor 161, Rabindra Sarani, Kolkata, Howrah, West Bengal	ROOM NO.-01, HOWRAH, West Bengal
S1-348788638	0.0	miss	blocking	S2-465732074		5	India	Vijay Developers Private Limited	Vijay Developers Private  Limited	Room No.-201, 2Nd Floor 161, Rabindra Sarani, Kolkata, Howrah, West Bengal	
S1-348788638	0.0	miss	blocking	S3-686751988		5	India	Vijay Developers Private Limited	বিজয় ডেভেলপারস প্রাইভেট লিমিটেড	Room No.-201, 2Nd Floor 161, Rabindra Sarani, Kolkata, Howrah, West Bengal	Room No.-201, Howrah, Kolkata, WB
S1-349441965	0.0	miss	blocking	S2-358252994		2	India	Real Ventures	ரியல் வென்ச்சர்ஸ்	G1 Akp Apartments, Seelanaickenpatty By-Pass Junction, Behind Salem South Gate Hotel, Salem, Tamil Nadu	G2 AKP APARTMANTS, SEELANAICKENPATTY BY-PASS JUNCTION, BEHIND SALEM SOUTH GATE HOTEL, WESTERN REGION COIMBATORE, SALEM, தமிழ்நாடு
S1-349441965	0.0	miss	blocking	S2-415360444		2	India	Real Ventures	ரியல் வென்ச்சர்ஸ்	G1 Akp Apartments, Seelanaickenpatty By-Pass Junction, Behind Salem South Gate Hotel, Salem, Tamil Nadu	G2 AKP APARTMENTS, SEELANAICKENPATTY BY-PASS JUNCTION, BEHIND SALEM SOUTH GATE HOTEL, WESTERN REGION COIMBATORE, SALEM, Tamil Nadu
S1-350000433	0.0	false_merge		S2-502154988	0.7403	0	US	HB Mortgage LLC	XB Mortgage LLC	100 Kirkpatrick Lake Road, Lebanon, TN	104  KIRKPATRICK LAKE RD, LEBANON, TN
S1-352042114	0.0	false_merge		S2-653068205	0.7562	0	US	Ferrari Renewables LLC	FERRAYX RENEWABLES-(LLC)	3204 Wentworth Street, Reidsville, NC	3204 WENTWORTH ST, REIDSVILLE, NC
S1-352461928	0.0	miss	model	S2-473264054	0.4135	1	India	Bangalore South Entertainment Pvt Ltd	BANGALORE SOUTH  PVT LTD CENTER	3Rd Floor And Terrace, No. 21, 80Ft Main Road, 4Th Block, Bangalore South, Bangalore, Karnataka	23 FLOOR AND TERRACE, NO. 21, 80FT MAIN ROAD, 4TH BLOCK, BANGALORE SOUTH, Karnataka
S1-354664888	0.0	miss	model	S3-355026881	0.2723	1	India	Blue Foundation Private Limited	Blue Foundation	West Bengal, Kolkata, 19, Howrah, Canal South Road, Paridhan Garment Park, Sdf 2, Block B, 4Th Floor, Unit No- 503 & 504, Kolkata	Door No 876 19, Kolkata, Howrah, WB
S1-356295582	0.0	miss	model	S3-827173019	0.0068	1	US	Orthopedic Care Associates LLC	Arciri	2001 Breezy Point Circle, Chesterfield County, VA	2001 Brezey Point Cir, Richmond, Virginia
S1-357310008	0.0	miss	blocking	S2-318940365		3	India	Ram Foods Limited	ਰਾਮ ਫੂਡਜ਼ ਲਿਮਟਿਡ	Kothi No. 66, Sector-70, Sas Nagar (Mohali), S.A.S.Nagar (Mohali), Rupnagar, Punjab	KOTHI NO. 66, S.A.S.NAGAR (MOHALI), ਪੰਜਾਬ
S1-357310008	0.0	miss	blocking	S3-156980204		3	India	Ram Foods Limited	ਰਾਮ ਫੂਡਜ਼ ਲਿਮਟਿਡ	Kothi No. 66, Sector-70, Sas Nagar (Mohali), S.A.S.Nagar (Mohali), Rupnagar, Punjab	Kothi No. 66, Rupnagar, PB
S1-357310008	0.0	miss	blocking	S3-175454744		3	India	Ram Foods Limited	ਰਾਮ ਫੂਡਜ਼ ਲਿਮਟਿਡ	Kothi No. 66, Sector-70, Sas Nagar (Mohali), S.A.S.Nagar (Mohali), Rupnagar, Punjab	Kothi No. 66, Rupnagar, ਪੰਜਾਬ
S1-357690583	0.0	miss	model	S3-408011231	0.075	2	US	Shanahan Bright Shipping LLC	Shanahan Bright Shipping	236 East Drive, Westfield, IN	336 East Drive, NULL, Westfield, Indiana
S1-357690583	0.0	miss	blocking	S3-594048693		2	US	Shanahan Bright Shipping LLC	Vantagelum	236 East Drive, Westfield, IN	East Dr, NULL, Westfield, Indiana
S1-359287499	0.0	miss	blocking	S2-509543596		3	India	City Developers	సిటీ డెవలపర్స్	House No. 11-6-58/Nr, Plot No 3, Balanagar, Kukatpally, Tirumalagiri, Hyderabad, Telangana	HOUSE NO. 9-11-6-58/NR, HYDERABAD, Telangana
S1-359287499	0.0	miss	blocking	S3-712304385		3	India	City Developers	సిటీ డెవలపర్స్	House No. 11-6-58/Nr, Plot No 3, Balanagar, Kukatpally, Tirumalagiri, Hyderabad, Telangana	House No. 11-6-58/Nr, Mahbubnagar, Tirumalagiri, తెలంగాణ
S1-359287499	0.0	miss	blocking	S3-952458734		3	India	City Developers	City Services	House No. 11-6-58/Nr, Plot No 3, Balanagar, Kukatpally, Tirumalagiri, Hyderabad, Telangana	House No. 11-6-58/Nr, Hyderabad, TG
S1-360493999	0.0	miss	model	S2-764472069	0.6494	1	US	Grand Industrial Dynamics LLC	GRAND INDUSTRIAL DYNAMICS  LLC	Village Of Cleveland, 1101 Elm Street, WI	
S1-361734445	0.0	false_merge		S2-546465098	0.784	0	India	Vinita & Sons Pvt Ltd	Vinita & Sóns Ventures Pvt Ltd	Gat No.118/1, Dhanore, Tal-Khed Dist-Pune, Pune, Maharashtra	GAT NO.118/1, DHANORE, TAL-KHED DIST-PUNE, Maharashtra
S1-362421543	0.0	false_merge		S3-165297156	0.9735	0	US	Family Blue Clinic Inc.	Family Blue Claoic Holdings	OR, North Bend, 1465 Sherman Avenue	1465 Sherman Ave, North Bend, Oregon
S1-362421543	0.0	false_merge		S3-79931700	0.9997	0	US	Family Blue Clinic Inc.	Inc Family Blue Clinic	OR, North Bend, 1465 Sherman Avenue	1465 Sherman Ave, North Bend, Oregon
S1-364689734	0.0	miss	model	S3-56034572	0.3591	1	US	Rush Epr Inc	Rush Épr Inc	3396 Glendale Road, Carroll County, VA	
S1-370185195	0.0	miss	blocking	S2-410264293		1	India	Supreme Glass Private Limited	Supreme Private Limited Services	G-1, Adinath Chs Ltd, Castle Mill Circle, Thane, Maharashtra	
S1-370342679	0.0	miss	blocking	S2-245321829		2	India	Maa Projects Private Limited	Maa Projects Private Ltd	56, Netaji Subhas Road 2Nd Floor, Kolkata, Kolkata, Howrah, West Bengal	
S1-370342679	0.0	miss	blocking	S2-820943132		2	India	Maa Projects Private Limited	মা প্রজেক্টস প্রাইভেট লিমিটেড	56, Netaji Subhas Road 2Nd Floor, Kolkata, Kolkata, Howrah, West Bengal	56, KOLKATA, HOWRAH, West Bengal
S1-37187533	0.0	miss	blocking	S2-525273802		4	India	City Consultancy Private Limited	सिटी कंसल्टेंसी प्राइवेट लिमिटेड	9 / E / C, Railway Colony, 2Nd Floor, Santacruz (East), Mumbai, Mumbai City, Maharashtra	NO 9 / E / C, RAILWAY COLONY, 2ND FLOOR, SANTACRUZ (EAST), MUMBAI CITY, MUMBAI, Maharashtra
S1-37187533	0.0	miss	model	S3-128721714	0.5244	4	India	City Consultancy Private Limited	सिटी Consultancy प्राइवेट लिमिटेड	9 / E / C, Railway Colony, 2Nd Floor, Santacruz (East), Mumbai, Mumbai City, Maharashtra	Door No 9 / E / C, Railway Colony, 2Nd Floor, Santacruz (East), Bombay, Mumbai City, MH
S1-37187533	0.0	miss	blocking	S3-313871574		4	India	City Consultancy Private Limited	City Conituayc Private Limited	9 / E / C, Railway Colony, 2Nd Floor, Santacruz (East), Mumbai, Mumbai City, Maharashtra	H.no 9 / E / C, Mumbai City, Bombay, MH
S1-37187533	0.0	miss	blocking	S3-880862518		4	India	City Consultancy Private Limited	City	9 / E / C, Railway Colony, 2Nd Floor, Santacruz (East), Mumbai, Mumbai City, Maharashtra	Mumbai, Maharashtra, Railway Colony, 2Nd Floor, Santacruz (East), 9 / E / C, Mumbai City
S1-373117904	0.0	miss	model	S3-685754601	0.0628	1	US	Oncology Health	Oncology  Health	2521 Squire Place, Farmers Branch, TX	2534 Sqire Pl, Dallas, Texas
S1-373618073	0.0	miss	blocking	S2-604473367		4	India	One Consultancy Pvt Ltd	One कंसल्टेंसी Pvt Ltd	C/O Yadvinder Singh Village Dayal Garh, P.O. Buria, Jagadhri, Yamuna Nagar, Haryana	C/O YADVINDER SINGH VILLAGE DAYAL GARH, P.O. BURIA, JAGADHRI, Haryana
S1-373618073	0.0	miss	blocking	S2-875440123		4	India	One Consultancy Pvt Ltd	वन कंसल्टेंसी प्रा. लि.	C/O Yadvinder Singh Village Dayal Garh, P.O. Buria, Jagadhri, Yamuna Nagar, Haryana	C/O YADVINDER SINGH VILLAGE DAYAL GARH, P.O. BURIA, YAMUNA NAGAR, JAGADHRI, Haryana
S1-373618073	0.0	miss	blocking	S2-979513136		4	India	One Consultancy Pvt Ltd	वन कंसल्टेंसी प्रा. लि.	C/O Yadvinder Singh Village Dayal Garh, P.O. Buria, Jagadhri, Yamuna Nagar, Haryana	C/O YADVINDER SINGH VILLAGE DAYAL GARH, P.O. BURIA, JAGADHRI, YAMUNA NAGAR, Haryana
S1-373618073	0.0	miss	blocking	S3-203302652		4	India	One Consultancy Pvt Ltd	One Consu1tancy  Pvt Ltd	C/O Yadvinder Singh Village Dayal Garh, P.O. Buria, Jagadhri, Yamuna Nagar, Haryana	#837 C/o Yadvinder Singh Village Dayal Garh, P.o. Buria, Jagadhri, Yamuna Nagar, हरियाणा
S1-373915708	0.0	miss	blocking	S3-521307807		3	India	New Technologies Private Limited	ન્યૂ ટેક્નોલોજીસ પ્રાઇવેટ લિમિટેડ	Opp Avtar Hotelisanpur, Ahmedabad, Gujarat	Opp Avtar Hotelisanpur, Ahmedabad, GJ
S1-373915708	0.0	miss	blocking	S3-524311446		3	India	New Technologies Private Limited	New Private Limited Service	Opp Avtar Hotelisanpur, Ahmedabad, Gujarat	Ahmedabad, GJ, Opp Avtar Hotelisanpur
S1-373915708	0.0	miss	blocking	S3-56215610		3	India	New Technologies Private Limited	New Tiachonloies Private Limited	Opp Avtar Hotelisanpur, Ahmedabad, Gujarat	Ahmedabad, GJ, Opp Avtar Hotelisanpur
S1-375691722	0.0	miss	blocking	S2-803980971		3	India	Star Engineering	स्टार इंजीनियरिंग	Zal Complex, Opp. S.F.S School, Residency Road, Sadar, Maharashtra, Nagpur, 5 & 6	#5 & 6, ZAL COMPLEX, OPP. S.F.S SCHOOL, RESIDENCY ROAD, SADAR, NAGPUR, Maharashtra
S1-375691722	0.0	miss	blocking	S3-74963483		3	India	Star Engineering	Arianovi	Zal Complex, Opp. S.F.S School, Residency Road, Sadar, Maharashtra, Nagpur, 5 & 6	Zal Complex, Opp. S.F.S School, Residency Road, 5 & 6, Sadar, Maharashtra, Nagpur
S1-375691722	0.0	miss	blocking	S3-992317580		3	India	Star Engineering	स्टार इंजीनियरिंग	Zal Complex, Opp. S.F.S School, Residency Road, Sadar, Maharashtra, Nagpur, 5 & 6	Door No #5 & 6, Zal Complex, Opp. S.f.s School, Residency Road, Sadar, Nagpur, महाराष्ट्र
S1-375934013	0.0	miss	blocking	S2-116425584		3	India	Global It Private Limited	ग्लोबल आईटी प्राइवेट लिमिटेड	Shop No. 2, Ground Floor, F-10, Shriram Kunj Soc., Dwarka, Nashik, Maharashtra	SHPO NO. 2/4, GROUND FLOOR, F-10, SHRIRAM KUNJ SOC., DWARKA, NASHIK, महाराष्ट्र
S1-375934013	0.0	miss	blocking	S2-686663547		3	India	Global It Private Limited	ग्लोबल आईटी प्राइवेट लिमिटेड	Shop No. 2, Ground Floor, F-10, Shriram Kunj Soc., Dwarka, Nashik, Maharashtra	DOOR NO 2/4, GROUND FLOOR, F-10, SHRIRAM KUNJ SOC., DWARKA, NASHIK, Maharashtra
S1-375934013	0.0	miss	blocking	S3-824683459		3	India	Global It Private Limited	Global It Private  Ltd	Shop No. 2, Ground Floor, F-10, Shriram Kunj Soc., Dwarka, Nashik, Maharashtra	H.no 2, Pimpalgaon Dukar, MH
S1-377169818	0.0	miss	model	S3-883616755	0.3391	1	India	Universal Marketing Private Limited	Universal Marketing Private Ltd	Unit No. 639, 6Th Floor, Tower B2, Spaze Itech Park, Sec 49, Gurgaon, Haryana, Gurgaon	Unit No. 39, Gurugram, Gurgaon, HR
S1-379277458	0.0	miss	blocking	S2-514183575		2	India	Ace Impex Private Limited	एस इम्पेक्स प्राइवेट लिमिटेड	Ground Floor Palam Village, Near Gol Chakkar, New Delhi, Wz-72, Delhi, New Delhi	WZ-72, NEW DELHI, Delhi
S1-379277458	0.0	miss	blocking	S3-548608380		2	India	Ace Impex Private Limited	एस इम्पेक्स प्राइवेट लिमिटेड	Ground Floor Palam Village, Near Gol Chakkar, New Delhi, Wz-72, Delhi, New Delhi	DL, New Delhi, Wz-72., South West Delhi
S1-380313142	0.0	miss	blocking	S3-82563312		1	India	Laxmi Developers Private Limited	Mr Laxmidevelopers.Com	Jaipur, Jaipur Maize Product Co.Near Railway Station Jaipur, Rajasthan, Jaipur	Jaipur Maize Product Co.near Railway Station Jaipur, Jaipur, RJ
S1-382645513	0.0	miss	blocking	S2-635309508		5	India	Eastern Solutions Pvt Ltd	ईस्टर्न सॉल्यूशंस प्रा. लि.	H M M Society, Plot No- 6 Dwarka, Sector-10, 11, Delhi, South West Delhi, Delhi	11, DELHI, SOUTH WEST DELHI, Delhi
S1-382645513	0.0	miss	blocking	S2-800922530		5	India	Eastern Solutions Pvt Ltd	ईस्टर्न सॉल्यूशंस प्रा. लि.	H M M Society, Plot No- 6 Dwarka, Sector-10, 11, Delhi, South West Delhi, Delhi	11, H M M SOCIETY, PLOT NO- 6 DWARKA, SECTOR-10, SOUTH WEST DELHI, DELHI
S1-382645513	0.0	miss	blocking	S3-158810419		5	India	Eastern Solutions Pvt Ltd	ईस्टर्न सॉल्यूशंस प्रा. लि.	H M M Society, Plot No- 6 Dwarka, Sector-10, 11, Delhi, South West Delhi, Delhi	011, Delhi, Delhi Dwarka Sector Nineteen, दिल्ली
S1-382645513	0.0	miss	blocking	S3-23323366		5	India	Eastern Solutions Pvt Ltd	ईस्टर्न सॉल्यूशंस प्रा. लि.	H M M Society, Plot No- 6 Dwarka, Sector-10, 11, Delhi, South West Delhi, Delhi	011, Delhi, Delhi Dwarka Sector Nineteen, DL
S1-382645513	0.0	miss	blocking	S3-846465413		5	India	Eastern Solutions Pvt Ltd	ईस्टर्न सॉल्यूशंस प्रा. लि.	H M M Society, Plot No- 6 Dwarka, Sector-10, 11, Delhi, South West Delhi, Delhi	011, Delhi, Delhi Dwarka Sector Nineteen, DL
S1-382983637	0.0	miss	blocking	S3-937471447		1	US	Office of Aging	officeaging.com	8417 Silver Street, Cheney, WA	Washington, Silver Street, Cheney
S1-384267212	0.0	miss	blocking	S3-960200887		1	India	Sunrise Constructions Private Limited	સનરાઇઝ કન્સ્ટ્રક્શન્સ પ્રાઇવેટ લિમિટેડ	Hemarcade, 3Rdfloor, Patelhardwares, Officeno.307, Dr.Yag, Nik Road., Rajkot, Gujarat	Plot 558 Hemarcade, Rajkot, GJ
S1-384507122	0.0	miss	model	S2-853486637	0.1838	1	India	Surya International Private Limited	സൂര്യ ഇന്റർനാഷണൽ പ്രൈവറ്റ് ലിമിറ്റഡ്	2Nd Floor, Door No:19/124W K M Arcade Opp Nss College, Puthiyapalam, Kozhikode, Kerala	DOOR NO 4ND FLOOR, DOOR NO:19/124W K M ARCADE OPP NSS COLLEGE, PUTHIYAPALAM, KOZHIKODE, Kerala
S1-384566742	0.0	miss	blocking	S3-163915550		1	India	Balaji India Limited	Balaji Ina-Limited	Flat No Gd Sankalp Sapphire Apartments 5Th Main, Vontikoppal, Mysore, Karnataka	
S1-387137605	0.0	miss	blocking	S2-902592926		2	India	XR Retail Corporation	XR Corporation Services	Emergency Polyclinic, Juran Chapra Main Road, (Dr. Rangila Singh Gali)Po-Hpo, Muzzaffarpur, Muzaffarpur, Bihar	EMERGENCY POLYCLINIC, JURAN CHAPRA MAIN ROAD, (DR. RANGILA SINGH GALI)PO-HPO, MUZZAFFARPUR, बिहार
S1-387137605	0.0	miss	blocking	S3-69702907		2	India	XR Retail Corporation	Services XR Corporation	Emergency Polyclinic, Juran Chapra Main Road, (Dr. Rangila Singh Gali)Po-Hpo, Muzzaffarpur, Muzaffarpur, Bihar	Emergency Polyclinic, Muzzaffarpur, BR
S1-3882873	0.0	miss	blocking	S2-294018094		1	India	Digital Engineering LLP	ಡಿಜಿಟಲ್ ಇಂಜಿನಿಯರಿಂಗ್ ಎಲ್ಎಲ್‌ಪಿ	No.44, 9Th Cross, Viajaya Bank Colony, Bangalore North, Bangalore, Karnataka	NO.##44, BANGALORE NORTH, Karnataka
S1-389160894	0.0	miss	blocking	S2-953905755		2	India	Great Infrastructure Limited	ग्रेट इंफ्रास्ट्रक्चर लिमिटेड	Plot No-26, 1St Floor, Block-C, Lawrance Road Industrial Area, Keshavpuram Ind. Area, New Delhi, North West, Delhi	PLOT NO-26, NEW DELHI, NORTH WEST, Delhi
S1-389160894	0.0	miss	blocking	S3-137060188		2	India	Great Infrastructure Limited	Center Great Limited	Plot No-26, 1St Floor, Block-C, Lawrance Road Industrial Area, Keshavpuram Ind. Area, New Delhi, North West, Delhi	Plot No-#26, New Delhi, दिल्ली
S1-389371957	0.0	miss	model	S2-406932515	0.6736	3	India	East Infotech Private Limited	ইস্ট ইনফোটেক প্রাইভেট লিমিটেড	C/O Manish Mondal Uttarayan Pally, Sonarpur, Parganas South, West Bengal	C/O MANISH MONDAL UTTARAYAN PALLY, SOUTH 24 PARGANAS, PARGANAS SOUTH, West Bengal
S1-389371957	0.0	miss	blocking	S3-49054195		3	India	East Infotech Private Limited	eastinfotech.com	C/O Manish Mondal Uttarayan Pally, Sonarpur, Parganas South, West Bengal	C/o Manish Mondal Uttarayan Pally, Parganas South, Sonarpur, WB
S1-389371957	0.0	miss	blocking	S3-975200412		3	India	East Infotech Private Limited	EI	C/O Manish Mondal Uttarayan Pally, Sonarpur, Parganas South, West Bengal	C/O Manish Mondal Uttarayan Pally, Sonarpur, Parganas South, West Bengal
S1-39128637	0.0	miss	model	S2-269611528	0.5576	3	US	V 5 Rapid Systems LLC	V 5 Rpid Systems LLC	1414 Tulsa Street, Gilbert, AZ	1415 TULSA SAINT, GLBERT, AZ
S1-39128637	0.0	miss	model	S2-993046049	0.3253	3	US	V 5 Rapid Systems LLC	V V 5 Rápid Systems (LLC)	1414 Tulsa Street, Gilbert, AZ	1415 TULSA ST, GLBERT, AZ
S1-39128637	0.0	miss	model	S3-488569378	0.6396	3	US	V 5 Rapid Systems LLC	L.L.C. V 5 Rapid Systems	1414 Tulsa Street, Gilbert, AZ	1414. Tulsa Street, Gilbert, Arizona
S1-391810090	0.0	miss	blocking	S3-393192088		1	US	Behavioral Health Specialists LLC	Behavioral Hegls Specialists LLC	5 Saint Paul Street, Unit 2, Salem, MA	Saint Paul Street, Salem, Massachusetts
S1-393477288	0.0	miss	blocking	S2-953774285		4	India	East Trading LLP	ইস্ট ট্রেডিং এলএলপি	Panskura, P.O- Panskura Purba Medinipur, Hatishal Keshapath, West Bengal	HATISHAL KESHAPATH, PANSKURA, P.O- PANSKURA PURBA MEDINIPUR, West Bengal
S1-393477288	0.0	miss	blocking	S3-310713154		4	India	East Trading LLP	East LLP Center	Panskura, P.O- Panskura Purba Medinipur, Hatishal Keshapath, West Bengal	Hatishal Keshapath, Panskura, P.o- Panskura Purba Medinipur, WB
S1-393477288	0.0	miss	blocking	S3-339321839		4	India	East Trading LLP	LLP East Trcdoig	Panskura, P.O- Panskura Purba Medinipur, Hatishal Keshapath, West Bengal	Hatishal Keshapath, P.o- Panskura Purba Medinipur, Panskura, পশ্চিমবঙ্গ
S1-393477288	0.0	miss	blocking	S3-848350545		4	India	East Trading LLP	ইস্ট ট্রেডিং এলএলপি	Panskura, P.O- Panskura Purba Medinipur, Hatishal Keshapath, West Bengal	P.o- Panskura Purba Medinipur, Panskura, Hatishal Keshapath, WB
S1-395292100	0.0	miss	blocking	S2-712639534		2	US	Tri-State Home Improvements Inc	tristatehomeimprovements.com	1857 3rd Place, Birmingham, AL	857 THIRD PLACE, BIRMINGHAM, AL
S1-395292100	0.0	miss	model	S3-253347651	0.5013	2	US	Tri-State Home Improvements Inc	Tri-State Home Improvements (Inc)	1857 3rd Place, Birmingham, AL	
S1-395476754	0.0	miss	model	S2-394167521	0.1687	1	US	Hopson Cross	Hopson Cross	50 Willis Street, Unit 28, Boston, MA	
S1-397096070	0.0	miss	model	S3-392773379	0.6526	1	India	Prime Ventures Pvt Ltd	प्राइम वेंचर्स प्रा. लि.	Flat No. 803 Building No. 2, Azad Nagar Satyam Chs Ltd, Cts No. 821 Plot No 133 (Pt), Andhe, Ri West, Mumbai, Mumbai City, Maharashtra	No 700 Building No. 2, Azad Nagar Satyam Chs Ltd, Cts No. 821 Plot No 133 (Pt), Andhe, Ri West, Mumbai, Mumbai City, MH
S1-397660886	0.0	false_merge		S2-182340706	0.999	0	India	Hariom Industries Group	Hariom Industries  Group	C/O Raghuvir Singh, Kushalpura, Nimkathana, Sikar, Rajasthan	NO ##11 C/O RAGHUVIR SINGH, KUSHALPURA, NIMKATHANA, Rajasthan
S1-398653421	0.0	miss	model	S3-557708019	0.0622	1	India	Dct Trading LLP	Dct Trdng LLP	Ground Floor, 53, Shyama Prasad Mukherjee Road, Kolkata, Kolkata, Howrah, West Bengal	
S1-399382337	0.0	miss	model	S2-490075562	0.1683	2	India	Sun Infotech Private Limited	सन इंफोटेक प्राइवेट लिमिटेड	Fl No A/202, Kakade City, Sno 16/16/19/5 Hingane, Karvenagar, Pune, Maharashtra	FL NO A/02, PUNE, Maharashtra
S1-399382337	0.0	miss	blocking	S3-930462280		2	India	Sun Infotech Private Limited	Sun Infotech प्राइवेट लिमिटेड	Fl No A/202, Kakade City, Sno 16/16/19/5 Hingane, Karvenagar, Pune, Maharashtra	Block E-545 Fl No A/202, Poona, Pune, महाराष्ट्र
S1-399603862	0.0	miss	blocking	S2-232150038		2	India	Ram Exports Private Limited	राम एक्सपोर्ट्स प्राइवेट लिमिटेड	Prabhat Nagar, Majid Tola, Bhagwanpur, Muzaffarpur, Bihar	PRABHAT NAGAR, MUZAFFARPUR, Bihar
S1-399603862	0.0	miss	blocking	S3-203846831		2	India	Ram Exports Private Limited	राम एक्सपोर्ट्स प्राइवेट लिमिटेड	Prabhat Nagar, Majid Tola, Bhagwanpur, Muzaffarpur, Bihar	Prabhat Nagar, Majid Tola, Bhagwanpur, Muzaffarpur, BR
S1-401079927	0.0	miss	blocking	S2-90957716		2	India	Modern Technologies Private Limited	मॉडर्न टेक्नोलॉजीज प्राइवेट लिमिटेड	North West Delhi, E-890 Saraswati Vihar, Delhi, First Floor	E-90 SARASWATI VIHAR, DELHI, NORTH WEST DELHI, Delhi
S1-401079927	0.0	miss	blocking	S3-556011455		2	India	Modern Technologies Private Limited	M0dern Technologies Private (Limited)	North West Delhi, E-890 Saraswati Vihar, Delhi, First Floor	E-89 Saraswati Vihar, First Floor, North West Delhi, Delhi, दिल्ली
S1-402648898	0.0	miss	blocking	S3-160444641		2	India	Ajay Service Limited	Ajay Limited Center	Sh15Kinjallavistachsltd, Poonamsagarcomplexmirarde, Thane, Maharashtra	
S1-402648898	0.0	miss	blocking	S3-905400536		2	India	Ajay Service Limited	Ajay  5ervice Ltd	Sh15Kinjallavistachsltd, Poonamsagarcomplexmirarde, Thane, Maharashtra	Shd/15kinjallavistachsltd, Mira-bhayandar, MH, Thane
S1-4040428	0.0	miss	blocking	S2-213770387		6	India	Bright Ventures Private Limited	ब्राइट वेंचर्स प्राइवेट लिमिटेड	Chandshah Wali Dargah, Post Nitie Peru Baug, Vihar Lake Road, Mumbai, Maharashtra	THANE, CHANDSHAH WALI DARGAH, महाराष्ट्र, MUMBAI, POST NITIE PERU BAUG
S1-4040428	0.0	miss	blocking	S2-471197631		6	India	Bright Ventures Private Limited	ब्राइट वेंचर्स प्राइवेट लिमिटेड	Chandshah Wali Dargah, Post Nitie Peru Baug, Vihar Lake Road, Mumbai, Maharashtra	CHANDSHAH WALI DARGAH, POST NITIE PERU BAUG, THANE, MUMBAI, Maharashtra
S1-4040428	0.0	miss	blocking	S2-883605088		6	India	Bright Ventures Private Limited	ब्राइट वेंचर्स प्राइवेट लिमिटेड	Chandshah Wali Dargah, Post Nitie Peru Baug, Vihar Lake Road, Mumbai, Maharashtra	CHANDSHAH WALI DARGAH, THANE, MUMBAI, Maharashtra
S1-4040428	0.0	miss	blocking	S2-97869168		6	India	Bright Ventures Private Limited	ब्राइट वेंचर्स प्राइवेट लिमिटेड	Chandshah Wali Dargah, Post Nitie Peru Baug, Vihar Lake Road, Mumbai, Maharashtra	CHANDSHAH WALI DARGAH, POST NITIE PERU BAUG, THANE, MUMBAI, महाराष्ट्र
S1-4040428	0.0	miss	model	S3-695626642	0.4729	6	India	Bright Ventures Private Limited	Bright Ventures (Private)	Chandshah Wali Dargah, Post Nitie Peru Baug, Vihar Lake Road, Mumbai, Maharashtra	No. 935 Chandshah Wali Dargah, Post Nitie Peru Baug, Vihar Lake Road, Mumbai, MH
S1-4040428	0.0	miss	model	S3-990580796	0.0502	6	India	Bright Ventures Private Limited	Shri Bright Ventures Limited Partners	Chandshah Wali Dargah, Post Nitie Peru Baug, Vihar Lake Road, Mumbai, Maharashtra	MH, Post Nitie Peru Baug, No 935 Chandshah Wali Dargah, Mumbai, Vihar Lake Road
S1-406446208	0.0	miss	model	S2-269735941	0.5619	2	US	Cruz Harbor Auto LLC	Cruz Hsiro Auto  LLC	28531 Willet Circle, North Olmsted, OH	WILLET CIRCLE, PO BOX 2065, NORTH OLMSTED, OH
S1-406446208	0.0	miss	blocking	S3-479263251		2	US	Cruz Harbor Auto LLC	cruzharborauto.com	28531 Willet Circle, North Olmsted, OH	Willet Circle, North Olmsted, Ohio
S1-40717525	0.0	miss	model	S3-885002189	0.5193	2	India	Technology Guardian Manufacturing Private Limited	Technology Guardian Manufacturing Private	Maharashtra, Unicorn House, Kandivali West, Mumbai, Shreeji Vihar, Opp Mtnl, S.V. Road, Kandivali (West)	Door No 916. Unicorn House, Shreeji Vihar, Opp Mtnl, S.v. Road, Kandivali (West), Kandivali West, Mumbai, महाराष्ट्र
S1-40717525	0.0	miss	model	S3-990462856	0.5413	2	India	Technology Guardian Manufacturing Private Limited	Technology Guardian Manufacturing Private	Maharashtra, Unicorn House, Kandivali West, Mumbai, Shreeji Vihar, Opp Mtnl, S.V. Road, Kandivali (West)	#916. Unicorn House, Shreeji Vihar, Opp Mtnl, S.v. Road, Kandivali (West), Mumbai, Kandivali West, MH
S1-408242386	0.0	miss	blocking	S2-785995687		4	India	Job Trading Pvt Ltd	Mr J0b Trading Pvt Ltd	A-45/5 Dlf Phase 1, Gurgaon, Haryana	A-45/5 DLF PHASE 1, GURUGRAM, GURGAON, Haryana
S1-408242386	0.0	miss	blocking	S3-123448471		4	India	Job Trading Pvt Ltd	Mr jobtrading.com	A-45/5 Dlf Phase 1, Gurgaon, Haryana	A-45/5. Dlf Phase 1, Gurgaon, HR
S1-408242386	0.0	miss	blocking	S3-226457980		4	India	Job Trading Pvt Ltd	Shri Synnovi	A-45/5 Dlf Phase 1, Gurgaon, Haryana	A-45/5. Dlf Phase 1, Gurgaon, HR
S1-408242386	0.0	miss	blocking	S3-723057194		4	India	Job Trading Pvt Ltd	Job Traidig  Pvt Ltd	A-45/5 Dlf Phase 1, Gurgaon, Haryana	
S1-408783342	0.0	false_merge		S3-81614456	0.9783	0	India	Deepak Industries Private Limited	Deepak  Products Private Limited	Gurgaon, Haryana, House No.758A Sector 14 Gurgaon Haryana, Gurgaon	House No.758a Sector 14 Gurgaon Haryana, Gurgaon, HR
S1-408991963	0.0	miss	blocking	S2-149400900		2	US	@ Cure 4 You	@  Cure 4 You LLC	2610 Shieldale Drive, Winston-salem, NC	
S1-408991963	0.0	miss	blocking	S3-985533773		2	US	@ Cure 4 You	@ Cure	2610 Shieldale Drive, Winston-salem, NC	Shieldale Dr, North Carolina, Winston-Salem
S1-409885738	0.0	miss	blocking	S2-865613950		2	US	Ng Mitsui	NG MEI	Hampden, 20 Charles Street, ME	ME, CHARLES ST, HAMPDEN
S1-409885738	0.0	miss	model	S3-558754274	0.4722	2	US	Ng Mitsui	Ng Mitsui-Corporation - 1026784564	Hampden, 20 Charles Street, ME	18 Charles Saint, Hampden, Maine
S1-410251103	0.0	miss	blocking	S2-997875981		2	India	Sai Foods Private Limited	സായ് ഫുഡ്സ് പ്രൈവറ്റ് ലിമിറ്റഡ്	4Th Floor As Building, Ponvilla, Neyyattinkara, Thiruvananthapuram, Trivandrum, Kerala	#B3/1 FLOOR AS BUILDING, THIRUVANANTHAPURAM, Keralam
S1-410251103	0.0	miss	model	S3-672401729	0.6568	2	India	Sai Foods Private Limited	സായ് ഫുഡ്സ് പ്രൈവറ്റ് ലിമിറ്റഡ്	4Th Floor As Building, Ponvilla, Neyyattinkara, Thiruvananthapuram, Trivandrum, Kerala	Th Floor As Building, Ponvilla, Neyyattinkara, Thiruvananthapuram, Trivandrum, Keralam
S1-411738354	0.0	miss	blocking	S3-48643721		3	US	Happy Book Store LP	Happy Happy Book Sntose LP	4406 Hadstone Lane, Charlotte, NC	406 Hadstone Ln, PMB 1176, Charlotte, North Carolina
S1-411738354	0.0	miss	model	S3-589035142	0.3666	3	US	Happy Book Store LP	LLC Happy Book Store	4406 Hadstone Lane, Charlotte, NC	406 Hadstone Lane, Charlotte, North Carolina
S1-411738354	0.0	miss	blocking	S3-794754190		3	US	Happy Book Store LP	Happy Book	4406 Hadstone Lane, Charlotte, NC	406 Hadstone Ln, Charlotte, North Carolina
S1-41231643	0.0	miss	blocking	S2-854802107		3	India	Innovative Krishna Logistics Private Limited	ഇന്നൊവേറ്റീവ് കൃഷ്ണാ ലോജിസ്റ്റിക്സ് പ്രൈവറ്റ് ലിമിറ്റഡ്	Karakkad Juma Masjid, Karinkallathani, Ponnani, Malappuram, Malapuram, Kerala	KARAKKAD JUMA MASJID, KARINKALLATHANI, PONNANI, MALAPPURAM, MALAPURAM, Keralam
S1-41231643	0.0	miss	blocking	S2-955163240		3	India	Innovative Krishna Logistics Private Limited	ഇന്നൊവേറ്റീവ് കൃഷ്ണാ ലോജിസ്റ്റിക്സ് Private Limited	Karakkad Juma Masjid, Karinkallathani, Ponnani, Malappuram, Malapuram, Kerala	MALAPURAM, MALAPPURAM, Keralam, KARAKKAD JUMA MASJID, KARINKALLATHANI, PONNANI
S1-41231643	0.0	miss	blocking	S3-982263750		3	India	Innovative Krishna Logistics Private Limited	ഇന്നൊവേറ്റീവ് കൃഷ്ണാ ലോജിസ്റ്റിക്സ് പ്രൈവറ്റ് ലിമിറ്റഡ്	Karakkad Juma Masjid, Karinkallathani, Ponnani, Malappuram, Malapuram, Kerala	Keralam, Block E-361 Karakkad Juma Masjid, Malapuram, Malappuram
S1-412854120	0.0	miss	model	S2-450373132	0.3737	1	US	Superior Chemical Works LLC	The Superior Chemical Works  LLC	237 Surf Drive, New Lenox, IL	
S1-412969699	0.0	miss	blocking	S3-284875125		1	India	Star Projects Private Limited	Star Prójects Private Limited Limited	Neem Chowk, Sanwaliyaji, Near Sri Sanwariya Temple, Bhadesar, Chittorgarh, Rajasthan	
S1-413087431	0.0	miss	blocking	S2-393327043		2	India	Jain Exports Private Limited	ଜୈନ ଏକ୍ସପୋର୍ଟସ୍ ପ୍ରାଇଭେଟ୍ ଲିମିଟେଡ୍	Madhuban 4Th Lane, Puri, Orissa	MUMBAI, #745. MADHUBAN 4TH LANE, ଓଡ଼ିଶା, PURI
S1-413087431	0.0	miss	blocking	S3-949803209		2	India	Jain Exports Private Limited	ଜୈନ ଏକ୍ସପୋର୍ଟସ୍ ପ୍ରାଇଭେଟ୍ ଲିମିଟେଡ୍	Madhuban 4Th Lane, Puri, Orissa	Madhuban 4Th Lane, Puri, OD
S1-415532965	0.0	miss	blocking	S2-145190353		2	India	Fortune Finance Private Limited	फॉर्च्यून फाइनेंस प्राइवेट लिमिटेड	Ashiyana Chember Sahyogi Marg, Exhibition Road, Kadamkuan, Phulwari, Patna, Bihar	ASHIYANA CHEMBER SAHYOGI MARG, PHULWARI, PATNA, Bihar
S1-415532965	0.0	miss	blocking	S3-847811961		2	India	Fortune Finance Private Limited	फॉर्च्यून फाइनेंस प्राइवेट लिमिटेड	Ashiyana Chember Sahyogi Marg, Exhibition Road, Kadamkuan, Phulwari, Patna, Bihar	Ashiyana Chember Sahyogi Marg, Phulwari, Patna, BR
S1-417894341	0.0	miss	blocking	S2-103504592		4	India	Kk India Private Limited	KK PRIVATE LIMITED PARTNERS	Phulwari, Sri Dilip Kumar Singh, Gosai Tola Sadakat Ashram, Bihar, Patna	SRI DILIP KUMAR SINGH, GOSAI TOLA SADAGAT ASHRAM, PHULWARI, Bihar
S1-417894341	0.0	miss	blocking	S2-353275710		4	India	Kk India Private Limited	Shri Kk India  Private	Phulwari, Sri Dilip Kumar Singh, Gosai Tola Sadakat Ashram, Bihar, Patna	SRI DILIP KUMAR SINGH, GOSAI TOLA SADAKAT ASHRAM, PHULWARI, Bihar
S1-417894341	0.0	miss	blocking	S3-228839578		4	India	Kk India Private Limited	Novibrixiri	Phulwari, Sri Dilip Kumar Singh, Gosai Tola Sadakat Ashram, Bihar, Patna	Sri Dilip Kumar Singh, Gosai Tola Sadakat Ashram, Phulwari, Patna, BR
S1-417894341	0.0	miss	blocking	S3-702012574		4	India	Kk India Private Limited	Kk India Limited Center	Phulwari, Sri Dilip Kumar Singh, Gosai Tola Sadakat Ashram, Bihar, Patna	Sri Dilip Kumar Singh, Gosai Tola Sadakat Ashram, Phulwari, BR
S1-418881531	0.0	miss	model	S2-623230271	0.5271	2	India	Sk Management Corporation	Partners Sk Corporation	Gurgaon, Haryana, Arjun Nagar, Sector - 40, Booth No 101	HN 474 BOOHT NO 101, SECTOR - 40, GURGAON, ARJUN NAGAR, Haryana
S1-418881531	0.0	miss	model	S3-332446333	0.312	2	India	Sk Management Corporation	Corp 5k Mánagement	Gurgaon, Haryana, Arjun Nagar, Sector - 40, Booth No 101	HR, Sector - 40, Arjun Nagar, Booth No 100, Gurgaon
S1-418912982	0.0	miss	blocking	S2-769282835		3	US	Liva's Couture	Liva's Coiutsre	213 High Street, Loogootee, IN	
S1-418912982	0.0	miss	blocking	S2-774002620		3	US	Liva's Couture	Liva's C0uture LLC	213 High Street, Loogootee, IN	
S1-418912982	0.0	miss	model	S3-558508323	0.1596	3	US	Liva's Couture	Liva's Couture Inc	213 High Street, Loogootee, IN	
S1-418941759	0.0	miss	model	S2-412410226	0.5927	1	India	Jammu Digital Private Limited	Jammu Digital Limited Service	Kachimet, Amravatiroad, Maharashtra, Solarhouse14, Nagpur	Maharashtra, SOLARHOUSEB3/14, KACHIMET, AMRAVATIROAD, NAGPUR
S1-419823971	0.0	miss	model	S3-250766585	0.5687	1	India	Sprint Mercantile Private Limited	Limited Sprint Mercantile Services	Rabale, Maharashtra, Thane, Sector 4 Airoli, House No Ss Iii G 11	No 882 House No Ss Iii G 11, Sector 4 Airoli, Rabale, Thane, MH
S1-42278506	0.0	miss	blocking	S3-248427269		3	India	Sree Agro Private Limited	श्री एग्रो प्राइवेट लिमिटेड	S/F, Delhi, New Delhi, H No. 9, Cornar Mkt Malviya Nagar	No 9, S/f, Cornar Mkt Malviya Nagar, New Delhi, DL
S1-42278506	0.0	miss	blocking	S3-436332897		3	India	Sree Agro Private Limited	श्री एग्रो प्राइवेट लिमिटेड	S/F, Delhi, New Delhi, H No. 9, Cornar Mkt Malviya Nagar	H No. 9, S/f, Cornar Mkt Malviya Nagar, New Delhi, DL
S1-42278506	0.0	miss	blocking	S3-769055538		3	India	Sree Agro Private Limited	Sree Private Limited Partners	S/F, Delhi, New Delhi, H No. 9, Cornar Mkt Malviya Nagar	H.no 9, S/f, Cornar Mkt Malviya Nagar, New Delhi, DL
S1-424583833	0.0	miss	blocking	S3-275771919		2	India	Unique Business Limited	Smt Unique 8usiness Limited	South Extension-I, Delhi, H-23, New Delhi, Iind Floor	H-23, Iind Floor, South Delhi, South Extension-i, DL
S1-424583833	0.0	miss	blocking	S3-402031277		2	India	Unique Business Limited	यूनिक बिजनेस लिमिटेड	South Extension-I, Delhi, H-23, New Delhi, Iind Floor	H-23, South Delhi, New Delhi, DL
S1-426365183	0.0	miss	blocking	S2-547382616		3	India	Surya Management Private Limited	सूर्य मैनेजमेंट प्राइवेट लिमिटेड	E-14/7, Vasant Vihar, New Delhi, Delhi	E-14/7, SOUTH WEST DELHI, NEW DELHI, Delhi
S1-426365183	0.0	miss	blocking	S3-380070486		3	India	Surya Management Private Limited	सूर्य मैनेजमेंट प्राइवेट लिमिटेड	E-14/7, Vasant Vihar, New Delhi, Delhi	Plot 961 E-14/7, Vasant Vihar, South West Delhi, दिल्ली
S1-426365183	0.0	miss	model	S3-82482846	0.4758	3	India	Surya Management Private Limited	Limited Surya Management (Center)	E-14/7, Vasant Vihar, New Delhi, Delhi	Plot 961 E-14/7, New Delhi, South West Delhi, DL
S1-426765445	0.0	false_merge		S3-401892671	0.9867	0	India	Genuine International School	Genuine Ínternational School LLP	C-27/274-A-3-1-A, First Floor Dr. Jai Singh Building, Maldahiya, Varanasi, Uttar Pradesh	C-27/274-a-3-22-a, First Floor Dr. Jai Singh Building, Varanasi, Maldahiya, उत्तर प्रदेश
S1-427839137	0.0	miss	model	S2-782272772	0.7058	2	India	Ktp Educational Society	Ktp Educational Society Corp	Wework 10Th Flr Rmz Latitude, No 69/458/69 Bellary Rd Hebbal, Bangalore North, Bangalore, Karnataka	NO. 274 WEWORK 10TH FLR RMZ LATITUDE, NO 69/458/69 BELLARY RD HEBBAL, BANGALORE NORTH, Karnataka
S1-427839137	0.0	miss	blocking	S3-351679655		2	India	Ktp Educational Society	Sri #ktpeducational	Wework 10Th Flr Rmz Latitude, No 69/458/69 Bellary Rd Hebbal, Bangalore North, Bangalore, Karnataka	Wework 10Th- Flr Rmz Latitude, Bangalore North, Bangalore, KA
S1-428448063	0.0	miss	model	S2-906012315	0.6043	2	US	Aeriela L. Davis, DO, M.D., P.C.	AERIELA L. DAVIAS, DO, M.D., P.C. - 4307217906	144 Gould Road, Charlton, MA	128B GOULD RD, CHARLTON, MA
S1-428448063	0.0	miss	model	S3-461837116	0.7138	2	US	Aeriela L. Davis, DO, M.D., P.C.	Aeriela  L. Davis, D0, M.D., P.C.	144 Gould Road, Charlton, MA	12 Gould Rd, Charlton Toownship, Massachusetts
S1-429619773	0.0	miss	blocking	S2-540134055		1	US	Eye Care Associates of Roosevelt PC	TAVOZEPHVEO	1961 S Cove Road, Roosevelt, UT	961 SOUTH COVE ROAD, ROOSEVELT, UT
S1-43129179	0.0	miss	blocking	S2-444498240		2	India	Raj Construction Private Limited	ਰਾਜ ਕੰਸਟ੍ਰਕਸ਼ਨ ਪ੍ਰਾਈਵੇਟ ਲਿਮਟਿਡ	Chawa Road Samrala, Punjab, Samrala, Ludhiana	CHAWA ROAD SAMRAAL, LUDHIANA, Punjab
S1-43129179	0.0	miss	blocking	S3-417818917		2	India	Raj Construction Private Limited	ਰਾਜ ਕੰਸਟ੍ਰਕਸ਼ਨ ਪ੍ਰਾਈਵੇਟ ਲਿਮਟਿਡ	Chawa Road Samrala, Punjab, Samrala, Ludhiana	#398 Chawa Road Samrala, Samrala, Ludhiana, PB
S1-431317476	0.0	false_merge		S2-569406542	0.8253	0	India	Aarushi India	Aarushi Properties	Dayal Baghagra Agra, U P, Agra, Uttar Pradesh	NO 65. DAYAL BAGHAGRA AGRA, U P, Uttar Pradesh
S1-432597177	0.0	miss	blocking	S2-706550846		1	US	Premier Cloud Partners	PREMIER PARTNERS SERVICE	825 Heritage Drive, Unit 2101, Provo, UT	25 HERITAGE DR, PROVO, UT
S1-433038423	0.0	miss	model	S2-587007047	0.4153	1	US	Bondi's Farms PC	Bondi's Farms	6515 Portland Avenue, Tacoma, WA	3515 PORTLAND AVENUE, TACOMA, WA
S1-433755504	0.0	miss	model	S3-215948142	0.6449	2	India	North Impex Private Limited	North Private Limited Center	4Th Scheme 1 Icf Empl Clny Athipet, Chennai, Tamil Nadu	2-4Th Scheme 1 Icf Empl Clny Athipet, Chennai, தமிழ்நாடு
S1-433755504	0.0	miss	blocking	S3-778499908		2	India	North Impex Private Limited	North Imp Private Limited	4Th Scheme 1 Icf Empl Clny Athipet, Chennai, Tamil Nadu	
S1-434935161	0.0	miss	model	S3-124834209	0.037	1	India	Galaxy Infotech Pvt Ltd	கேலக்ஸி இன்ஃபோடெக் பிரைவேட் லிமிடெட்	No.48, 18Th Cross Street Kakilachavadi, Thambaram Sanitorium, Chennai, Tamil Nadu	Chennai, 18Th Cross Street Kakilachavadi, Thambaram Sanitorium, TN, No.49, Chennai
S1-435219402	0.0	miss	model	S2-127076132	0.1295	1	US	Kinchen Star Public L.L.C.	Kinchen Star Public	700 Washington Street, St Charles, MO	
S1-436207461	0.0	miss	model	S3-656982714	0.6667	1	India	Hitech Infrastructure Pvt Ltd	Hitech Infrastructure Pvt	105, Floor-10, Plot-355B, 68, Ashoka Apartment, Rungta Lane, Malabar Hill, Nepean Sea Ro, Ad, Mumbai, Mumbai City, Maharashtra	No. 653 105, Mumbai, Mumbai City, MH
S1-436832053	0.0	miss	blocking	S2-261069186		7	India	City Tech	ಸಿಟಿ ಟೆಕ್	Sector Iiishivabasavnagar Belgaum, Karnataka, Belgaum, Karnataka	KARNATAKA, SECTOR IIISHIVABASAVNAGAR BELGAUM, BELGAUM, Karnataka
S1-436832053	0.0	miss	blocking	S2-366379568		7	India	City Tech	ಸಿಟಿ ಟೆಕ್	Sector Iiishivabasavnagar Belgaum, Karnataka, Belgaum, Karnataka	SECTOR IIISHIVABASAVNAGAR BELGAUM, KARNATAKA, BELGAUM, Karnataka
S1-436832053	0.0	miss	blocking	S2-518137364		7	India	City Tech	City Teth	Sector Iiishivabasavnagar Belgaum, Karnataka, Belgaum, Karnataka	SECTOR IIISHIVABASAVNAGAR BELGAUM, KARNATAKA, Karnataka
S1-436832053	0.0	miss	blocking	S2-577528226		7	India	City Tech	ಸಿಟಿ ಟೆಕ್	Sector Iiishivabasavnagar Belgaum, Karnataka, Belgaum, Karnataka	SECTOR IIISHIVABASAVNAGAR BELGAUM, KARNATAKA, BELGAUM, Karnataka
S1-436832053	0.0	miss	blocking	S2-873521747		7	India	City Tech	ಸಿಟಿ ಟೆಕ್	Sector Iiishivabasavnagar Belgaum, Karnataka, Belgaum, Karnataka	SECTOR IIISHIVABASAVNAGAR BELGAUM, KARNATAKA, BELGAUM, Karnataka
S1-436832053	0.0	miss	blocking	S3-53631021		7	India	City Tech	citytech.com	Sector Iiishivabasavnagar Belgaum, Karnataka, Belgaum, Karnataka	Belgaum, ಕರ್ನಾಟಕ, Door No 534 Sector Iiishivabasavnagar Belgaum, Karnataka
S1-436832053	0.0	miss	blocking	S3-614684459		7	India	City Tech	Solaviavi	Sector Iiishivabasavnagar Belgaum, Karnataka, Belgaum, Karnataka	Door No 534 Sector Iiishivabasavnagar Belgaum, Karnataka, Belgaum, KA
S1-437407748	0.0	miss	blocking	S2-345297012		1	India	Prr Consultants Private Limited	Prr Private Limited Services	House No.6C Old-1 Bela, Road Ladakh Budh Vihar, Delhi, North Delhi, Delhi	
S1-440851958	0.0	miss	blocking	S2-735885703		2	India	Jain Ventures Private Limited	जैन वेंचर्स प्राइवेट लिमिटेड	Shop F-1, First Floor, Plot No. 4, Sec-12, Pkt -5, Manish Metro Plaza-Iv, D, Warka, Delhi, West Delhi, Delhi	DOOR NO 149 SHOP F-1, FIRST FLOOR, PLOT NO. 4, SEC-12, PKT -5, MANISH METRO PLAZA-IV, D, WARKA, WEST DELHI, DELHI, दिल्ली
S1-440851958	0.0	miss	blocking	S3-600057213		2	India	Jain Ventures Private Limited	जैन वेंचर्स प्राइवेट लिमिटेड	Shop F-1, First Floor, Plot No. 4, Sec-12, Pkt -5, Manish Metro Plaza-Iv, D, Warka, Delhi, West Delhi, Delhi	Shop F-1, First Floor, Plot No. 4, Sec-12, Pkt -5, Manish Metro Plaza-iv, D, Warka, Delhi, West Delhi, दिल्ली
S1-441720909	0.0	miss	blocking	S2-909675251		1	India	Balaji Maa Consultancy LLP	बालाजी मां कंसल्टेंसी एलएलपी	26-A, Trimurti Nagar, Nagpur, Maharashtra	26, NAGPUR, Maharashtra
S1-442392861	0.0	miss	blocking	S3-905962350		1	India	Vijay Consultancy Private Limited	Ectocira	1-1 Thonda, Thirumalagiri, Nalgonda, Telangana	1-1 Thonda, Thirumalagiri, Thonda Thirumalagiri, TG
S1-44330037	0.0	miss	blocking	S3-170260009		1	US	Katerina Richburg Great Pelican Inc.	Katerinarichburggreat.Com	16 Angela Drive, Dry Ridge, KY	Angela Drive, Crittenden, Kentucky
S1-444238819	0.0	miss	model	S2-316641529	0.5323	3	India	Vision Foods Private Limited	ভিশন ফুডস প্রাইভেট লিমিটেড	35C, Simla Road, Bedon Street, Manicktala, Kolkata, Kolkata, Howrah, West Bengal	HN 638 35C, SIMLA ROAD, BEDON STREET, MANICKTALA, KOLKATA, KOLKATA, RAJA DINENDRA STREET, West Bengal
S1-444238819	0.0	miss	model	S2-400653803	0.6452	3	India	Vision Foods Private Limited	ভিশন ফুডস প্রাইভেট লিমিটেড	35C, Simla Road, Bedon Street, Manicktala, Kolkata, Kolkata, Howrah, West Bengal	HN 638 35C, SIMLA ROAD, BEDON STREET, MANICKTALA, KOLKATA, KOLKATA, RAJA DINENDRA STREET, West Bengal
S1-444238819	0.0	miss	model	S3-533997596	0.7092	3	India	Vision Foods Private Limited	Vision ফুডস প্রাইভেট লিমিটেড	35C, Simla Road, Bedon Street, Manicktala, Kolkata, Kolkata, Howrah, West Bengal	Plot 278 35C, Simla Road, Bedon Street, Manicktala, Kolkata, Calcutta, Howrah, WB
S1-444433599	0.0	false_merge		S2-943600959	0.7336	0	India	Enrich Management Private Limited	Enrich Management Limited	Plot No 33, 4-9-772/P33, Road No 9 Rajarajeshwari Colony, Hayathnagar, Rangareddy, Telangana	PLOT NO 40/8 , 4-9-772/P33, ROAD NO 9 RAJARAJESHWARI COLONY, HAYATHNAGAR, RANGAREDDY, Telangana
S1-44657954	0.0	false_merge		S3-919348125	0.9712	0	US	PJ Companies	PD COMPANIES	18000 70, Rockwood, TN	18000-18002 70, Rockwood, Tennessee
S1-446740591	0.0	miss	blocking	S2-234675570		3	India	Real Impex	ରିଅଲ୍ ଇମ୍ପେକ୍ସ୍	Gountiapada, Near Sai Mandir, Belpahar, Jharsuguda, Orissa	GOUNTIAPADA, NEAR SAI MANDIR, BELPAHAR, JHARSUGUDA, Odisha
S1-446740591	0.0	miss	blocking	S2-766124060		3	India	Real Impex	ରିଅଲ୍ ଇମ୍ପେକ୍ସ୍	Gountiapada, Near Sai Mandir, Belpahar, Jharsuguda, Orissa	GOUNTIAPADA, NEAR SAI MANDIR, BELPAHAR, JHARSUGUDA, ଓଡ଼ିଶା
S1-446740591	0.0	miss	blocking	S3-551798515		3	India	Real Impex	ରିଅଲ୍ ଇମ୍ପେକ୍ସ୍	Gountiapada, Near Sai Mandir, Belpahar, Jharsuguda, Orissa	Gountiapada, Belpahar, Jharsuguda, OD
S1-44791886	0.0	miss	model	S2-640814010	0.2911	2	US	Lamao Irenic LLC	Lamao Irenic | www.lamaoiren.com	611 5th Street, Great Falls, MT	MT, 61 FIFTH ST, GREAT FALLS
S1-44791886	0.0	miss	blocking	S3-69828928		2	US	Lamao Irenic LLC	Lamao Lamao LLC Center	611 5th Street, Great Falls, MT	61 5th Street, Great Falls, Montana
S1-44805804	0.0	miss	blocking	S2-327483525		4	India	Pioneer Ventures Private Limited	पायोनियर वेंचर्स प्राइवेट लिमिटेड	Flat No. 503, 05Th Floor Shri Sadguru Society, Manisha Nagar, Kal, Wa, Thane, Maharashtra	DOOR NO 503, THANE, महाराष्ट्र
S1-44805804	0.0	miss	blocking	S2-467463254		4	India	Pioneer Ventures Private Limited	पायोनियर वेंचर्स प्राइवेट लिमिटेड	Flat No. 503, 05Th Floor Shri Sadguru Society, Manisha Nagar, Kal, Wa, Thane, Maharashtra	503, Maharashtra, THANE
S1-44805804	0.0	miss	blocking	S2-817361132		4	India	Pioneer Ventures Private Limited	पायोनियर वेंचर्स प्राइवेट लिमिटेड	Flat No. 503, 05Th Floor Shri Sadguru Society, Manisha Nagar, Kal, Wa, Thane, Maharashtra	THANE, FLAT NO. 503, Maharashtra
S1-44805804	0.0	miss	model	S3-849197043	0.619	4	India	Pioneer Ventures Private Limited	Pioneer Ventures Pivomet [Limited]	Flat No. 503, 05Th Floor Shri Sadguru Society, Manisha Nagar, Kal, Wa, Thane, Maharashtra	#5-03, Thane, MH
S1-448597321	0.0	miss	model	S2-164908257	0.3894	2	US	Crouch Preferred Altisource Inc	Crouch Preferred Áltisource Inc	614 Green Bay Road, Kenilworth, IL	
S1-448597321	0.0	miss	model	S3-607377150	0.2215	2	US	Crouch Preferred Altisource Inc	Crouch Preferred Altisource	614 Green Bay Road, Kenilworth, IL	
S1-449697731	0.0	miss	blocking	S2-415779080		2	India	Pioneer Construction Private Limited	ಪಯೊನೀರ್ ಕನ್‌ಸ್ಟ್ರಕ್ಷನ್ ಪ್ರೈವೇಟ್ ಲಿಮಿಟೆಡ್	A K Singh, Madapatna Haragadde, Bangalore, Karnataka	A K SINGH, BANGALORE, Karnataka
S1-449697731	0.0	miss	blocking	S3-657903974		2	India	Pioneer Construction Private Limited	Limited Pioneer Private Center	A K Singh, Madapatna Haragadde, Bangalore, Karnataka	Bangalore, ಕರ್ನಾಟಕ, Bangalore, A K Singh
S1-451477735	0.0	miss	blocking	S2-117401917		1	India	Dkg Shanti Pvt. Ltd.	Dkg Shami Pvt. Ltd. | www.dkgshami.com	Dp.32/4 And Dp.32A, Sidco Industrial Estate, Thirumazhisai, Thiruvallur, Tamil Nadu	
S1-454434206	0.0	miss	blocking	S2-247722926		3	India	Silver Consultancy Limited	सिल्वर कंसल्टेंसी लिमिटेड	Plot No 29 And 30 F/F B/S, Delhi, West Delhi, New Delhi	PLOT NO ##29 AND 30 F/F B/S, NEW DELHI, WEST DELHI, Delhi
S1-454434206	0.0	miss	blocking	S3-688126224		3	India	Silver Consultancy Limited	silverconsultancy.com	Plot No 29 And 30 F/F B/S, Delhi, West Delhi, New Delhi	#29 And 30 F/f B/s, West Delhi, DL
S1-454434206	0.0	miss	blocking	S3-867553064		3	India	Silver Consultancy Limited	Onyxriza	Plot No 29 And 30 F/F B/S, Delhi, West Delhi, New Delhi	Plot No 29 And 30 F/F B/S, New Delhi, West Delhi, Delhi
S1-454540138	0.0	false_merge		S3-152464477	0.8345	0	US	Empire Alliance III	Empire  Alliance FIII	555 Pride Avenue, Auburn, AL	555 Pride Ave, Auburn, Alabama
S1-455778877	0.0	miss	blocking	S2-619398764		2	India	OET Services Private Limited	OET Services Limited Center	Delhi Road, Hisar, Hissar, Haryana	DELHI ROAD, HISAR, Haryana
S1-455778877	0.0	miss	blocking	S3-979642836		2	India	OET Services Private Limited	Nexhalozeph	Delhi Road, Hisar, Hissar, Haryana	Delhi Road, Hisar, <NULL>, HR
S1-456331916	0.0	miss	model	S2-939093105	0.0575	1	US	Demoss Innovative Four Inc	Sérvices Demoss Innovative Inc	2410 Red Bartlett Way, Unit 111, Raleigh, NC	241 RED BARTLETT WAY, RALEIGH, NC
S1-456872362	0.0	false_merge		S3-787818534	0.754	0	India	Dlf Qe Timber Private Limited	Dlf Qe Timber Limited	Level 01, Tower A, Building-10, Dlf Phase 2, Dlf Qe, Gurgaon, Haryana	Level 14, Tower A, Building-10, Dlf Phase 2, Gurgaon, Dlf Qe, HR
S1-461814572	0.0	miss	blocking	S2-761772328		1	US	Sauter and Jarvis Athena	sauterjarvisathena.com	1640 Harbour Place Drive, Calabash, NC	null, NC, HARBOUR PLACE DRIVE, CALABASH
S1-461971917	0.0	miss	blocking	S2-329960782		1	India	Jay Management Private Limited	जय मैनेजमेंट प्राइवेट लिमिटेड	Ghaziabad, Near Kv-Sub-Station, Sector-10, Vasundhara, Uttar Pradesh, 33/11	##33/11, GHAZIABAD, Uttar Pradesh
S1-46255373	0.0	miss	blocking	S2-278532433		3	India	Jay Producer Pvt Ltd	জয় প্রডিউসার প্রাইভেট লিমিটেড	Sevoke Road, Siliguri, West Bengal	SEVOKE ROAD, SILIGURI, West Bengal
S1-46255373	0.0	miss	blocking	S2-710546004		3	India	Jay Producer Pvt Ltd	জয় প্রডিউসার প্রাইভেট লিমিটেড	Sevoke Road, Siliguri, West Bengal	SEVOKE ROAD, SILIGURI, West Bengal
S1-46255373	0.0	miss	blocking	S3-569427838		3	India	Jay Producer Pvt Ltd	Jay Producer Pvt	Sevoke Road, Siliguri, West Bengal	
S1-462679041	0.0	miss	blocking	S3-211668962		2	India	Bombay Infrastructure Pvt Ltd	बॉम्बे इंफ्रास्ट्रक्चर प्रा. लि.	S-31A/27, 28, Dlf Phase -Iii, Gurugram, Gurgaon, Haryana	Gurgaon, HR, 28, Dlf Phase -Iii, S-31a/27, Gurugram
S1-462679041	0.0	miss	blocking	S3-84845932		2	India	Bombay Infrastructure Pvt Ltd	बॉम्बे इंफ्रास्ट्रक्चर प्रा. लि.	S-31A/27, 28, Dlf Phase -Iii, Gurugram, Gurgaon, Haryana	S-31a/27, Gurugram, Gurgaon, HR
S1-464471742	0.0	miss	model	S2-32138986	0.0043	2	US	Continental Holding Company Inc	Continental-Holding Company	2305 Plaza Boulevard, Unit 1541, Richardson, TX	
S1-464471742	0.0	miss	model	S3-555777609	0.0097	2	US	Continental Holding Company Inc	Continental Holding	2305 Plaza Boulevard, Unit 1541, Richardson, TX	
S1-464609752	0.0	false_merge		S2-109163618	0.8966	0	US	Frances R. Gray, MD	FRANCES R. GRAY MD [CO]	121 College Avenue, Salina, KS	12 COLLEGE AVENUE, SALINA, KS
S1-464609752	0.0	false_merge		S3-702444749	0.9964	0	US	Frances R. Gray, MD	Frances R. Gfa, (MG)	121 College Avenue, Salina, KS	00121 College Avenue, Salina, Kansas
S1-465270207	0.0	miss	blocking	S3-978496656		1	India	Jai & Associates Ltd	Jai & Ass0ciates Ltd.	Unit 512, 5Th Floor, Parinee 1, Off, Veera Desai Rd, Shah Industrial Est, Mumbai, Maharashtra	
S1-465941457	0.0	miss	blocking	S2-968987472		1	US	Keystone Mortgage Labs LLC	Umbramira	13102 Chiswick Road, Houston, TX	2969 CHISWICK RD, HOUSTON, TX
S1-466838240	0.0	miss	blocking	S3-70136568		1	India	South Exports	সাউথ এক্সপোর্টস	Vill - Salbari Po Pradhan Nagar, Ps Matigara, Siliguri, Darjeeling, West Bengal	Vill - Salbari Po Pradhan Nagar, Siliguri, Khaprail, WB
S1-46885466	0.0	miss	blocking	S2-358278738		2	India	Alpha Hotel Impex Private Limited	ആൽഫ ഹോട്ടൽ ഇംപെക്സ് പ്രൈവറ്റ് ലിമിറ്റഡ്	Falcon Building, Pappali, Andathode Po, Thrissur, Kerala	FALCON BUILDING, KOCHI REGION, THRISSUR, Kerala
S1-46885466	0.0	miss	blocking	S3-938580355		2	India	Alpha Hotel Impex Private Limited	ആൽഫ ഹോട്ടൽ ഇംപെക്സ് പ്രൈവറ്റ് ലിമിറ്റഡ്	Falcon Building, Pappali, Andathode Po, Thrissur, Kerala	Falcon Building, Thrissur, KL
S1-471638575	0.0	miss	blocking	S3-820519966		1	US	Trusted Business Alliance, LLC	Fluxquo	4927 Natchez Trace, Fresno, TX	492 Natchez Trace, Fresno, Texas
S1-473813622	0.0	miss	blocking	S3-852055330		1	US	Oncology Green Center Inc	oncologygreencenter.com	405 Morse Street, Markle, IN	369 Morse Street, Markle, Indiana
S1-47417962	0.0	miss	model	S3-721338390	0.5191	2	India	International Care Private Limited	International Care Limited Center	56/58, Dadaji Dhakjee Bldg., Garibdas Street, Mumbai, Mumbai City, Maharashtra	No. 401 56/58, Dadaji Dhakjee Bldg., Garibdas Street, Mumbai, Mumbai City, MH
S1-47417962	0.0	miss	blocking	S3-798350690		2	India	International Care Private Limited	internationalcare.com	56/58, Dadaji Dhakjee Bldg., Garibdas Street, Mumbai, Mumbai City, Maharashtra	Door No 401 56/58, Mumbai, Mumbai City, महाराष्ट्र
S1-474624047	0.0	miss	model	S3-174044445	0.2433	1	US	Secure Transit Associates, LLC	secure transit associates, llc	1638 Belin Drive, Houston, TX	
S1-47708400	0.0	miss	model	S3-616643322	0.1949	2	India	Seven Finance Private Limited	private seven finance limited	F-1, Dwarkesh Building, Opp. Hotel Dev Corporate, Sp Nagar Road, Off Cg Road, Near Girish Coldrink, Ahmadabad City, Ahmedabad, Gujarat	ગુજરાત, Block G-d/754 F-1, Mumbai
S1-47708400	0.0	miss	blocking	S3-828435527		2	India	Seven Finance Private Limited	સેવન ફાઇનાન્સ પ્રાઇવેટ લિમિટેડ	F-1, Dwarkesh Building, Opp. Hotel Dev Corporate, Sp Nagar Road, Off Cg Road, Near Girish Coldrink, Ahmadabad City, Ahmedabad, Gujarat	Block G-d/754 F-1, Ahmedabad Hq Region, Ahmedabad, GJ
S1-481609057	0.0	false_merge		S3-31689377	0.9154	0	US	Olanay Patriot LLC	Olaniy LLC Partners	700 Huntington Road, Stratford, CT	700 Huntington Road, Stratford, Connecticut
S1-482396321	0.0	miss	blocking	S2-654693386		2	India	Smp (india) Pvt. Ltd.	5mp (india) Pvt. Ltd	Flat No. 402, Wing- D, Mandar Avenue Bldg, Global City, Nr. Yarzoo Park, Thane, Maharashtra	NO G-402, THANE, NULL, Maharashtra
S1-482396321	0.0	miss	blocking	S3-756571667		2	India	Smp (india) Pvt. Ltd.	Smp (india) - 9630957658	Flat No. 402, Wing- D, Mandar Avenue Bldg, Global City, Nr. Yarzoo Park, Thane, Maharashtra	No 02, Thane, महाराष्ट्र
S1-484338818	0.0	miss	model	S3-981611255	0.618	1	India	Em Vidyalaya	Em Vidyalaya Company	Sr.No.79/1, Flat No 401, Win Mokate Tower, Mokate Nagar, Kothrud, Pune, Maharashtra	Sr.no.97/1, Flat No 401, Win Mokate Tower, Mokate Nagar, Kothrud, Pune, MH
S1-486090250	0.0	miss	blocking	S3-411100439		1	India	Kala Govind Pvt Ltd	Kala Gtcdi  Pvt Ltd	Gujarat, Rajkot, Opp.Mahendra Oil Mill, Tagore Marg, Raj Ratna Complex	Raj Ratna Complex, Rajkot, GJ
S1-487453331	0.0	miss	blocking	S2-354189776		6	India	Galaxy Business Private Limited	গ্যালাক্সি বিজনেস প্রাইভেট লিমিটেড	25 B Park Steet, Kolkata, Calcutta, West Bengal	DOOR NO 26 B PARK STEET, KOLKATA, CALCUTTA, West Bengal
S1-487453331	0.0	miss	model	S2-431548634	0.056	6	India	Galaxy Business Private Limited	Galaxy Business Private	25 B Park Steet, Kolkata, Calcutta, West Bengal	26 B PARK STEET, KOLKATA, পশ্চিমবঙ্গ
S1-487453331	0.0	miss	blocking	S2-552905209		6	India	Galaxy Business Private Limited	6alaxy Business Private Limited	25 B Park Steet, Kolkata, Calcutta, West Bengal	#26 B PARK STEET, KOLKATA, CALCUTTA, West Bengal
S1-487453331	0.0	miss	blocking	S2-800023446		6	India	Galaxy Business Private Limited	গ্যালাক্সি বিজনেস প্রাইভেট লিমিটেড	25 B Park Steet, Kolkata, Calcutta, West Bengal	DOOR NO 26 B PRK STEET, KOLKATA, CALCUTTA, পশ্চিমবঙ্গ
S1-487453331	0.0	miss	blocking	S3-259944721		6	India	Galaxy Business Private Limited	গ্যালাক্সি বিজনেস প্রাইভেট লিমিটেড	25 B Park Steet, Kolkata, Calcutta, West Bengal	25 B Park Steet, Kolkata, Calcutta, পশ্চিমবঙ্গ
S1-487453331	0.0	miss	blocking	S3-814248785		6	India	Galaxy Business Private Limited	গ্যালাক্সি বিজনেস প্রাইভেট লিমিটেড	25 B Park Steet, Kolkata, Calcutta, West Bengal	No 25 B Park Steet, Kolkata, Calcutta, পশ্চিমবঙ্গ
S1-48992235	0.0	miss	blocking	S3-517514341		1	India	Vision Foods Private Limited	విజన్ ఫుడ్స్ ప్రైవేట్ లిమిటెడ్	Dr No 4-2-50/1, Knf Road, Amalapuram, Guntur, Andhra Pradesh	AP, Guntur, Amalapuram, No. ##680 Dr No 4-2-50/1
S1-490231960	0.0	miss	model	S2-369617070	0.4811	1	US	Ileana Pearman Johnson Inc	Ileana [Pearman]	76 Ralston Avenue, Akron, OH	
S1-492296270	0.0	miss	blocking	S3-670808908		1	India	Jai Media Private Limited	Dr Jai Media-Private Limited	Parsauna, Amatahi, Deoria, Uttar Pradesh	Parsauna, Amatahi, Deoria, UP
S1-492585736	0.0	false_merge		S3-550663386	0.9416	0	India	Kolkata Jewellery Ltd	Kolkata Jewellery Llp	26/1/1B, Strand Road 2Nd Floor, Kolkata, Howrah, West Bengal	26/1/3B, Howrah, পশ্চিমবঙ্গ
S1-492668451	0.0	miss	blocking	S2-718210587		3	India	Digital Energy Private Limited	डिजिटल एनर्जी प्राइवेट लिमिटेड	103, Maharashtra, Mumbai City, Mumbai, 1St Floor, C&B Square, Sangam Complex, Andheri Kurla Road, Village Chakalaandhe, Ri (East)	103, MUMBAI CITY, महाराष्ट्र, MUMBAI
S1-492668451	0.0	miss	blocking	S3-191454663		3	India	Digital Energy Private Limited	डिजिटल एनर्जी प्राइवेट लिमिटेड	103, Maharashtra, Mumbai City, Mumbai, 1St Floor, C&B Square, Sangam Complex, Andheri Kurla Road, Village Chakalaandhe, Ri (East)	103, Mumbai City, MH
S1-492668451	0.0	miss	blocking	S3-415075052		3	India	Digital Energy Private Limited	Limited Digital Private (Center)	103, Maharashtra, Mumbai City, Mumbai, 1St Floor, C&B Square, Sangam Complex, Andheri Kurla Road, Village Chakalaandhe, Ri (East)	103, Mumbai City, MH
S1-49381756	0.0	miss	blocking	S2-373090821		3	India	One Developers Private Limited	वन डेवलपर्स प्राइवेट लिमिटेड	Borivali (West), Mumbai, L/B/203-204 New M H B Colony Gorai Road, Mumbai City, Maharashtra	L/B/203-204 NEW M H B COLONY GORAI ROAD, BORIVALI (WEST), GREATER MUMBAI, MUMBAI CITY, महाराष्ट्र
S1-49381756	0.0	miss	blocking	S2-941385268		3	India	One Developers Private Limited	वन डेवलपर्स प्राइवेट लिमिटेड	Borivali (West), Mumbai, L/B/203-204 New M H B Colony Gorai Road, Mumbai City, Maharashtra	L/B/203-204 NEW M H B COLONY GORAI ROAD, BORIVALI (WEST), GREATER MUMBAI, MUMBAI, महाराष्ट्र
S1-49381756	0.0	miss	blocking	S3-20139797		3	India	One Developers Private Limited	वन डेवलपर्स प्राइवेट लिमिटेड	Borivali (West), Mumbai, L/B/203-204 New M H B Colony Gorai Road, Mumbai City, Maharashtra	L/b/203-204/6 New M H B Colony Gorai Road, Mumbai City, Mumbai, MH
S1-494209432	0.0	miss	blocking	S2-160477134		4	India	Bright Technology Private Limited	ਬ੍ਰਾਈਟ ਟੈਕਨਾਲੋਜੀ ਪ੍ਰਾਈਵੇਟ ਲਿਮਟਿਡ	Abohar Khuian Sarwar, Jandwala Hanwanta Fazilka, Abohar, Firozpur, Punjab	ABOHAR KHUIAN SARWAR, ABOHAR, FIROZPUR, ਪੰਜਾਬ
S1-494209432	0.0	miss	blocking	S2-208240703		4	India	Bright Technology Private Limited	ਬ੍ਰਾਈਟ ਟੈਕਨਾਲੋਜੀ ਪ੍ਰਾਈਵੇਟ ਲਿਮਟਿਡ	Abohar Khuian Sarwar, Jandwala Hanwanta Fazilka, Abohar, Firozpur, Punjab	ABOHAR KHUIAN SAWAR, JANDWALA HANWANTA FAZILKA, FIROZPUR, Punjab
S1-494209432	0.0	miss	blocking	S3-449518486		4	India	Bright Technology Private Limited	ਬ੍ਰਾਈਟ ਟੈਕਨਾਲੋਜੀ ਪ੍ਰਾਈਵੇਟ ਲਿਮਟਿਡ	Abohar Khuian Sarwar, Jandwala Hanwanta Fazilka, Abohar, Firozpur, Punjab	Abohar Khuian Sarwar, Firozpur, PB
S1-494209432	0.0	miss	blocking	S3-518595903		4	India	Bright Technology Private Limited	ਬ੍ਰਾਈਟ ਟੈਕਨਾਲੋਜੀ ਪ੍ਰਾਈਵੇਟ ਲਿਮਟਿਡ	Abohar Khuian Sarwar, Jandwala Hanwanta Fazilka, Abohar, Firozpur, Punjab	Abohar Khuian Sarwar, Jandwala Hanwanta Fazilka, Ferozpur, Firozpur, PB
S1-494224568	0.0	miss	model	S2-613663860	0.4032	1	US	Davis Systems Inc	Davis Systems Ínc	287 Spring Hill Drive, Whiteville, NC	
S1-494360160	0.0	miss	model	S2-276509236	0.2962	1	US	Bonine National Entergy LLC	BONINE LLC ENTERGY NATIONAL	1533 Polk Street, Houma, LA	
S1-49500154	0.0	miss	model	S3-314865312	0.5161	1	US	HL Mckinley Inc	HL Mckínley Inc	1505 County Line Road, Newberry, IN	
S1-495187468	0.0	miss	blocking	S2-614495209		3	India	Real International LLP	রিয়েল ইন্টারন্যাশনাল এলএলপি	115, Cotton Street, 2Nd Floor, Kolkata, Howrah, West Bengal	115, COTTON STREET, 2ND FLOOR, KOLKATA, HOWRAH, পশ্চিমবঙ্গ
S1-495187468	0.0	miss	blocking	S3-630520698		3	India	Real International LLP	রিয়েল ইন্টারন্যাশনাল এলএলপি	115, Cotton Street, 2Nd Floor, Kolkata, Howrah, West Bengal	Howrah, Cotton Street, 2Nd Floor, পশ্চিমবঙ্গ, Kolkata, 115
S1-495187468	0.0	miss	blocking	S3-942741361		3	India	Real International LLP	Real Itrnainoal LLP	115, Cotton Street, 2Nd Floor, Kolkata, Howrah, West Bengal	
S1-495367090	0.0	miss	blocking	S2-366113058		2	US	Vision Care of Lynn Inc	visioncarelynn.com	1 Chase Street, Unit 2R, Lynn, MA	1 CHASE STREET, LYNN, MA
S1-495367090	0.0	miss	blocking	S3-772879686		2	US	Vision Care of Lynn Inc	Vision Care  of Inc Services	1 Chase Street, Unit 2R, Lynn, MA	01 Chase St, <NULL>, Lynn, Massachusetts
S1-495593382	0.0	miss	blocking	S2-571073948		3	US	Clean Insurance Systems PC	cleaninsurancesystems.com	127 Sollie Ayscue, Henderson, NC	131 SOLLIE AYSCUE, HENDERSON, NC
S1-495593382	0.0	miss	blocking	S3-452072661		3	US	Clean Insurance Systems PC	Cleaninsurancesystems.Com	127 Sollie Ayscue, Henderson, NC	North Carolina, Henderson, 0131 Sollie Ayscue
S1-495593382	0.0	miss	blocking	S3-884135300		3	US	Clean Insurance Systems PC	cleaninsurancesystems.com	127 Sollie Ayscue, Henderson, NC	0131 Sollie Ayscue, Henderson, North Carolina
S1-496837247	0.0	miss	blocking	S2-2708386		5	India	Digital Super Finance Private Limited	डिजिटल सुपर फाइनेंस प्राइवेट लिमिटेड	A-16 Kendriya Vihar Sector-6 Vidhyadhar Nagar, Jaipur, Rajasthan	6-97 A-16 KENDRIYA VIHAR SECTOR-6 VIDHYADHAR NAGAR, JAIPUR, Rajasthan
S1-496837247	0.0	miss	blocking	S2-435323215		5	India	Digital Super Finance Private Limited	डिजिटल सुपर फाइनेंस प्राइवेट लिमिटेड	A-16 Kendriya Vihar Sector-6 Vidhyadhar Nagar, Jaipur, Rajasthan	H.NO 6-97 A-16 KENDRIYA VNHAR SECTOR-6 VIDHYADHAR NAGAR, JAIPUR, Rajasthan
S1-496837247	0.0	miss	blocking	S2-539474649		5	India	Digital Super Finance Private Limited	digitalsuperfinancecom	A-16 Kendriya Vihar Sector-6 Vidhyadhar Nagar, Jaipur, Rajasthan	NO. 6-97 A-16 KENDRIYA VIHAR SECTOR-6 VIDHYADHAR NAGAR, JAIPUR, Rajasthan
S1-496837247	0.0	miss	blocking	S2-828194962		5	India	Digital Super Finance Private Limited	डिजिटल सुपर फाइनेंस Private Limited	A-16 Kendriya Vihar Sector-6 Vidhyadhar Nagar, Jaipur, Rajasthan	NO. 6-97 A-16 KENDRIYA VIHAR SECTOR-6 VIDHYADHAR NAGAR, JAIPUR, Rajasthan
S1-496837247	0.0	miss	blocking	S3-621591170		5	India	Digital Super Finance Private Limited	डिजिटल Super फाइनेंस प्राइवेट लिमिटेड	A-16 Kendriya Vihar Sector-6 Vidhyadhar Nagar, Jaipur, Rajasthan	390 A-16 Kendriya Vihar Sector-6 Vidhyadhar Nagar, Jaipur, RJ
S1-497220628	0.0	false_merge		S2-270120971	0.9894	0	India	Dickenson Road Impex Private Limited	aarvtechfarmers.com	S-922, Manipal Centre, 47, Dickenson Road, Bangalore, Karnataka	S 922 MANIPAL CENTRE, 47 DICKENSON ROAD, BANGALORE NORTH, Karnataka
S1-497495767	0.0	miss	blocking	S3-595996254		1	India	One Construction	ஒன் கன்ஸ்ட்ரக்ஷன்	#42, Meenachi Sundaram Street, Thirunagar Colony, Erode, Tamil Nadu	Door No 22, Meenachi Sundaram Street, Thirunagar Colony, Erode, TN
S1-498664369	0.0	false_merge		S3-315164460	0.8825	0	US	Apex Corporation	Apex Corp	7814 Heatherton Lane, Potomac, MD	null, Maryland, #7823 Heatherton Ln, Potomac
S1-499903712	0.0	miss	blocking	S2-79869211		1	US	Cardiology Associates, Inc	CARDI0LOGY ASSOCIATES, INC	4013 Harvard Avenue, Arlington Heights, IL	ARLINGTON HEIGHTS, IL, HARVARD AVE
S1-500220489	0.0	miss	blocking	S3-649359740		1	India	Enterprises Sood Consultants Private Limited	Enterprisessoodconsultants.Com	Plot No 27-A, Kh No 41/5, Gf, Inder Enclave, Phase-1, Delhi, North West Delhi, Delhi	67-A, Kh No 41/5, Gf, Inder Enclave, Phase-1, North West Delhi, DL
S1-501684328	0.0	miss	blocking	S2-367161762		1	India	OM India Center	OM INDIA CMNECTER	Timarda, Dahod, Gujarat	TIMARDA, DAHOD, Gujarat
S1-50170523	0.0	miss	blocking	S2-113803055		4	India	Hotel Care Private Limited	হোটেল কেয়ার প্রাইভেট লিমিটেড	20, Kolkata, Howrah, West Bengal, N S Road 1St Floor, North Wing	20, CALCUTTA, HOWRAH, West Bengal
S1-50170523	0.0	miss	blocking	S2-317444959		4	India	Hotel Care Private Limited	হোটেল কেয়ার প্রাইভেট লিমিটেড	20, Kolkata, Howrah, West Bengal, N S Road 1St Floor, North Wing	20, CALCUTTA, HOWRAH, West Bengal
S1-50170523	0.0	miss	blocking	S3-216044306		4	India	Hotel Care Private Limited	হোটেল কেয়ার প্রাইভেট লিমিটেড	20, Kolkata, Howrah, West Bengal, N S Road 1St Floor, North Wing	#27 20, N S Road 1St Floor, North Wing, Kolkata, Howrah, WB
S1-50170523	0.0	miss	blocking	S3-936945623		4	India	Hotel Care Private Limited	Hotel Cfbfbae Prívate (Limited)	20, Kolkata, Howrah, West Bengal, N S Road 1St Floor, North Wing	No 27 20, Kolkata, Howrah, WB
S1-505045908	0.0	false_merge		S3-610631409	0.8658	0	US	Lamb Freedom, LLC	Perez Fsrdom, LLC	3511 Steelsburg Highway, Tazewell County, VA	#3511 Steelsburg Hwy, Tazewell County, Virginia
S1-506647479	0.0	miss	model	S2-916408017	0.3584	1	India	Thane Footwear Private Limited	Pivre Thane Footwear Limited	107-B Wing, Shreeji Seva Chs, Plot No 42 Sec 42 Seawoods, Thane, Maharashtra	GREATER MUMBAI, H.NO #107-B WIGN, Maharashtra, THANE
S1-507694612	0.0	false_merge		S3-949076662	0.834	0	US	Phillips Soulpower	Corp Phillips Soulpower	W359N5166 Crestview Drive, Village Of Lac La Belle, WI	Wisconsin, W359n5175 Crestview Dr, Oconomowoc
S1-508200571	0.0	miss	blocking	S2-143348178		2	India	VO India Pvt Ltd	VO Pvt Ltd [Services]	Plot No 25, Bante Layout, Nagpur, Maharashtra	Maharashtra, 2-5 , BANTE LAYOUT, NAGNUR
S1-508200571	0.0	miss	model	S3-864184355	0.0488	2	India	VO India Pvt Ltd	VO India Pvt	Plot No 25, Bante Layout, Nagpur, Maharashtra	Plot No 24, Bante Layout, Nagpur, MH
S1-508616463	0.0	miss	blocking	S2-106052967		1	US	Xylina's Supply	xsupply.com	19275 Riverside Drive, Buchanan County, VA	RIVERSIDE DRIVE, BUCHANAN COUNTY, VA
S1-508626121	0.0	miss	blocking	S2-232004789		3	India	Swastik Producer Pvt Ltd	ஸ்வஸ்திக் புரொட்யூசர் பிரைவேட் லிமிடெட்	4/2, Ii Floor, Flat D, D Block 2Nd Avenue Extn., Anna Nagar East, Chennai, Tamil Nadu	தமிழ்நாடு, CHENNAI, MADRAS, 4/2
S1-508626121	0.0	miss	blocking	S2-726120102		3	India	Swastik Producer Pvt Ltd	PVT SWASTIK PORCDOUDCER LTD	4/2, Ii Floor, Flat D, D Block 2Nd Avenue Extn., Anna Nagar East, Chennai, Tamil Nadu	4/2, II FLOOR, FLAT D, D BLOCK 2ND AVENUE EXTN., ANNA NAGAR EAST, CHENNAI, MADRAS, தமிழ்நாடு
S1-508626121	0.0	miss	blocking	S3-181636357		3	India	Swastik Producer Pvt Ltd	swastikproducer.com	4/2, Ii Floor, Flat D, D Block 2Nd Avenue Extn., Anna Nagar East, Chennai, Tamil Nadu	Plot A-138 4/2, Chennai, TN
S1-50918977	0.0	miss	blocking	S3-435498222		1	India	All Exports Pvt Ltd	ઓલ એક્સપોર્ટ્સ પ્રા. લિ.	E/404, Parth Avenue, Near Kabir Comp, Makarpura Rd Village Vadodara (M Corpog), Vadodara, Gujarat	E/404, Vadodara, ગુજરાત
S1-510406290	0.0	miss	blocking	S3-881678626		1	India	Balaji Foods Limited	Balaji Limited Services	Tamil Nadu, Peri Knowledge Park, No. 1, Mannivakkam, Kanchipuram, Chinglepet	TN, Mudichur Chennai, Peri Knowledge Park
S1-511520990	0.0	miss	model	S3-949422685	0.2027	1	US	Thomas's Heritage Pilates Clinic	Thomas'S  Heritage Pilates Clinic Corporation	67 Chase Street, Barnstable, MA	43 Chase Street, Barnstable, Massachusetts
S1-511928697	0.0	miss	blocking	S2-49893969		1	India	Ap Traders LLP	AP LLP TRADERS	P.No.6, Araji No. 1941, Lodheswar Nagar, Cod, Kanpur Nagar, Uttar Pradesh	
S1-512830076	0.0	miss	blocking	S2-675502507		4	India	Big Services Private Limited	பிக் சர்வீசஸ் பிரைவேட் லிமிடெட்	No. V1, Lotus Colony, Second Street Nandanam, Chennai, Tamil Nadu	NO. V1, CHENNAI, Tamil Nadu
S1-512830076	0.0	miss	blocking	S2-75673743		4	India	Big Services Private Limited	பிக் சர்வீசஸ் பிரைவேட் லிமிடெட்	No. V1, Lotus Colony, Second Street Nandanam, Chennai, Tamil Nadu	NO. V1, CHENNAI, Tamil Nadu
S1-512830076	0.0	miss	blocking	S3-139580971		4	India	Big Services Private Limited	பிக் சர்வீசஸ் பிரைவேட் லிமிடெட்	No. V1, Lotus Colony, Second Street Nandanam, Chennai, Tamil Nadu	Block E-328 No. V1, Kancheepuram, தமிழ்நாடு
S1-512830076	0.0	miss	blocking	S3-68093352		4	India	Big Services Private Limited	பிக் சர்வீசஸ் பிரைவேட் லிமிடெட்	No. V1, Lotus Colony, Second Street Nandanam, Chennai, Tamil Nadu	Block E-328 No. V1, Kancheepuram, TN
S1-513031385	0.0	miss	model	S2-822306239	0.0811	2	US	Turner Safe Seas Inc.	TURNER SAFE	1418 Corbin Road, Toledo, OH	
S1-513031385	0.0	miss	model	S3-778093712	0.3911	2	US	Turner Safe Seas Inc.	Turner Safe Seas [Inc.]	1418 Corbin Road, Toledo, OH	
S1-515327191	0.0	miss	model	S2-66217190	0.6404	1	India	Ratnam Engineering Private Limited	Ratnam Engineering Limited Services	C/O Amar Chand Baid Khuski Bagh, Purnea, Bihar	BLOCK F-592 C/O AMAR CHAND BAID KHUSKI BAGH, PURNEA, बिहार
S1-516244434	0.0	miss	model	S2-608963474	0.6712	1	India	Modern Brothers Pvt Ltd	MODERN  PVT LTD SERVICES	Rajkot, Morbi, 1St Floor, Satsaheb Arked Complex Opp. Ramji Temple, Ayodhayapuri Road, 16, Gujarat	DOOR NO 550 16, 1ST FLOOR, SATSAHEB ARKED COMPLEX OPP. RAMJI TEMPLE, AYODHAYAPURI ROAD, MORBI, NULL, Gujarat
S1-517032867	0.0	miss	blocking	S3-795578650		1	India	Vision Components Limited	Vision Ciomspnents  Limited	Flat No.101, Swetha Apts, 3-6-523, Himayath Nagar, Hyderabad-29., Telangana	Fat No.101, Hyderabad-29., TG
S1-51796040	0.0	miss	blocking	S3-346565933		2	US	Diamond Solana Inc	Diamond Solagna Inc	6568 Buck Creek Drive, Maumee, OH	3568 Buck Creek Dr, Ohio, Maumee
S1-51796040	0.0	miss	blocking	S3-542681413		2	US	Diamond Solana Inc	Diamond Inc Services	6568 Buck Creek Drive, Maumee, OH	3568 Buck Creek Drive, Maumee, Ohio
S1-518788736	0.0	miss	model	S2-949711451	0.0555	2	US	Peor Global	Peor Global Co	2278 Trade Winds Drive, Unit APT B, Indianapolis, IN	
S1-518788736	0.0	miss	blocking	S3-155568978		2	US	Peor Global	Peor Services	2278 Trade Winds Drive, Unit APT B, Indianapolis, IN	
S1-518866376	0.0	miss	blocking	S2-199023721		5	India	High Consultancy Pvt Ltd	हाई कंसल्टेंसी प्रा. लि.	Mumbai City, 5Th Floor, S.V. Road, Vile Parle(W), Prime Avenue, Maharashtra, Mumbai	PRIME AVENUE, MUMBAI, MUMBAI (SUBURBAN), महाराष्ट्र
S1-518866376	0.0	miss	blocking	S2-222653452		5	India	High Consultancy Pvt Ltd	हाई कंसल्टेंसी प्रा. लि.	Mumbai City, 5Th Floor, S.V. Road, Vile Parle(W), Prime Avenue, Maharashtra, Mumbai	PRIME AVENUE, MUMBAI CITY, MUMBAI, महाराष्ट्र
S1-518866376	0.0	miss	blocking	S2-566899274		5	India	High Consultancy Pvt Ltd	High Clnlsultancy Pvt Ltd	Mumbai City, 5Th Floor, S.V. Road, Vile Parle(W), Prime Avenue, Maharashtra, Mumbai	PRIME AVENUE, 5TH FLOOR, S.V. ROAD, VILE PARLE(W), MUMBAI, Maharashtra
S1-518866376	0.0	miss	blocking	S3-289810045		5	India	High Consultancy Pvt Ltd	High Pvt Ltd Center	Mumbai City, 5Th Floor, S.V. Road, Vile Parle(W), Prime Avenue, Maharashtra, Mumbai	Prime Avenue, 5Th Floor, S.v. Road, Vile Parle(w), Mumbai, MH
S1-518866376	0.0	miss	blocking	S3-581654744		5	India	High Consultancy Pvt Ltd	High Pvt Ltd Center	Mumbai City, 5Th Floor, S.V. Road, Vile Parle(W), Prime Avenue, Maharashtra, Mumbai	Prime Avenue, 5Th Floor, S.v. Road, Vile Parle(w), Mumbai, Mumbai Suburban, MH
S1-522603942	0.0	miss	blocking	S2-430057136		2	India	Sanket Ek Limited	Sanae Ek Limited	Flat No. B-401 Plot No. 4 Sector 5, Sinkar, Mumbai City, Maharashtra	FLAT NO. B-401 PLOT NO. 4 SECTOR 5, MUMBAI CITY, Maharashtra
S1-522603942	0.0	miss	model	S3-32904325	0.1199	2	India	Sanket Ek Limited	Sanket Ek	Flat No. B-401 Plot No. 4 Sector 5, Sinkar, Mumbai City, Maharashtra	
S1-52294732	0.0	miss	blocking	S2-946482315		1	US	Provasoft Inc	PROVASOFT INC SERVICES	705 Newport Pike, Wilmington, DE	
