s1_id	entity_f05	kind	stage	cand_id	p	n_true	country	s1_name	cand_name	s1_addr	cand_addr
S1-103044475	0.0	miss	model	S3-319864068	0.0378	1	India	Nandanvan Brothers Private Limited	Nandanvan Brothers Private	93, Tulsi Park, Sarswatipuram, Lucknow, Uttar Pradesh	9-3, Tulsi Park, Sarswatipuram, Lucknow, UP
S1-103911437	0.0	miss	blocking	S2-276851722		1	India	North Energy Private Limited	नॉर्थ एनर्जी प्राइवेट लिमिटेड	Maharashtra, Goregaon East, Wework Nesco It Park, 10Th Floor Building 4, Nesco It Park, Western Express Highway, Mumbai, Hd-434	HD-434, MUMBAI, Maharashtra
S1-105022637	0.0	miss	blocking	S3-146755273		1	India	Mumbai Dynamic Private Limited	Mumbai Private Limited Center	Mumbai, As 1, Mumbai, Maharashtra, Anantya Apt Grd Flr, T G Path, Girgaon	As 1, Mumbai, MH
S1-105840669	0.0	miss	model	S2-845770395	0.2381	2	US	Coastal Wells Inc	COASTAL WELLS	Mount Vernon, NY, 18 Bushnell Place	
S1-105840669	0.0	miss	model	S3-804938490	0.5522	2	US	Coastal Wells Inc	Coasta1 Weimls Inc	Mount Vernon, NY, 18 Bushnell Place	18 Bushnell Place, Mount Vernon, New York
S1-107576785	0.0	miss	blocking	S3-94863049		1	India	Shiv Services Private Limited	શિવ સર્વિસીસ પ્રાઇવેટ લિમિટેડ	203, Krishna Conarch-1 Second Floor Opp. Metro Fast Food, University Road, Rajkot, Gujarat	203, Rajkot, GJ
S1-107701417	0.0	miss	model	S3-294896245	0.0283	1	India	Swastik Foundation Pvt Ltd	Swastik Foundation Pvt (Ltd.)	420 New Sonal Link Industrial Estate-2 Link Road, Malad (West), Mumbai, Mumbai City, Maharashtra	
S1-107937513	0.0	miss	blocking	S2-210798850		5	India	Tech City Care Private Limited	ടെക് സിറ്റി കെയർ പ്രൈവറ്റ് ലിമിറ്റഡ്	No.3/389, 390, 1St Floor, Grand Tower, Mukkilppidika, Chavakkad, Thrissur, Kerala	#3/389, KOCHI REGION, CHAVAKKAD, Kerala
S1-107937513	0.0	miss	model	S2-430992131	0.0568	5	India	Tech City Care Private Limited	ടെക് സിറ്റി കെയർ പ്രൈവറ്റ് ലിമിറ്റഡ്	No.3/389, 390, 1St Floor, Grand Tower, Mukkilppidika, Chavakkad, Thrissur, Kerala	NO.3/389, 390, 1ST FLOOR, GRAND TOWER, MUKKILPPIDIKA, KOCHI REGION, THRISSUR, Kerala
S1-107937513	0.0	miss	model	S3-391249951	0.2883	5	India	Tech City Care Private Limited	ടെക് സിറ്റി കെയർ പ്രൈവറ്റ് ലിമിറ്റഡ്	No.3/389, 390, 1St Floor, Grand Tower, Mukkilppidika, Chavakkad, Thrissur, Kerala	Thrissur, 390, 1St Floor, Grand Tower, Mukkilppidika, KL, Chavakkad, No.3/389
S1-107937513	0.0	miss	model	S3-40278788	0.4161	5	India	Tech City Care Private Limited	ടെക് സിറ്റി കെയർ പ്രൈവറ്റ് ലിമിറ്റഡ്	No.3/389, 390, 1St Floor, Grand Tower, Mukkilppidika, Chavakkad, Thrissur, Kerala	#3/389, 390, 1St Floor, Grand Tower, Mukkilppidika, Chavakkad, Thrissur, KL
S1-107937513	0.0	miss	model	S3-596917225	0.0489	5	India	Tech City Care Private Limited	Lyralyra	No.3/389, 390, 1St Floor, Grand Tower, Mukkilppidika, Chavakkad, Thrissur, Kerala	#3/389, 390, 1St Floor, Grand Tower, Mukkilppidika, Chavakkad, Thrissur, KL
S1-109707688	0.0	miss	model	S3-244801856	0.5593	1	US	Volpe Voya PC	Center Volpe PC	5000 Towergate Circle, Unit 3, Winston-salem, NC	9000 Towergate Cir, Winston-Salem, North Carolina
S1-110091934	0.0	miss	model	S3-38453163	0.0221	1	US	Unified All Systems P.C.	Unified Systems P.C. Center	4170 Allistair Road, Winston-salem, NC	North Carolina, Winston-Salem, 170 Allistair Rd
S1-110658877	0.0	miss	model	S2-785495046	0.1049	1	US	Equinox European LLC	Equinox European	Dripping Springs, TX, 1900 Mcgregor Lane	1761 MCGREGOR LN, DRIPPING SPRINGS, TX
S1-11149964	0.0	miss	blocking	S2-632411391		5	India	Ss International Private Limited	एसएस इंटरनेशनल प्राइवेट लिमिटेड	A-5, New Delhi, Delhi, Ashok Vihar, Phase-I	PHASE-I, A-5, Delhi
S1-11149964	0.0	miss	blocking	S2-970537948		5	India	Ss International Private Limited	एसएस इंटरनेशनल प्राइवेट लिमिटेड	A-5, New Delhi, Delhi, Ashok Vihar, Phase-I	A-5, NEW DELHI, PHASE-I, दिल्ली
S1-11149964	0.0	miss	blocking	S3-146556008		5	India	Ss International Private Limited	Ss International Pmrivaet (Limited)	A-5, New Delhi, Delhi, Ashok Vihar, Phase-I	##37 A-5, Ashok Vihar, New Delhi, Phase-i, DL
S1-11149964	0.0	miss	blocking	S3-329852926		5	India	Ss International Private Limited	Ss  Private Limited Service	A-5, New Delhi, Delhi, Ashok Vihar, Phase-I	Door No #37 A-5, Ashok Vihar, Phase-i, DL
S1-11149964	0.0	miss	blocking	S3-727792788		5	India	Ss International Private Limited	Fluxdrex DBA: Ss International Private Limited	A-5, New Delhi, Delhi, Ashok Vihar, Phase-I	A-5, Ashok Vihar, Phase-I, New Delhi, Delhi
S1-112807836	0.0	miss	blocking	S2-370923619		5	India	One Consulting Pvt Ltd	वन कंसल्टिंग प्रा. लि.	Hno. 22, Road No. 57, S/F, West Punjabi Bagh, New Delhi, West Delhi, Delhi	#22, NEW DELHI, WEST DELHI, दिल्ली
S1-112807836	0.0	miss	blocking	S3-154379771		5	India	One Consulting Pvt Ltd	वन कंसल्टिंग प्रा. लि.	Hno. 22, Road No. 57, S/F, West Punjabi Bagh, New Delhi, West Delhi, Delhi	Hno. ##22, Road No. 57, S/f, West Punjabi Bagh, New Delhi, West Delhi, DL
S1-112807836	0.0	miss	blocking	S3-257801001		5	India	One Consulting Pvt Ltd	-- One Cfosultcgig Pvt Ltd	Hno. 22, Road No. 57, S/F, West Punjabi Bagh, New Delhi, West Delhi, Delhi	Hno. ##22, New Delhi, West Delhi, दिल्ली
S1-112807836	0.0	miss	blocking	S3-622515319		5	India	One Consulting Pvt Ltd	वन कंसल्टिंग प्रा. लि.	Hno. 22, Road No. 57, S/F, West Punjabi Bagh, New Delhi, West Delhi, Delhi	##22, New Delhi, West Delhi, DL
S1-112807836	0.0	miss	blocking	S3-623326504		5	India	One Consulting Pvt Ltd	वन कंसल्टिंग प्रा. लि.	Hno. 22, Road No. 57, S/F, West Punjabi Bagh, New Delhi, West Delhi, Delhi	Hno. ##22, Road No. 57, S/f, West Punjabi Bagh, New Delhi, West Delhi, दिल्ली
S1-113348988	0.0	false_merge		S3-34032981	0.986	0	US	Gauthier Culture	Gauthier Couture	498 Town Line Road, Bennington, VT	519 Town Line Rd, Bennington, Vermont
S1-114124806	0.0	false_merge		S3-962358388	0.8602	0	US	198-199 East Owners Corp	198 199 East Owners Corp Corp	2884 Dunbar Drive, Phoenix, AZ	2885 Dunbar Drive, South Mountain, Arizona
S1-116563527	0.0	miss	blocking	S3-736474786		2	US	Rivera Pediatrics	Rivera Sérvices	197 State Street, Unit C, Athens, OH	State Street, Athenscity, Ohio
S1-116563527	0.0	miss	blocking	S3-860044290		2	US	Rivera Pediatrics	Rivera Peialtircs	197 State Street, Unit C, Athens, OH	197 State Street, # C, Athenscity, Ohio
S1-11774765	0.0	miss	blocking	S3-932467808		1	India	Shatakshi Foods Corp	Shatakshi Fseolas Corp	101, Sai Pooja, 1St Floor, Plot No. 390, Near Rajni Maternity Home, 16Th Road, Ba, Ndra West, Mumbai, Maharashtra	101, Mumbai, महाराष्ट्र
S1-118253069	0.0	miss	blocking	S2-114593921		1	India	Lakshmi Investments Pvt Ltd	लक्ष्मी इन्वेस्टमेंट्स प्रा. लि.	Sn-36, Hn-2/2, Pn-78, Fn-704 Nayati Environ, Bld-Caniva, Tingre Nagar, Pune, Maharashtra	SN-36, PUNE, Maharashtra
S1-119942492	0.0	miss	blocking	S3-453594360		1	India	Universal Global Food Private Limited	யுனிவர்சல் குளோபல் ஃபுட் பிரைவேட் லிமிடெட்	4/234, Mgr Rd, 7Th Street, Saidapet, Kanchipuram, Tamil Nadu	<NULL>, H.no 391 4/234, தமிழ்நாடு, Saidapet
S1-121731909	0.0	miss	blocking	S2-15062465		3	India	NOV Infra LLP	NOV LLP  SERVICES	A 131 Sec 21 Noida G.B. Nagar, Noida, Gautam Buddha Nagar, Uttar Pradesh	A 131 SEC 21 NOIDA G.B. NAGAR, NOIDA, Uttar Pradesh
S1-121731909	0.0	miss	model	S3-54625599	0.65	3	India	NOV Infra LLP	Novinextavo | www.novinextav.com	A 131 Sec 21 Noida G.B. Nagar, Noida, Gautam Buddha Nagar, Uttar Pradesh	Door No 655 A 131 Sec 21 Noida G.b. Nagar, Lucknow Hq Region, Gautam Buddha Nagar, उत्तर प्रदेश
S1-121731909	0.0	miss	blocking	S3-762454749		3	India	NOV Infra LLP	NOV INFRA LLP	A 131 Sec 21 Noida G.B. Nagar, Noida, Gautam Buddha Nagar, Uttar Pradesh	
S1-123989375	0.0	false_merge		S3-890039779	0.9938	0	India	ESH Llc	EPSH Llc	517, Times Square Arcade, Opposite Rambaug, Daskroi, Ahmedabad, Gujarat	Plot 468 517, Times Square Arcade, Opposite Rambaug, Ahmedabad, Daskroi, GJ
S1-124987157	0.0	miss	blocking	S2-956247468		1	India	Bora Ventures Pvt. Ltd.	Bora Pvt. Ltd. Partners	1/10, First Floor, Single Storey, New Delhi, West Delhi, Delhi	1/10, FIRST FLOOR, SINGLE STOREY, NEW DELHI, दिल्ली
S1-127556688	0.0	miss	model	S2-451100483	0.2114	3	India	Ace Energy	ஏஸ் எனர்ஜி	Chennai, Tamil Nadu, 7Th Floor, Bascon Futura, New No 10/2, Old No 56L, Venkata Narayana Road	Tamil Nadu, BASCON FUTURA, NEW NO 10/2, OLD NO 56L, VENKATA NARAYANA ROAD, CHENNAI, TH FLORO
S1-127556688	0.0	miss	blocking	S3-763523152		3	India	Ace Energy	ஏஸ் எனர்ஜி	Chennai, Tamil Nadu, 7Th Floor, Bascon Futura, New No 10/2, Old No 56L, Venkata Narayana Road	7Th- Floor, Chennai, Madras, TN
S1-127556688	0.0	miss	blocking	S3-845596125		3	India	Ace Energy	Shri ACE ENERGY	Chennai, Tamil Nadu, 7Th Floor, Bascon Futura, New No 10/2, Old No 56L, Venkata Narayana Road	7Th- Floor, Chennai, Madras, TN
S1-129892565	0.0	false_merge		S2-390394331	0.7905	0	US	Renata Stanfield, Esq. Inc.	Renata Stanfield, Esq.  Inc	2806 Mission Lake Shore Drive, Bremerton, WA	2827 MISSION LAKE SHORE DR, BREMERTON, WA
S1-129947195	0.0	miss	model	S2-845954128	0.513	1	US	Reliable Regency LLC	Reliable LLC  Services	TX, 128 Persimmon Drive, Granite Shoals	19  PERSIMMON DR, GRANITE SHOALS, TX
S1-130344611	0.0	false_merge		S2-933043820	0.9555	0	US	Ramos Trg	East-Entergy Inc	6042 Netherton Street, VA, Fairfax County	6042-C NETHERTON STREET, CENTREVILLE, VA
S1-131121004	0.0	miss	blocking	S2-492666804		4	India	United Services Private Limited	યુનાઇટેડ સર્વિસીસ પ્રાઇવેટ લિમિટેડ	169, Sangana Society, Near Shyamdham Chowk, Puna Simada Road, Surat City, Surat, Gujarat	169, SURAT CITY, SURAT, ગુજરાત
S1-131121004	0.0	miss	blocking	S3-203952794		4	India	United Services Private Limited	United 5ervices Private  Limited	169, Sangana Society, Near Shyamdham Chowk, Puna Simada Road, Surat City, Surat, Gujarat	16, Surat City, Surat, GJ
S1-131121004	0.0	miss	blocking	S3-78866296		4	India	United Services Private Limited	unitedservices.com	169, Sangana Society, Near Shyamdham Chowk, Puna Simada Road, Surat City, Surat, Gujarat	16, Surat City, Surat, GJ
S1-131121004	0.0	miss	blocking	S3-981115811		4	India	United Services Private Limited	United Services Private	169, Sangana Society, Near Shyamdham Chowk, Puna Simada Road, Surat City, Surat, Gujarat	16, Surat City, Surat, GJ
S1-131399830	0.0	miss	blocking	S2-655584916		2	India	Big Solutions Limited	বিগ সলিউশনস লিমিটেড	29A Rabindra Sarani 4Th Floor, West Bengal, South 24 Parganas, Kolkata	H.NO 29A- RABINDRA SARANI 4TH FLOOR, KOLKATA, SOUTH 24 PARGANAS, West Bengal
S1-131399830	0.0	miss	blocking	S3-297169973		2	India	Big Solutions Limited	Big Slobgttos Limited	29A Rabindra Sarani 4Th Floor, West Bengal, South 24 Parganas, Kolkata	#29A Rabindra Sarani 4Th Floor, Kolkata, WB
S1-132563718	0.0	miss	model	S3-106549160	0.6699	2	India	Om Power Private Limited	Irihalo Sys	Sy.No.41, Bijapur, Bijapur(Kar), Plot No.10, 1St Floor, Above Hotel Shubhashree, Karnataka	Sy.No.41, Plot No.10, 1St Floor, Above Hotel Shubhashree, Bijapur, Bijapur(Kar), Karnataka
S1-132563718	0.0	miss	model	S3-230240847	0.3096	2	India	Om Power Private Limited	ಓಂ ಪವರ್ ಪ್ರೈವೇಟ್ ಲಿಮಿಟೆಡ್	Sy.No.41, Bijapur, Bijapur(Kar), Plot No.10, 1St Floor, Above Hotel Shubhashree, Karnataka	Sy.no.41/9, Bijapur, Bijapur(kar), KA
S1-133462673	0.0	miss	blocking	S2-762148330		2	India	BH India Private Limited	BH Limited Private India	Plot No. 10, Ground Floor, Karuna Kunj, Sector-3, Dwarka, New Delhi, South West Delhi, Delhi	
S1-133462673	0.0	miss	blocking	S3-753210451		2	India	BH India Private Limited	BH Private Limited Services	Plot No. 10, Ground Floor, Karuna Kunj, Sector-3, Dwarka, New Delhi, South West Delhi, Delhi	
S1-133582994	0.0	false_merge		S3-627473405	0.8792	0	India	Nagya Food Private Limited	nagya food private limited	A-Ff-11, Ramrath Owner'S Association, Smita Appt., Toi Press Road, Opp. Hari Om Complex, Ve, Jalpur, Ahmedabad, Gujarat	
S1-134279852	0.0	miss	blocking	S2-676572427		1	India	Rga Recycling Limited	Mr RGA-RCEYIILMG LIMITED	Delhi, New Delhi, East Delhi, S-92 School Blockshakar Pur	
S1-134407558	0.0	miss	blocking	S2-110798847		1	US	Corner Seafood	Corner Seafood LP	112 4th Street, Epworth, IA	
S1-134972377	0.0	miss	model	S3-371516220	0.3084	1	India	Gujarat Urban Ventures Limited	Onyxbrix	2-48/5/6, 8Th Floor, Vaishnavi Cynosure, Gachibowli Rd, Opp Rttc, Telecom Nagar Extension, Seri Lingampally, K.V.Rangareddy, Telangana	2-48/5/6, 8Th Floor, Vaishnavi Cynosure, Gachibowli Rd, Opp Rttc, Telecom Nagar Extension, Seri Lingampally, K.V.Rangareddy, Telangana
S1-136213387	0.0	miss	blocking	S2-875237777		2	India	Vijay Hospitality Limited	विजय हॉस्पिटैलिटी लिमिटेड	D-2, Sector-61, Gautam Budh Nagar, Noida, Gautam Buddha Nagar, Uttar Pradesh	#276 D-2, NOIDA, GAUTAM BUDDHA NAGAR, उत्तर प्रदेश
S1-136213387	0.0	miss	blocking	S3-167337296		2	India	Vijay Hospitality Limited	विजय हॉस्पिटैलिटी लिमिटेड	D-2, Sector-61, Gautam Budh Nagar, Noida, Gautam Buddha Nagar, Uttar Pradesh	D-2, Gautam Buddha Nagar, U P, UP
S1-137982863	0.0	miss	model	S3-364690903	0.0189	1	US	Avelar Capital Partners Inc.	Deltaarc (ID: 22832)	438 S 5th St, Louisville, KY	Kentucky, 438 S 5th St, Louiville CDP
S1-138017672	0.0	miss	blocking	S3-413186427		1	US	Sawyer, Duty & Portillo LLC	Sawyerdutyportillo.Com	603 Ray Street, Superior, AZ	Ray Street, Spuerior, Arizona
S1-13958396	0.0	miss	blocking	S2-36803198		6	India	Fortune It Private Limited	Fortune It Limited Center Center	Shop No A-1, A-2 Plot No - 1143, Rithala Industrial Area, Rohini, Delhi, North West, Delhi	
S1-13958396	0.0	miss	blocking	S2-491945756		6	India	Fortune It Private Limited	फॉर्च्यून आईटी प्राइवेट लिमिटेड	Shop No A-1, A-2 Plot No - 1143, Rithala Industrial Area, Rohini, Delhi, North West, Delhi	SHOP NO A-1, DELHI, NORTH WEST, Delhi
S1-13958396	0.0	miss	blocking	S3-38497638		6	India	Fortune It Private Limited	फॉर्च्यून आईटी प्राइवेट लिमिटेड	Shop No A-1, A-2 Plot No - 1143, Rithala Industrial Area, Rohini, Delhi, North West, Delhi	Shop No A-1, New Delhi, DL
S1-13958396	0.0	miss	blocking	S3-557554801		6	India	Fortune It Private Limited	#fortuneit	Shop No A-1, A-2 Plot No - 1143, Rithala Industrial Area, Rohini, Delhi, North West, Delhi	Shop No A-1, New Delhi, DL
S1-13958396	0.0	miss	model	S3-756663309	0.3729	6	India	Fortune It Private Limited	Fortune  It Private Limited	Shop No A-1, A-2 Plot No - 1143, Rithala Industrial Area, Rohini, Delhi, North West, Delhi	Shop No A-1, New Delhi, DL
S1-13958396	0.0	miss	model	S3-845641752	0.0082	6	India	Fortune It Private Limited	Fortune It Private	Shop No A-1, A-2 Plot No - 1143, Rithala Industrial Area, Rohini, Delhi, North West, Delhi	Door No 00664 Shop No A-1, Delhi, दिल्ली
S1-140605143	0.0	miss	blocking	S3-344351998		1	India	Indore Tour Private Limited	Indoretour.Com	Rev. Kh. No. 185/1, 3, 4/2, Malikhedi Brg Indst. Park, Indore, Madhya Pradesh	Rev. Kh. No. 185/1, Indore, Semaliachau, MP
S1-14116791	0.0	miss	model	S2-890178729	0.2776	1	US	Bay Horizon Labs LLC	BAY HORIZON [LABS]	3345 Benzing Road, Orchard Park, NY	BENZING ROAD, PO BOX 6172, ORCHARD PARK, NY
S1-141620143	0.0	miss	blocking	S2-988105280		1	India	Apex Software Pvt Ltd	એપેક્સ સોફ્ટવેર પ્રા. લિ.	Fl-B/704, Offira, Vip Road, Surat (M Corp Og )(Part), Surat City, Surat, Gujarat	ગુજરાત, HN 289 FL-B/704, SURAT
S1-143621314	0.0	miss	blocking	S2-695995507		3	India	Alpha Constructions	अल्फा कंस्ट्रक्शंस	G-30, Sec.7, Extn. Dwarka, New Delhi, Delhi	G-30, SEC.7, EXTN. DWARKA, NEW DELHI, दिल्ली
S1-143621314	0.0	miss	blocking	S3-10989220		3	India	Alpha Constructions	अल्फा कंस्ट्रक्शंस	G-30, Sec.7, Extn. Dwarka, New Delhi, Delhi	Sec.7, Extn. Dwarka, DL, Plot 995 G-30, New Delhi
S1-143621314	0.0	miss	blocking	S3-806583533		3	India	Alpha Constructions	अल्फा कंस्ट्रक्शंस	G-30, Sec.7, Extn. Dwarka, New Delhi, Delhi	Pdot 995 G-30, New Delhi, DL
S1-144037353	0.0	miss	blocking	S2-412731621		2	India	Shakti Foundation	Shakti Foundation LLP	C/O-Jotindra, Naraharipur, Krishnagar, Sagar, South 24 Parganas, West Bengal	
S1-144037353	0.0	miss	blocking	S3-789582824		2	India	Shakti Foundation	Shakti-Foundatiron	C/O-Jotindra, Naraharipur, Krishnagar, Sagar, South 24 Parganas, West Bengal	
S1-14631496	0.0	miss	blocking	S2-103116896		2	US	Apex	APEX Trading	5458 Nan Linn Drive, OH, Willoughby	
S1-14631496	0.0	miss	blocking	S3-948668389		2	US	Apex	Apex Trading	5458 Nan Linn Drive, OH, Willoughby	
S1-14945784	0.0	miss	blocking	S2-366883980		2	US	Cookeville, Borough Of Clinic	cookevilleclinicborough.com	TN, 1515 Lake Villa Circle, Cookeville	#1513 LAKE VILLA CIR, COOKEVILLE, TN
S1-14945784	0.0	miss	model	S3-959643499	0.1819	2	US	Cookeville, Borough Of Clinic	Cookeville, Borough Of Clinic LP	TN, 1515 Lake Villa Circle, Cookeville	1513 Lake Villa Circle, Cookeviille, Tennessee
S1-152014718	0.0	miss	blocking	S2-340899858		2	India	Fortune Enterprises Private Limited	फॉर्च्यून एंटरप्राइजेज प्राइवेट लिमिटेड	106, Famous Cine Building, 20, Dr. E. Moses Road, Mahalaxmi, Mumbai, Mumbai City, Maharashtra	महाराष्ट्र, 106., MUMBAI CITY, MUMBAI
S1-152014718	0.0	miss	blocking	S3-734867045		2	India	Fortune Enterprises Private Limited	फॉर्च्यून एंटरप्राइजेज प्राइवेट लिमिटेड	106, Famous Cine Building, 20, Dr. E. Moses Road, Mahalaxmi, Mumbai, Mumbai City, Maharashtra	106, Mumbai, Mumbai City, MH
S1-152070551	0.0	false_merge		S2-268959920	0.8362	0	US	Cole Select Worldwide	Cole Select Cleaning	984 Summitville Drive, Webster, NY	98 SUMMITVILLE DRIVE, WEBSTER, NY
S1-152431450	0.0	miss	model	S2-996539035	0.6902	1	India	South Industries Private Limited	സൗത്ത് ഇൻഡസ്ട്രീസ് പ്രൈവറ്റ് ലിമിറ്റഡ്	Drasanam Chambersm C Road Perumbavoor, Ernakulam, Kerala	PLOT 91 DRASANAM CHAMBERSM C ROAD PERUMBAVOOR, ERNAKULAM, Kerala
S1-15274497	0.0	miss	model	S3-854490205	0.688	1	India	Bhavsagar Nirman (India) Private Limited	Bhavsagar Bhavsagar Nirman (India) Private Ltd	Plot No.10 (A/1), Block No.43, Autonagar, Hayathnagar Mandal, Rr Dist, Hyderabad, Telangana	30 (A/1), Block No.43, Autonagar, Hayathnagar Mandal, Medchal Malkajgiri, Hyderabad, TG
S1-155887532	0.0	miss	blocking	S2-108714321		2	India	Shiva Food Private Limited	சிவா ஃபுட் பிரைவேட் லிமிடெட்	Tamil Nadu, Chennai, Shakti Towers, 766, Anna Salai, The Executive Zone, Chennai	CHENNAI, TIRUPPORUR, SHAKTI TOWERS, 766, ANNA SALAI, THE EXECUTIVE ZONE, தமிழ்நாடு
S1-155887532	0.0	miss	model	S2-319329337	0.3482	2	India	Shiva Food Private Limited	சிவா ஃபுட் பிரைவேட் லிமிடெட்	Tamil Nadu, Chennai, Shakti Towers, 766, Anna Salai, The Executive Zone, Chennai	THE EXECUTIVE ZONE, SHAKTI TOWERS, 766, ANNA SALAI, CHENNAI, TIRUPPORUR, Tamil Nadu
S1-156277372	0.0	miss	blocking	S2-210965380		1	India	Gangaksh Infracon Limited	Gangaksh Irfsfaon-Limited	4, Ram Puram Shyam Nagar, Cod, Kanpur, Uttar Pradesh	
S1-158948856	0.0	miss	blocking	S2-351750567		2	India	Royal Power Private Limited	রয়্যাল পাওয়ার প্রাইভেট লিমিটেড	Siddha Weston, 9, Weston Strreet, 3Rd Floor, Suite No. 321, Kolkata, Kolkata, Howrah, West Bengal	SIDDHA WESTON, KOLKATA, HOWRAH, West Bengal
S1-158948856	0.0	miss	blocking	S3-822281414		2	India	Royal Power Private Limited	রয়্যাল পাওয়ার প্রাইভেট লিমিটেড	Siddha Weston, 9, Weston Strreet, 3Rd Floor, Suite No. 321, Kolkata, Kolkata, Howrah, West Bengal	Siddha Weston, Kolkata, Howrah, WB
S1-160356967	0.0	miss	model	S2-262650024	0.381	2	India	Ace Projects Private Limited	एस प्रोजेक्ट्स प्राइवेट लिमिटेड	13, Shriram Complex Hingane Home Colony, Karvenagar, Pune, Maharashtra	13, PUNE, Maharashtra
S1-160356967	0.0	miss	model	S3-324809566	0.7072	2	India	Ace Projects Private Limited	एस प्रोजेक्ट्स प्राइवेट लिमिटेड	13, Shriram Complex Hingane Home Colony, Karvenagar, Pune, Maharashtra	Pune, 13, MH
S1-163581000	0.0	false_merge		S3-306849769	0.9911	1	India	Crystal & Co	Crystal &  Co	Fl-A-1 Gr Floor, 20/1, Netaji Subhas Road, Kolkata, Kolkata, Howrah, West Bengal	1, Kolkata, Howrah, WB
S1-163581000	0.0	miss	model	S3-782922387	0.616	1	India	Crystal & Co	Crystal & Co.	Fl-A-1 Gr Floor, 20/1, Netaji Subhas Road, Kolkata, Kolkata, Howrah, West Bengal	
S1-163904081	0.0	miss	blocking	S3-256320826		2	India	Supreme Impex Private Limited	सुप्रीम इम्पेक्स प्राइवेट लिमिटेड	D/103, Devraj Chs Ltd., S. V. Road, Near Ratna Hotel, Goregaon (West), Mumbai, Maharashtra	D/103, Mumbai, MH
S1-163904081	0.0	miss	blocking	S3-380190355		2	India	Supreme Impex Private Limited	supremeimpex.com	D/103, Devraj Chs Ltd., S. V. Road, Near Ratna Hotel, Goregaon (West), Mumbai, Maharashtra	D/103, Mumbai, MH
S1-164572672	0.0	false_merge		S2-85745242	0.8218	0	India	Shaktiman Hues Private Limited	Shaktiman Hues Limited	Pune, Maharashtra, Flno C-35 Ishan Sanskruti Plno 34 Sno 131/1 Warje Hno 1/1, Pune	HN 364 FLNO C-35 ISHAN SANSKRUTI PLNO 34 SNO 131/1 WARJE HNO 1/22, PUNE, Maharashtra
S1-165580384	0.0	miss	blocking	S3-509159651		1	India	Citco Sangh	Citc0 Sangh	421, Manish Market Bldg Cts 87 A Surve Industrial Estate, Gorega, On (East), Mumbai, Mumbai City, Maharashtra	MH, Mumbai, Mumbai City, 8-421
S1-169523616	0.0	miss	blocking	S2-502253375		1	US	Primary Care Physicians Inc	PRIMARY CARE PHYSICIANS  INC	42 Brookview Street, Unit 3, Boston, MA	167 BROOKMIEW STREET, DORCHESTER, MA
S1-169970902	0.0	miss	blocking	S3-105299347		1	India	Sunrise Supreme It Private Limited	सनराइज सुप्रीम आईटी प्राइवेट लिमिटेड	Room No. 17/18, 3Rd Floor, Jetha Kurpal Government Gate Road, Mumbai, Mumbai City, Maharashtra	Room No. 4-17/18, <NULL>, Mumbai, Lalbaug, महाराष्ट्र
S1-170817384	0.0	miss	model	S2-285869481	0.1993	3	US	Mutual Realty Digital Inc	Mutual Realty (Digital)	180 Pleasant Drive, Dallas, TX	193 PLEASANT DRIVE, DALLAS, TX
S1-170817384	0.0	miss	model	S2-440191265	0.1993	3	US	Mutual Realty Digital Inc	Mutual Realty Digital	180 Pleasant Drive, Dallas, TX	193 PLEASANT DR, DALLAS, TX
S1-170817384	0.0	miss	model	S3-154037607	0.1003	3	US	Mutual Realty Digital Inc	Mutual Realty Digital	180 Pleasant Drive, Dallas, TX	193 Pleasant Drive, Dallas, Texas
S1-173511877	0.0	miss	blocking	S2-305870925		2	US	Desert Tree	DESERT CÉNTER CÉNTER	265 Fayette Street, Quincy, MA	
S1-173511877	0.0	miss	model	S3-958219405	0.1267	2	US	Desert Tree	Desert Tree	265 Fayette Street, Quincy, MA	
S1-174926366	0.0	miss	blocking	S2-209282027		4	US	Horizon Acquisitions	Horizon Acqnuetions	AL, Mobile, 2872 Mill Street	872 MILL ST, MOOBILE CITY, AL
S1-174926366	0.0	miss	blocking	S2-256114104		4	US	Horizon Acquisitions	Horizon Partners	AL, Mobile, 2872 Mill Street	872 MILL STREET, AL, MOOBILE CITY
S1-174926366	0.0	miss	blocking	S2-722956754		4	US	Horizon Acquisitions	H0rizon  Aicuiistgodn	AL, Mobile, 2872 Mill Street	872 Mill Street, MOOBILE CITY, AL
S1-174926366	0.0	miss	blocking	S2-823737446		4	US	Horizon Acquisitions	horizonacquisitions.com	AL, Mobile, 2872 Mill Street	872 MILL STREET, MOOBILE CITY, AL
S1-174956626	0.0	false_merge		S2-843303845	0.9495	0	India	Indranth Agro Ltd	Ltd Indranari Aleor	202-B, 2Nd Floor, Near State Bank Colony Survey No. 53, Park Plaza, Karve Nagar, Pune, Maharashtra	202-B, 2ND FLOOR, NEAR STATE BANK COLONY SURVEY NO. 53, PARK PLAZA, PUNE, KARVE NAGAR, Maharashtra
S1-1749977	0.0	miss	blocking	S2-682296514		3	India	Innovative Properties Private Limited	इनोवेटिव प्रॉपर्टीज प्राइवेट लिमिटेड	G-04, Ground Floor, H-17, Sector-63, Noida, Noida, Ghaziabad, Uttar Pradesh	NO 544 G-04, GROUND FLOOR, H-17, SECTOR-63, NOIDA, NOIDA, Uttar Pradesh
S1-1749977	0.0	miss	blocking	S3-295512040		3	India	Innovative Properties Private Limited	Private Innovative Pirolertis Limited	G-04, Ground Floor, H-17, Sector-63, Noida, Noida, Ghaziabad, Uttar Pradesh	G-04, Ground Floor, H-17, Sector-63, Noida, Noida, Ghaziabad, UP
S1-1749977	0.0	miss	blocking	S3-31411824		3	India	Innovative Properties Private Limited	इनोवेटिव प्रॉपर्टीज प्राइवेट लिमिटेड	G-04, Ground Floor, H-17, Sector-63, Noida, Noida, Ghaziabad, Uttar Pradesh	G-04, Ground Floor, H-17, Sector-63, Noida, Noida, Ghaziabad, उत्तर प्रदेश
S1-176837864	0.0	miss	blocking	S3-383559146		1	India	Indo Finance Private Limited	Indo Ftaincnce  Private Limited	Navjeevan Vihar, New Delhi, 6, Delhi	6, Navjeevan Vihar, New Delhi, दिल्ली
S1-181036635	0.0	miss	model	S3-395481397	0.239	1	US	Rominet, Inc	Rominet,-Inc	5759 Martin Luther King Jr Boulevard, Sacramento, CA	
S1-182887837	0.0	miss	model	S3-76652142	0.6974	2	India	Incredible Public School	Incredible Incredible Public School Co	8Th Floor, Ab-3 Building, Dtu, Bawana Road, Delhi, North West Delhi, Delhi	1 Floor, Ab-3 Building, Dtu, Bawana Road, North West Delhi, DL
S1-182887837	0.0	miss	blocking	S3-865485371		2	India	Incredible Public School	incrediblepublicschool.com	8Th Floor, Ab-3 Building, Dtu, Bawana Road, Delhi, North West Delhi, Delhi	Door No 8Th Floor, North West Delhi, Pehladpur Banger, DL
S1-184274845	0.0	miss	blocking	S2-22159341		3	India	Surya High Construction Private Limited	सूर्य हाई कंस्ट्रक्शन प्राइवेट लिमिटेड	7/28 Old Rajinder Nagar, New Delhi, Central Delhi, Delhi	7/28 OLD RAJINDER NAGAR, CENTRAL DELHI, NEW DELHI, दिल्ली
S1-184274845	0.0	miss	blocking	S3-405330448		3	India	Surya High Construction Private Limited	सूर्या हाई कंस्ट्रक्शन प्राइवेट लिमिटेड	7/28 Old Rajinder Nagar, New Delhi, Central Delhi, Delhi	7/28. Old Rajinder Nagar, New Delhi, Central Delhi, DL
S1-184274845	0.0	miss	blocking	S3-466599204		3	India	Surya High Construction Private Limited	सूर्य हाई कंस्ट्रक्शन प्राइवेट लिमिटेड	7/28 Old Rajinder Nagar, New Delhi, Central Delhi, Delhi	7/28. Old Rajinder Nagar, New Delhi, Central Delhi, DL
S1-184282301	0.0	miss	blocking	S2-633285096		1	India	North Engineering Private Limited	नॉर्थ इंजीनियरिंग प्राइवेट लिमिटेड	G To Top, Floor- G-T, 8, Ram Nimi, Mandlik Road, Regal Cinema, Colaba, Mumbai, Maharashtra	MUMBAI, G TO TOP, महाराष्ट्र
S1-185388059	0.0	miss	blocking	S2-638326824		2	India	City Maa Properties Private Limited	सिटी मां प्रॉपर्टीज प्राइवेट लिमिटेड	C-1/13, Third Floor, Janakpuri, New Delhi, West Delhi, Delhi	C-/13, THIRD FLOOR, JANAKPURI, NEW DELHI, WEST DELHI, Delhi
S1-185388059	0.0	miss	blocking	S3-568264383		2	India	City Maa Properties Private Limited	citymaaproperties.com	C-1/13, Third Floor, Janakpuri, New Delhi, West Delhi, Delhi	C-1/13, Third Floor, Janakpuri, West Delhi, New Delhi, DL
S1-186214080	0.0	miss	model	S2-836153114	0.017	1	India	Innovative & Co	Smt Innovative  &	Karnataka, Kssidc Industrial Area B Katihalli Gram Panchayath, Hassan, Property No C-26, Hassan	PROPERTY NO C-25, KSSIDC INDUSTRIAL AREA B KATIHALLI GRAM PANCHAYATH, HASSAN, HASSAN, Karnataka
S1-192410508	0.0	miss	model	S3-499838676	0.1406	1	India	Rank Real Private Limited	Mr Rank Real Private	Maheshpur, Industrial Estate, Varanasi, Uttar Pradesh	Varanasi, Hn 4-99 Maheshpur, UP, Varanasi, Industrial Estate
S1-193195378	0.0	miss	blocking	S2-761119090		1	India	Super Healthcare Private Limited	சூப்பர் ஹெல்த்கேர் பிரைவேட் லிமிடெட்	Door Number 3/1 (10/2A), Arundale Beach Road, Chennai City Corporation, Chennai, Tamil Nadu	DOOR NUBMER 3/1 (10/2A), CHENNAI CITY CORPORATION, Tamil Nadu
S1-195151874	0.0	miss	blocking	S3-40953806		2	India	White Solutions Pvt Ltd	whitesolutions.com	Shop No. 5, Ist Floor Building No. 3003, Bhagwant Singh Market, Bahadur Garh Road, Sadar B, Azar, Delhi	Kashmere Gate, DL, Shop No. 5
S1-195151874	0.0	miss	blocking	S3-488664373		2	India	White Solutions Pvt Ltd	व्हाइट सॉल्यूशंस प्रा. लि.	Shop No. 5, Ist Floor Building No. 3003, Bhagwant Singh Market, Bahadur Garh Road, Sadar B, Azar, Delhi	DL, Kashmere Gate, Shop No. 5
S1-196537244	0.0	false_merge		S2-393519502	0.9889	0	India	Aarvansh Condominiums Private Limited	Aarvanzh Condominiums Private Limited	Door No.Ix/483, Ernakulam, Grand Central, Kerala	NO. 13 DOOR NO.IX/483, GRAND CENTRAL, ERNAKULAM, Keralam
S1-196897087	0.0	miss	model	S3-924166921	0.0153	1	US	Milton and Rogers Rmg P.C.	Milt0n and Rogers Rmg	914 1 11th Street, Sunnyside, WA	
S1-199231331	0.0	miss	blocking	S2-975323777		2	US	4553 Market Street Company	4553marketstreet.com	609 Virginia Avenue, Portsmouth City, VA	60 VIRGINIA AVENUE, PORTSMOUUTH, VA
S1-199231331	0.0	miss	model	S3-53898660	0.1051	2	US	4553 Market Street Company	4553 Market Street	609 Virginia Avenue, Portsmouth City, VA	09 Virginia Ave, Portsmouth City, Virginia
S1-200974553	0.0	miss	blocking	S2-67781284		1	US	First Israel	First Israel	520 Locust Grove Road, Newbern, TN	
S1-201543319	0.0	miss	model	S3-884637022	0.2998	1	US	First Church	First Church Association	1919 Phaniel Church Road, Rockwell, NC	191 Phaniel Church Rd, Rockwell, North Carolina
S1-20308397	0.0	miss	model	S2-743428841	0.3585	2	US	Benfield Total Era	ERATOTALBENFIELD.COM	2053 374, Dannemora, NY	##2053 374, DANNEMORA, NY
S1-20308397	0.0	miss	model	S3-841284194	0.1158	2	US	Benfield Total Era	Benfield Total Center	2053 374, Dannemora, NY	374, Ellenburg Depot, New York
S1-203925563	0.0	miss	blocking	S2-708565859		3	India	Balaji Impex	বালাজি ইম্পেক্স	Kolkata, 3/29/1, Howrah, Bl C, Fl 320H 202, Jessore Road, North 24 Pgs, West Bengal	3/29/1, West Bengal, DUMDUM
S1-203925563	0.0	miss	blocking	S2-719558106		3	India	Balaji Impex	Dovazeph	Kolkata, 3/29/1, Howrah, Bl C, Fl 320H 202, Jessore Road, North 24 Pgs, West Bengal	West Bengal, DUMDUM, 3/29/1
S1-203925563	0.0	miss	blocking	S3-613575535		3	India	Balaji Impex	বালাজি ইম্পেক্স	Kolkata, 3/29/1, Howrah, Bl C, Fl 320H 202, Jessore Road, North 24 Pgs, West Bengal	Howrah, 3/29/1, WB
S1-204455254	0.0	miss	blocking	S2-369417259		2	India	Supreme Solutions Limited	ಸುಪ್ರೀಮ್ ಸೊಲ್ಯೂಷನ್ಸ್ ಲಿಮಿಟೆಡ್	Flat 203, Tower 3, Tata, Promont, V V Bakery, Bangalore South, Bangalore, Karnataka	FLAT 203, BANGALORE SOUTH, BANGALORE, Karnataka
S1-204455254	0.0	miss	blocking	S3-58175453		2	India	Supreme Solutions Limited	Supreme Limited Center	Flat 203, Tower 3, Tata, Promont, V V Bakery, Bangalore South, Bangalore, Karnataka	Plot 246 Flat 203, Bangalore South, Bangalore, KA
S1-205311274	0.0	miss	blocking	S2-487373100		2	India	Vision Exports Private Limited	विजन एक्सपोर्ट्स प्राइवेट लिमिटेड	A-3, Jaipur, Rajasthan, Jaipur, Burmeese Colony, Jawahar Nagar	JAIPUR, Rajasthan, A-##3
S1-205311274	0.0	miss	blocking	S2-714513359		2	India	Vision Exports Private Limited	विजन एक्सपोर्ट्स प्राइवेट लिमिटेड	A-3, Jaipur, Rajasthan, Jaipur, Burmeese Colony, Jawahar Nagar	A-##3, JAIPUR, Rajasthan
S1-205983126	0.0	false_merge		S3-297867153	0.9957	0	US	Ridgeline Holdings	Ridgeline Holdings	400 Hwy 36, Chelsea, AL	
S1-206261995	0.0	miss	blocking	S3-659285676		1	India	Nagita Academic Co	nágitaacademic.com	443/A/56, Road No 86, Jubilee Hills, Phase Iii, Hyderabad, Telangana	Hyderabad, Andhra Pradesh, 443/A/56
S1-206884874	0.0	miss	blocking	S2-189210368		1	US	All Realty Ventures PLLC	ALL REALTY VENTURE5 P.L.L.C.	4718 Country Club Road, Winston-salem, NC	
S1-208732224	0.0	miss	model	S3-363743009	0.2299	1	India	Kamalam Films Private Limited	Shri Kamalam Films Private	1St Floor, Plot No. 3, Jamuna Dairy Behind Kalyan Motors, Sodala, Jaipur, Rajasthan	1St/5 Floor, Jaipur, RJ
S1-208956768	0.0	false_merge		S3-488964377	0.7895	0	India	Tribeni Renewables Private Limited	Tribeni Renewables Limited	Baikuntha Pur, Govt Colony, Tribeni, Hooghly, West Bengal	No 9 Baikuntha Pur, Govt Colony, Hooghly, Tribeni, পশ্চিমবঙ্গ
S1-209986644	0.0	miss	blocking	S2-890812430		1	US	Nexance Kodiak	NEXANCE  KAGSK	585 Town Street, Unit 1, Columbus, OH	
S1-213533966	0.0	miss	model	S2-755466412	0.1509	2	India	OV Tradexim Private Limited	OV Tradexim Private	C/O Asish Kumar Ghosh S/O. Sri Rb. Ghosh Chakchaka, Oppo.Raram Vally Agro Ltd, Koch Bihar, Coochbehar, West Bengal	HN ##451 C/O ASISH KUMAR GHOSH S/O. SRI RB. GHOSH CHAKCHAKA, OPPO.RARAM VALLY AGRO LTD, KOCH BIHAR, West Bengal
S1-213533966	0.0	miss	model	S3-912089889	0.6023	2	India	OV Tradexim Private Limited	OV Tradexim Private	C/O Asish Kumar Ghosh S/O. Sri Rb. Ghosh Chakchaka, Oppo.Raram Vally Agro Ltd, Koch Bihar, Coochbehar, West Bengal	Hn 736 C/o Asish Kumar Ghosh S/o. Sri Rb. Ghosh Chakchaka, Oppo.raram Vally Agro Ltd, Coochbehar, Koch Bihar, পশ্চিমবঙ্গ
S1-215193546	0.0	miss	blocking	S2-64251456		3	India	Sree Agro Limited	श्री एग्रो लिमिटेड	Delhi, East Delhi, Delhi, Flat No. O-9/A2 Dilshad Garden Shahdara	FLAT NO. O-9/A2 DILSHAD GARDEN SHAHDARA, <NULL>, DELHI, EAST DELHI, Delhi
S1-215193546	0.0	miss	blocking	S3-925866584		3	India	Sree Agro Limited	श्री एग्रो लिमिटेड	Delhi, East Delhi, Delhi, Flat No. O-9/A2 Dilshad Garden Shahdara	Plot #323 Flat No. O-9/a2 Dilshad Garden Shahdara, East, East Delhi, DL
S1-215193546	0.0	miss	blocking	S3-99945151		3	India	Sree Agro Limited	Sree Limited Service	Delhi, East Delhi, Delhi, Flat No. O-9/A2 Dilshad Garden Shahdara	Plot #323 Flat No. O-9/a2 Dilshad Garden Shahdara, East, East Delhi, दिल्ली
S1-215995662	0.0	miss	blocking	S3-735761448		1	India	Sun Investment Private Limited	suninvestment.com	56- Saket-Iii, Raw House, Shrinand Nagar-5, Ahmadabad City, Ahmedabad, Gujarat	56-. Saket-iii, N/A, Ahmadabad City, Ahmadabad, GJ
S1-217626935	0.0	miss	model	S2-393732569	0.0734	3	India	Nishu First Ltd	Shri Nishu First Limited	Sco 258, First Floor Urban Estate Phase 1, Patiala, Punjab	
S1-217626935	0.0	miss	model	S2-884618362	0.114	3	India	Nishu First Ltd	Shri NISHU FIRST	Sco 258, First Floor Urban Estate Phase 1, Patiala, Punjab	Punjab, SCO 358, FIRST FLOOR URBAN ESTATE PHASE 1, PATIALA
S1-217626935	0.0	miss	model	S3-194602999	0.1802	3	India	Nishu First Ltd	Mr Tavodrexaria	Sco 258, First Floor Urban Estate Phase 1, Patiala, Punjab	Sco 258, Patiala, PB
S1-218995348	0.0	miss	model	S2-30321249	0.1282	1	US	Doris Thacker Gulf Immersion	DORIS THACKER GULF IMMERSION INC	21 Spring Garden Drive, Montgomery, IL	
S1-219565065	0.0	miss	model	S3-57390293	0.0453	1	US	Villafuerte, Bauer & Rivas Inc	Villafuerte, Bauer & (Rivas)	3084 Spottswood Avenue, Memphis, TN	3086 Spottswood Ave, Memphis, Tennessee
S1-220010667	0.0	false_merge		S2-372045076	0.9249	0	India	Bholenath Charitable Trust	Bholenath Charitable Trust Pvt Ltd	Delhi, Corporation Bank Delhi, West Delhi, Office No-114 First Floor C-126 Naraina Industrial Area Phase-1 Landmark Opp	OFFICE NO-114 FIRST FLOOR C-126 NARAINA INDUSTRIAL AREA PHASE-10 LADNMARK OPP, CORPORATION BANK DELHI, दिल्ली
S1-220442536	0.0	miss	blocking	S2-312990527		3	India	Future Tech Private Limited	फ्यूचर टेक प्राइवेट लिमिटेड	Gulmohar Colony, 11, Indore, Madhya Pradesh	##11, INDORE, GULMOHAR COLONY, Madhya Pradesh
S1-220442536	0.0	miss	blocking	S2-415039354		3	India	Future Tech Private Limited	फ्यूचर टेक प्राइवेट लिमिटेड	Gulmohar Colony, 11, Indore, Madhya Pradesh	##11, GULMOHAR COLONY, INDORE, Madhya Pradesh
S1-220442536	0.0	miss	blocking	S3-646013969		3	India	Future Tech Private Limited	फ्यूचर Tech Private Limited	Gulmohar Colony, 11, Indore, Madhya Pradesh	0011, Indore, Bhamori, मध्य प्रदेश
S1-2207555	0.0	miss	model	S2-811563354	0.5575	1	India	Good Consultants Private Limited	குட் கன்சல்டன்ட்ஸ் பிரைவேட் லிமிடெட்	Chennai, No.19, First Street, Anjugam Nagar, Jafferkhanpet, Ashok Nagar, Chennai, Tamil Nadu	ASHOK NAGAR, H.NO 19., Tamil Nadu, CHENNAI, FIRST STREET, ANJUGAM NAGAR, JAFFERKHANPET, ASHOK NAGAR
S1-221190874	0.0	false_merge		S3-79419930	0.7873	0	India	Aditaksh Services Private Limited	Aditakari Services Private (Limited)	H No. 186 And 185, Flat No 102, Rockhome Apartments, Rocktown Colony, Mansoorabad, Hyderabad, Telangana	H No. 186 And 185, Flat No 102, Rockhome Apartments, Rocktown Colony, Hyderabad, Mansoorabad, తెలంగాణ
S1-221991978	0.0	miss	model	S2-516245465	0.1174	1	US	Data Wealth Ventures LLC	Data Wealth	410 Alaska Street, Wenatchee, WA	
S1-225979808	0.0	miss	blocking	S3-103216589		2	India	East Finance Private Limited	ईस्ट फाइनेंस प्राइवेट लिमिटेड	Pune City, A/12- 203, Pune, Maharashtra, Planet Millennium	A/#12- 203, Pune City, Pune, महाराष्ट्र
S1-225979808	0.0	miss	blocking	S3-133492833		2	India	East Finance Private Limited	East Fiaine Private Limited	Pune City, A/12- 203, Pune, Maharashtra, Planet Millennium	A/#12- 203, Pune City, Pune, MH
S1-226678632	0.0	miss	blocking	S2-294154064		4	India	Sai Enterprises Private Limited	साईं एंटरप्राइजेज प्राइवेट लिमिटेड	Plot No-3, Sector 135, Noida, Gautam Buddha Nagar, Uttar Pradesh	PLOT NO-3, SECTOR 135, NOIDA, GAUTAM BUDDHA NAGAR, Uttar Pradesh
S1-226678632	0.0	miss	blocking	S2-589086418		4	India	Sai Enterprises Private Limited	साईं एंटरप्राइजेज प्राइवेट लिमिटेड	Plot No-3, Sector 135, Noida, Gautam Buddha Nagar, Uttar Pradesh	PLOT NO-3, NOIDA, GAUTAM BUDDHA NAGAR, Uttar Pradesh
S1-226678632	0.0	miss	blocking	S2-683735151		4	India	Sai Enterprises Private Limited	5ai Private Limited Service	Plot No-3, Sector 135, Noida, Gautam Buddha Nagar, Uttar Pradesh	PLOT NO-3, NOIDA, GAUTAM BUDDHA NAGAR, Uttar Pradesh
S1-226678632	0.0	miss	model	S3-219165136	0.1885	4	India	Sai Enterprises Private Limited	Sai Enterprises	Plot No-3, Sector 135, Noida, Gautam Buddha Nagar, Uttar Pradesh	#994 Plot No-3, Gautam Buddha Nagar, Noida, UP
S1-227249208	0.0	miss	blocking	S2-643891061		2	India	My International Private Limited	माय इंटरनेशनल प्राइवेट लिमिटेड	M-29, Apmc Market I, Phase Ii, Vashi, Navi Mumbai, Maharashtra	M-29, Maharashtra, NAVI MUMBAI, VASHI
S1-227249208	0.0	miss	model	S3-244862058	0.2316	2	India	My International Private Limited	My Private Limited Center	M-29, Apmc Market I, Phase Ii, Vashi, Navi Mumbai, Maharashtra	Door No 194 M-29, Apmc Market I, Phase Ii, Vashi, Navi Mumbai, महाराष्ट्र
S1-230022488	0.0	miss	model	S3-350598599	0.4298	1	US	Eastern Dime LLC	Eastern Dime-[Llc]	381 South Road, Chebeague Island, ME	
S1-233188586	0.0	miss	model	S3-475788835	0.0009	1	India	Manesar Manufacturing Ltd	Manesar Ltd Center	702, Green Campus, Plot No.Gh-21, Sector-1, Manesar, Gurgaon, Haryana	#80. 702, Manesar, Gurgaon, हरियाणा
S1-233533172	0.0	miss	model	S2-629379849	0.2545	1	US	Colonial End	Colonial End	1403 Walnut Avenue, Gastonia, NC	
S1-23905641	0.0	miss	blocking	S2-544226113		1	India	City New Technologies Private Limited	सिटी न्यू टेक्नोलॉजीज प्राइवेट लिमिटेड	208, Gemstar Commercial Complex, Ramchandralane Extension Road, Malad (W), Mumbai, Mumbai City, Maharashtra	0208, MUMBAI, Maharashtra
S1-240309770	0.0	miss	model	S2-293296342	0.3803	2	US	Lin Internet Corp	Lin Ínternet	2922 Walnut Street, Hays, KS	2924 WALNUT STREET, HAS, KS
S1-240309770	0.0	miss	model	S2-674683008	0.6813	2	US	Lin Internet Corp	Lin Corp Center	2922 Walnut Street, Hays, KS	2924 WALNUT ST, HAS, KS
S1-240576208	0.0	false_merge		S2-457346961	0.8411	0	US	Caldis Chenghe Associates	Caldus Chenghe Associates	12398 313, Tyler, TX	12398C 313, TYLRE, TX
S1-240653407	0.0	miss	blocking	S2-392275592		1	India	Big Infrastructure Private Limited	বিগ ইনফ্রাস্ট্রাকচার প্রাইভেট লিমিটেড	Kolkata, Howrah, Masjid Bari Street, Kolkata, West Bengal, 52/2A	52/2A, KOLKATA, null, West Bengal
S1-240888770	0.0	miss	model	S3-663717352	0.007	1	India	Joy Hospital	M/s Joy Services (ID: 24271)	No. 12 Amal Nagar, West Tambaram, Chennai, Tamil Nadu	#12 Amal Nagar, West Tambaram, Chennai, TN
S1-244163617	0.0	miss	blocking	S2-185465138		3	India	Shakti Care	சக்தி கேர்	No. 313, Sri Shanmuga Nagar, Mudichur Road, Mannivakkam, Chennai, Kancheepuram, Tamil Nadu	H.NO 313, CHENNAI, தமிழ்நாடு
S1-244163617	0.0	miss	blocking	S2-850321218		3	India	Shakti Care	சக்தி கேர்	No. 313, Sri Shanmuga Nagar, Mudichur Road, Mannivakkam, Chennai, Kancheepuram, Tamil Nadu	CHENNAI, 313, Tamil Nadu
S1-244163617	0.0	miss	blocking	S3-133301408		3	India	Shakti Care	shakticare.com	No. 313, Sri Shanmuga Nagar, Mudichur Road, Mannivakkam, Chennai, Kancheepuram, Tamil Nadu	No. 31, Madras, Kancheepuram, TN
S1-246204939	0.0	miss	model	S3-101398031	0.4525	1	US	Delta Grand Home Improvements Inc	Delta Home Improvements Inc Service	OH, 3559 Stoer Road, Shaker Heights	355 Stoer Rd, N/A, Beachwood, Ohio
S1-246446788	0.0	miss	blocking	S3-160710413		2	India	International Sedona Export Private Limited	International	1/30, Ground Floor, Lalita Park, Laxmi Nagar, Delhi, East Delhi, Delhi	1/30, Ground Floor, Lalita Park, Laxmi Nagar, Delhi, East Delhi, Delhi
S1-246446788	0.0	miss	model	S3-266217487	0.26	2	India	International Sedona Export Private Limited	Internati0nal Sedona-Export	1/30, Ground Floor, Lalita Park, Laxmi Nagar, Delhi, East Delhi, Delhi	Ground Floor, Lalita Park, Laxmi Nagar, East Delhi, दिल्ली, Delhi, 1/3
S1-249304576	0.0	miss	model	S2-212936385	0.106	2	India	City Sree Estate Private Limited	സിറ്റി ശ്രീ എസ്റ്റേറ്റ് പ്രൈവറ്റ് ലിമിറ്റഡ്	Door No. Xii /401 Kelakam Post Kelakam, Kelakam, Kannur, Kerala	DOOR NO. XII /40 KELAKAM POST KELAKAM, KELAKAM, KANNUR, Kerala
S1-249304576	0.0	miss	model	S2-753431698	0.0619	2	India	City Sree Estate Private Limited	സിറ്റി ശ്രീ എസ്റ്റേറ്റ് പ്രൈവറ്റ് ലിമിറ്റഡ്	Door No. Xii /401 Kelakam Post Kelakam, Kelakam, Kannur, Kerala	DOOR NO. XII /40 KELAKAM POST KELAKAM, KELAKAM, KANNUR, കേരളം
S1-251630773	0.0	miss	model	S2-136887884	0.1281	1	India	Agro Group of Companies Private Limited	acprivatecom #65587	Korapankandy, Odumbra, Kozhikode, Kerala	KORAPANKANDY, KOZHIKODE, കേരളം
S1-256030904	0.0	miss	blocking	S3-802390332		3	India	Atom (India) Developers Corporation	Fluxpyra	Shop No 207 & 209, Plaza Centre No 129, G N Chetty Road, Chennai, Tamil Nadu	Tamil Nadu, Shop No 207 & 209, Chennai, Plaza Centre No 129, G N Chetty Road
S1-256030904	0.0	miss	model	S3-922037429	0.4094	3	India	Atom (India) Developers Corporation	Atom (India) Corporation Developers	Shop No 207 & 209, Plaza Centre No 129, G N Chetty Road, Chennai, Tamil Nadu	
S1-256030904	0.0	miss	blocking	S3-932993580		3	India	Atom (India) Developers Corporation	atomindiadevelopers.com	Shop No 207 & 209, Plaza Centre No 129, G N Chetty Road, Chennai, Tamil Nadu	Shop No 207 & 209, Plaza Centre No 129, G N Chetty Road, Chennai, TN
S1-256093921	0.0	false_merge		S3-100146254	0.8553	0	India	Galaxy Technology Private Limited	Galaxy Technology Pharmacy Private (Ltd)	2/3 Shreepati Arcade, Annexe - 3 August Kranti Marg, Nana Chowk, Mumbai, Mumbai City, Maharashtra	2/2 Shreepati Arcade, Annexe - 3 August Kranti Marg, Nana Chowk, Mumbai, Mumbai City, MH
S1-257634508	0.0	miss	blocking	S3-966061634		1	India	Great Great Enterprises Private Limited	Great Great Enterprises Private  Limited	R.No.201, S-524, Vikas Marg, Shakarpur, New Delhi, Delhi	
S1-258821220	0.0	miss	blocking	S2-633750945		4	India	East Infotech Private Limited	ইস্ট ইনফোটেক প্রাইভেট লিমিটেড	Bl-A, 1 St-Fr, 92/1 Daudar, Rahaman Road, Lp-37/3, Kolkata, Kolkata, Howrah, West Bengal	#490 BL-A, KOLKATA, HOWRAH, West Bengal
S1-258821220	0.0	miss	blocking	S3-128515999		4	India	East Infotech Private Limited	East Infotech Pcivate Limited	Bl-A, 1 St-Fr, 92/1 Daudar, Rahaman Road, Lp-37/3, Kolkata, Kolkata, Howrah, West Bengal	Howrah, Bl-a, WB, Kolkata
S1-258821220	0.0	miss	blocking	S3-510836594		4	India	East Infotech Private Limited	Sri #eastinfotech	Bl-A, 1 St-Fr, 92/1 Daudar, Rahaman Road, Lp-37/3, Kolkata, Kolkata, Howrah, West Bengal	WB, Bl-a, Howrah, Kolkata
S1-258821220	0.0	miss	model	S3-730632354	0.7078	4	India	East Infotech Private Limited	Limited East Infotech Private	Bl-A, 1 St-Fr, 92/1 Daudar, Rahaman Road, Lp-37/3, Kolkata, Kolkata, Howrah, West Bengal	Bl-a, Howrah, পশ্চিমবঙ্গ
S1-259600231	0.0	miss	model	S3-616162459	0.0509	2	India	Lakshmi Technology Private Limited	Lakshmi Technology Private [Ltd]	Flat No.1002, Gh-08 Sec-52, Sector -45, Gurgaon, Haryana	
S1-259600231	0.0	miss	blocking	S3-828153280		2	India	Lakshmi Technology Private Limited	Vantagefayecira (ID: 61904)	Flat No.1002, Gh-08 Sec-52, Sector -45, Gurgaon, Haryana	Flat No.1002, Gh-08 Sec-52, Sector -45, Gurgaon, HR
S1-260814428	0.0	false_merge		S2-964554993	0.9539	0	India	Indrtech Solutions Limited	Indrtell Solutions Ltd	Village-Daringbadi, Near Electric Office Mouza Daringbadi, Khata No-369, Plot No-1, 291, Kandhamal, Orissa	NO 12 VILLAGE-DARINGBADI, NEAR ELECTRIC OFFICE MOUZA DARINGBADI, KHATA NO-369, PLOT NO-1, 291, KANDHAMAL, ଓଡ଼ିଶା
S1-263050515	0.0	miss	model	S3-96964136	0.0199	1	India	Maa Enterprises Private Limited	ਮਾਂ ਐਂਟਰਪ੍ਰਾਈਜ਼ਿਜ਼ ਪ੍ਰਾਈਵੇਟ ਲਿਮਟਿਡ	613 Anand Nagar-Asarabha Street Patiala, Punjab, Patiala, Punjab	13 Anand Nagar-asarabha Street Patiala, Punjab, Patiala, PB
S1-263286050	0.0	miss	blocking	S3-767810143		1	US	V W Kiesow Electric Inc.	V W Koo Electric Ínc.	10 Amboy Street, Brooklyn, NY	
S1-264145345	0.0	false_merge		S2-976657000	0.8917	1	India	Gujarat Developers Private Limited	குஜராத் டெவலப்பர்ஸ் லிமிடெட்	S-2, 2Nd Floor, Skyvine Apart-Ments 12Th Main Road, 7Th Street, Y Block, Ann, A Nagar, Chennai, Tamil Nadu	NO. 844 S-23, 2ND FLOOR, SKYVINE APART-MENTS 12TH MAIN ROAD, 7TH STREET, Y BLOCK, ANN, A NAGAR, CHENNAI, TAMILNADU, Tamil Nadu
S1-264145345	0.0	miss	blocking	S3-36306276		1	India	Gujarat Developers Private Limited	குஜராத் டெவலப்பர்ஸ் பிரைவேட் லிமிடெட்	S-2, 2Nd Floor, Skyvine Apart-Ments 12Th Main Road, 7Th Street, Y Block, Ann, A Nagar, Chennai, Tamil Nadu	S-2, Chennai, Anna Nagar Ii, TN
S1-264491120	0.0	miss	blocking	S3-67882325		1	US	Smith	smith.com	906 Mulberry St, Louisville, KY	
S1-269725967	0.0	miss	blocking	S2-182437015		1	US	Interfaith Association	Interfaith-Associhtion	209 Zachary Lane, Hubert, NC	
S1-272385653	0.0	miss	blocking	S2-10104535		4	India	Sky Enterprises Limited	स्काई एंटरप्राइजेज लिमिटेड	D-3A, Delhi, Shakarpur	D-3A, Delhi, PREET VIHAR, DELHI
S1-272385653	0.0	miss	blocking	S2-696981324		4	India	Sky Enterprises Limited	स्काई एंटरप्राइजेज लिमिटेड	D-3A, Delhi, Shakarpur	D-3A, SHAKARPUR, PREET VIHAR, दिल्ली
S1-272385653	0.0	miss	blocking	S3-138273613		4	India	Sky Enterprises Limited	स्काई एंटरप्राइजेज लिमिटेड	D-3A, Delhi, Shakarpur	D-3a, Shakarpur, Thane, DL
S1-272385653	0.0	miss	blocking	S3-431401008		4	India	Sky Enterprises Limited	स्काई एंटरप्राइजेज लिमिटेड	D-3A, Delhi, Shakarpur	D-3a, Shakarpur, Thane, दिल्ली
S1-276736083	0.0	miss	model	S2-354136610	0.1261	2	India	City Infotech Private Limited	സിറ്റി ഇൻഫോടെക് പ്രൈവറ്റ് ലിമിറ്റഡ്	C/O Lucy Thomas, Nellickal House Vadama Po, Mala, Thrissur, Kerala	H.NO 359 C/O LUCY THOMAS, NELLICKAL HOUSE VADAMA PO, MALA, MELADOOR, Keralam
S1-276736083	0.0	miss	model	S2-472801709	0.0806	2	India	City Infotech Private Limited	സിറ്റി ഇൻഫോടെക് പ്രൈവറ്റ് ലിമിറ്റഡ്	C/O Lucy Thomas, Nellickal House Vadama Po, Mala, Thrissur, Kerala	MALA, Keralam, NELLICKAL HOUSE VADAMA PO, H.NO 359 C/O LUCY THOMAS, MELADOOR
S1-27784085	0.0	miss	blocking	S2-923335389		1	US	Fresh Harbor Value L.L.C.	FRESH HARBOR VÁLUE L.L.C.	2636 Bard Avenue, St. Albans, WV	
S1-280178309	0.0	miss	model	S2-120584975	0.4042	1	US	Solis Great Manulife Corp	SOLIS GREAT (MANULIFE)	373 Normandy Circle, TN, Nashville	371 NORMANDY CIR, NASHVILLE, TN
S1-280425649	0.0	miss	model	S3-14819078	0.1548	2	US	Gutierrez and Kim LLC	Gutierrez  and Kim	14918 Hackamore Drive, Surprise, AZ	94918 Hackamore Dr, Surprise, Arizona
S1-280425649	0.0	miss	model	S3-238189383	0.2039	2	US	Gutierrez and Kim LLC	LLC Gterrlz and Kim	14918 Hackamore Drive, Surprise, AZ	94918 Hackamore Dr, Surprise, Arizona
S1-28286985	0.0	miss	blocking	S2-492645780		3	India	Hari Technologies Private Limited	हरि टेक्नोलॉजीज प्राइवेट लिमिटेड	Delhi, Block 2, Delhi, S/F B/S Block L, Hari Nagar, West Delhi	BLOCK 2, DELHI, WEST DELHI, Delhi
S1-28286985	0.0	miss	blocking	S2-688078851		3	India	Hari Technologies Private Limited	हरि टेक्नोलॉजीज प्राइवेट लिमिटेड	Delhi, Block 2, Delhi, S/F B/S Block L, Hari Nagar, West Delhi	BLOCK 2, DELHI, WEST DELHI, Delhi
S1-28286985	0.0	miss	blocking	S3-710652215		3	India	Hari Technologies Private Limited	हरि टेक्नोलॉजीज प्राइवेट लिमिटेड	Delhi, Block 2, Delhi, S/F B/S Block L, Hari Nagar, West Delhi	Block 2, S/f B/s Block L, Hari Nagar, Delhi, West Delhi, DL
S1-290696988	0.0	miss	blocking	S3-603762538		1	US	Delta Animal Hospital	deltaanimalhospital.com	11567 Deer Lane, La Plata, MD	Deer Ln, La Plata, Maryland
S1-292168515	0.0	miss	blocking	S2-225268960		2	India	Rohini Farmers Private Limited	ROHINIFARMERS.COM	3Rd Floor Sector-15, Delhi, North Delhi, 8-A/12, Rohini	8-A/12, 3RD FLOOR SECTOR-15, ROHINI, Delhi
S1-292168515	0.0	miss	model	S3-857362488	0.681	2	India	Rohini Farmers Private Limited	Rohini Private Limited Services	3Rd Floor Sector-15, Delhi, North Delhi, 8-A/12, Rohini	North Delhi, DL, Rohini, 3Rd Floor Sector-15, Plto B3/18 8-A/12
S1-29252144	0.0	false_merge		S2-185656264	0.8415	0	India	Maa Hospitality Limited	மா குளோபல் லிமிடெட்	Plot No.2, Vsr Complex, 2Nd Floor, Taramani Link Road, Velachery, Chennai, Tamil Nadu	4, VSR COMPLEX, 2ND FLOOR, TARAMANI LINK ROAD, VELACHERY, CHENNAI, RAJALAKSHMI NAGAR, Tamil Nadu
S1-298332576	0.0	miss	blocking	S3-605814984		1	India	Red Brothers Private Limited	Ariakor+	A-135, Sector - 63, Noida, Gautam Buddha Nagar, Uttar Pradesh	A-135, Sector - 63, Noida, Gautam Buddha Nagar, Uttar Pradesh
S1-298409262	0.0	false_merge		S3-141556006	0.8679	0	India	AP Bkc Ltd	AGP Bkc Ltd	Maharashtra, Thane, Station Road, Sharma House	Sharma House, Thane, Station Road, MH
S1-29869515	0.0	miss	model	S3-392397592	0.0332	1	US	Star Software Company	Star Company Service	227 Rutherford Avenue, Oyster Bay, NY	Rutherford Avenue, Massaequa, New York
S1-300467431	0.0	miss	blocking	S3-927395524		1	US	Cardiology Empire Specialists Inc	Cardiology  Empire Specialists lnc	7927 Thompson Road, Milwaukie, OR	
S1-30253037	0.0	miss	blocking	S3-579604381		2	India	Anand City Logistics Private Limited	@anandcity	Delhi, Vikas Marg Laxmi Nagar, Delhi, D-10	D-10, Delhi, Vikas Marg Laxmi Nagar, DL
S1-30253037	0.0	miss	blocking	S3-854723282		2	India	Anand City Logistics Private Limited	आनंद सिटी लॉजिस्टिक्स प्राइवेट लिमिटेड	Delhi, Vikas Marg Laxmi Nagar, Delhi, D-10	D-10, Vikas Marg Laxmi Nagar, Delhi, दिल्ली
S1-303072642	0.0	miss	blocking	S2-883842180		2	US	Lucky Pub	Lucky Pub	33 Green Park Lane, Ofallon, MO	
S1-303072642	0.0	miss	blocking	S3-524106955		2	US	Lucky Pub	Lucky Lucky Pub	33 Green Park Lane, Ofallon, MO	
S1-305693212	0.0	miss	model	S2-520334088	0.0325	1	US	Sheppard, Salome, MD, DDS PC LLC	Sheppard, Salome, MD, MD, DDS	1721 Armstead Avenue, Grand Prairie, TX	1720 ARMSTEAD AVENUE, GRAND PRRAIRIE, TX
S1-30663631	0.0	false_merge		S2-185540581	0.9232	0	US	Rocky Institute	Rocky LLC Ínstitute	1421 Llano Street, Port Neches, TX	142 LLANO ST, PORT NECHES, TX
S1-30663631	0.0	false_merge		S2-894403098	0.9245	0	US	Rocky Institute	Rocky Institute Co	1421 Llano Street, Port Neches, TX	142 LLANO STREET, PORT NECHES, TX
S1-307157733	0.0	miss	blocking	S3-476581005		1	India	Agni Cards Private Limited	Private Agni Csdarss Limited	Shop No. 4, Ground Floor, Neeraj Park C.H.S Ltd, Bldg 1, R.N.P Park, A Wing, Near Shiv Ma, Ndi, Bhyander Thane, Thane, Maharashtra	Shop No. 4, Bhyander Thane, Thane, MH
S1-307664728	0.0	miss	blocking	S3-59987890		1	India	Ahmedabad Ventures	Ahmedabad Center	1077, B-14, Shakti Dhara Colony L.B. Shastri Rd, Thakkarnagar Rd, Ahmedabad, Gujarat	077, GJ, Ahmedabad
S1-307963829	0.0	miss	blocking	S3-113177266		1	US	Internal Medicine Superior Care Associates LP	Internal Medicine Superior Care Associates	4126 NW Blvd, Unit APT 119, Davenport, IA	
S1-316739342	0.0	miss	blocking	S2-583425712		3	India	Classic Impex	क्लासिक इम्पेक्स	Unit No 149, First Floor, Centrum Plaza, Sector -53, Golf Course Road, Basai Road, Gurgaon, Haryana	UNIT NO 149, N/A, GURGAON, BASAI ROAD, Haryana
S1-316739342	0.0	miss	blocking	S2-782652762		3	India	Classic Impex	क्लासिक इम्पेक्स	Unit No 149, First Floor, Centrum Plaza, Sector -53, Golf Course Road, Basai Road, Gurgaon, Haryana	UNIT NO 149, N/A, BASAI ROAD, GURGAON, Haryana
S1-316739342	0.0	miss	blocking	S3-518225300		3	India	Classic Impex	क्लासिक इम्पेक्स	Unit No 149, First Floor, Centrum Plaza, Sector -53, Golf Course Road, Basai Road, Gurgaon, Haryana	Unit No 149, Basai Road, Gurgaon, HR
S1-317460091	0.0	miss	blocking	S3-411124875		2	India	Uppal Comptech Pvt Ltd	Ltd Uppal Pvt Center	Plot No.14, Phase-Ii, Ida, Cherlapally, Uppal, Hyderabad, Telangana	177, Rangareddy, Hyderabad, తెలంగాణ
S1-317460091	0.0	miss	blocking	S3-595493872		2	India	Uppal Comptech Pvt Ltd	Uppal Pvt Ltd Services	Plot No.14, Phase-Ii, Ida, Cherlapally, Uppal, Hyderabad, Telangana	177, Phase-ii, Ida, Cherlapally, Rangareddy, Hyderabad, TG
S1-318756531	0.0	miss	blocking	S2-360275914		1	India	Vrk Bpo Private Limited	Vrk Private Limited Center	Vasai, Thane, Gala No 23 And 24, Shailesh Industrial, Complex, Sativali Road, Modi Hyundai Showroom, Vasai East, Maharashtra, Ground Floor	
S1-319617803	0.0	miss	blocking	S3-483319818		1	India	South Foods Private Limited	Mr South Foods Piiadftte Limited	Delhi, P No-5, Lsc Suraj Mal Vihar, Shahdara, East Delhi, Delhi, S.No-301	
S1-324099540	0.0	false_merge		S2-465564925	0.883	0	US	South Highland Ford L.L.C.	South Highland Ford LLC	212 Wilson Road, Hankamer, TX	214 WILSNO RD, HANKAMER, TX
S1-324168063	0.0	miss	model	S2-520488191	0.4495	2	India	TVR Consultancy Corporation	TVR CAONSLTANY CORPORATION	No.1/2, Chengalpattu Uzhavar Santhai Travellors Bangla Road, Chengalpattu, Kancheepuram, Tamil Nadu	DOOR NO 1/2 , CHENGALPATTU UZHAVAR SANTHAI TRAVELLORS BANGLA ROAD, CHENGALPATTU, Tamil Nadu
S1-324168063	0.0	miss	blocking	S3-350876777		2	India	TVR Consultancy Corporation	#tvrconsultancy	No.1/2, Chengalpattu Uzhavar Santhai Travellors Bangla Road, Chengalpattu, Kancheepuram, Tamil Nadu	H.no 1/2, Chengalpattu, Kancheepuram, TN
S1-324758100	0.0	miss	model	S2-870928250	0.0722	2	US	Metropolitan Agriculture LLC	SERVICES METROPOLITAN LLC	134 47th Street, Tulsa, OK	141 47TH ST, TULSA, OK
S1-324758100	0.0	miss	model	S3-663426430	0.1889	2	US	Metropolitan Agriculture LLC	Metropolitan LLC Services	134 47th Street, Tulsa, OK	##128 47th St, Tulsa, Oklahoma
S1-328560452	0.0	miss	blocking	S2-409964023		1	India	Creative Properties Private Limited	क्रिएटिव प्रॉपर्टीज प्राइवेट लिमिटेड	1St Floor, Plot No. A-28, Sector-136, Noida, Gautam Buddha Nagar, Uttar Pradesh	FLOOR, GAUTAM BUDDHA NAGAR, उत्तर प्रदेश
S1-329289086	0.0	false_merge		S2-624513596	0.9431	0	India	Eastern Constructions Limited	Eastern Constructions Private Limited	69-31-04, Gandhipuram-4, Lalacheruvu, Rajahmundry (Urban), East Godavari, Andhra Pradesh	DOOR NO A-555 69-31-17, GANDHIPURAM-4, LALACHERUVU, RAJAHMUNDRY (URBAN), Andhra Pradesh
S1-332215583	0.0	miss	blocking	S2-495276790		8	India	Royal Consultancy Pvt Ltd	रॉयल कंसल्टेंसी प्रा. लि.	Indore, 20-B, Madhya Pradesh, Builders Colony, Gsti Road	22-B, INDORE, Madhya Pradesh
S1-332215583	0.0	miss	model	S2-544674279	0.1023	8	India	Royal Consultancy Pvt Ltd	Royal Consultancy Pvt	Indore, 20-B, Madhya Pradesh, Builders Colony, Gsti Road	22-B, BUILDERS COLONY, GSTI ROAD, INDORE, Madhya Pradesh
S1-332215583	0.0	miss	blocking	S2-752827754		8	India	Royal Consultancy Pvt Ltd	Dr Yumavio	Indore, 20-B, Madhya Pradesh, Builders Colony, Gsti Road	22-B, BUILDERS COLONY, GSTI ROAD, INDORE, Madhya Pradesh
S1-332215583	0.0	miss	blocking	S3-146739467		8	India	Royal Consultancy Pvt Ltd	रॉयल कंसल्टेंसी प्रा. लि.	Indore, 20-B, Madhya Pradesh, Builders Colony, Gsti Road	20-B, Indore, MP
S1-332215583	0.0	miss	blocking	S3-41839086		8	India	Royal Consultancy Pvt Ltd	रॉयल कंसल्टेंसी प्रा. लि.	Indore, 20-B, Madhya Pradesh, Builders Colony, Gsti Road	20-B, Indore, MP
S1-332215583	0.0	miss	blocking	S3-706261493		8	India	Royal Consultancy Pvt Ltd	रॉयल कंसल्टेंसी प्रा. लि.	Indore, 20-B, Madhya Pradesh, Builders Colony, Gsti Road	20-B, Indore, मध्य प्रदेश
S1-332215583	0.0	miss	blocking	S3-932758181		8	India	Royal Consultancy Pvt Ltd	रॉयल कंसल्टेंसी प्रा. लि.	Indore, 20-B, Madhya Pradesh, Builders Colony, Gsti Road	20-B, Indore, MP
S1-332215583	0.0	miss	blocking	S3-975475622		8	India	Royal Consultancy Pvt Ltd	royalconsultancy.com	Indore, 20-B, Madhya Pradesh, Builders Colony, Gsti Road	20-B, Indore, मध्य प्रदेश
S1-332533031	0.0	miss	blocking	S2-565246906		3	India	Future Software Private Limited	फ्यूचर सॉफ्टवेयर प्राइवेट लिमिटेड	D-16/127-128, Second Floor, Sector 3, Rohini, Delhi, North West Delhi	D-16/127-128, DELHI, NORTH WEST DELHI, Delhi
S1-332533031	0.0	miss	blocking	S2-749610957		3	India	Future Software Private Limited	फ्यूचर सॉफ्टवेयर प्राइवेट लिमिटेड	D-16/127-128, Second Floor, Sector 3, Rohini, Delhi, North West Delhi	D-16/127-128, DELHI, NORTH WEST DELHI, Delhi
S1-332533031	0.0	miss	blocking	S3-215678874		3	India	Future Software Private Limited	फ्यूचर सॉफ्टवेयर प्राइवेट लिमिटेड	D-16/127-128, Second Floor, Sector 3, Rohini, Delhi, North West Delhi	H.no 195 D-16/127-128, Second Floor, Sector 3, Rohini, North West Delhi, Delhi, दिल्ली
S1-339216188	0.0	miss	blocking	S2-469044368		4	India	Digital It Private Limited	डिजिटल आईटी प्राइवेट लिमिटेड	B-76, Sector-14, Noida, Gautam Buddha Nagar, Uttar Pradesh	B-76, SECTOR-14, MUMBAI, GAUTAM BUDDHA NAGAR, Uttar Pradesh
S1-339216188	0.0	miss	blocking	S3-298895762		4	India	Digital It Private Limited	डिजिटल आईटी प्राइवेट लिमिटेड	B-76, Sector-14, Noida, Gautam Buddha Nagar, Uttar Pradesh	B-76, Gautam Buddha Nagar, UP
S1-339216188	0.0	miss	blocking	S3-326101160		4	India	Digital It Private Limited	Digital It Limited Center	B-76, Sector-14, Noida, Gautam Buddha Nagar, Uttar Pradesh	B-76, Noida, UP
S1-339216188	0.0	miss	blocking	S3-535553837		4	India	Digital It Private Limited	DI	B-76, Sector-14, Noida, Gautam Buddha Nagar, Uttar Pradesh	B-76, Sector-14, Noida, Gautam Buddha Nagar, Uttar Pradesh
S1-343160444	0.0	miss	blocking	S3-219230455		1	India	Yamuiya Solutions Private Limited	Yamuiya Private Limited Center	No.7, Neelam Thottam 3Rd Street, Perambur, Chennai, Tamil Nadu	#7, Chennai City Region, Chennai, தமிழ்நாடு
S1-346153411	0.0	miss	blocking	S2-184155192		5	India	Shivam Technologies Private Limited	शिवम टेक्नोलॉजीज प्राइवेट लिमिटेड	B-5, Manas Apartments Mayur Vihar, Phase-1, Delhi, East Delhi, Delhi	DIVREPORTINGCIRCLE, B-5., Delhi
S1-346153411	0.0	miss	blocking	S2-834584972		5	India	Shivam Technologies Private Limited	Private Shivam Techn0logies Limited	B-5, Manas Apartments Mayur Vihar, Phase-1, Delhi, East Delhi, Delhi	B-5., DIVREPORTINGCIRCLE, Delhi
S1-346153411	0.0	miss	blocking	S3-329151192		5	India	Shivam Technologies Private Limited	शिवम टेक्नोलॉजीज प्राइवेट लिमिटेड	B-5, Manas Apartments Mayur Vihar, Phase-1, Delhi, East Delhi, Delhi	B-5/1, East Delhi, Mayur Vihar Phase One, DL
S1-346153411	0.0	miss	blocking	S3-843951507		5	India	Shivam Technologies Private Limited	शिवम टेक्नोलॉजीज प्राइवेट लिमिटेड	B-5, Manas Apartments Mayur Vihar, Phase-1, Delhi, East Delhi, Delhi	B-5/1, Delhi, Mayur Vihar Phase One, DL
S1-346153411	0.0	miss	blocking	S3-932785345		5	India	Shivam Technologies Private Limited	शिवम टेक्नोलॉजीज प्राइवेट लिमिटेड	B-5, Manas Apartments Mayur Vihar, Phase-1, Delhi, East Delhi, Delhi	B-5/1, Delhi, Mayur Vihar Phase One, DL
S1-348788638	0.0	miss	blocking	S2-1793794		5	India	Vijay Developers Private Limited	বিজয় ডেভেলপারস প্রাইভেট লিমিটেড	Room No.-201, 2Nd Floor 161, Rabindra Sarani, Kolkata, Howrah, West Bengal	ROOM NO.-01, KOLKATA, West Bengal
S1-348788638	0.0	miss	blocking	S2-441143236		5	India	Vijay Developers Private Limited	Vijay Developers Private	Room No.-201, 2Nd Floor 161, Rabindra Sarani, Kolkata, Howrah, West Bengal	
S1-348788638	0.0	miss	blocking	S2-460466474		5	India	Vijay Developers Private Limited	বিজয় ডেভেলপারস প্রাইভেট লিমিটেড	Room No.-201, 2Nd Floor 161, Rabindra Sarani, Kolkata, Howrah, West Bengal	ROOM NO.-01, HOWRAH, West Bengal
S1-348788638	0.0	miss	blocking	S2-465732074		5	India	Vijay Developers Private Limited	Vijay Developers Private  Limited	Room No.-201, 2Nd Floor 161, Rabindra Sarani, Kolkata, Howrah, West Bengal	
S1-348788638	0.0	miss	blocking	S3-686751988		5	India	Vijay Developers Private Limited	বিজয় ডেভেলপারস প্রাইভেট লিমিটেড	Room No.-201, 2Nd Floor 161, Rabindra Sarani, Kolkata, Howrah, West Bengal	Room No.-201, Howrah, Kolkata, WB
S1-352461928	0.0	miss	model	S2-473264054	0.1936	1	India	Bangalore South Entertainment Pvt Ltd	BANGALORE SOUTH  PVT LTD CENTER	3Rd Floor And Terrace, No. 21, 80Ft Main Road, 4Th Block, Bangalore South, Bangalore, Karnataka	23 FLOOR AND TERRACE, NO. 21, 80FT MAIN ROAD, 4TH BLOCK, BANGALORE SOUTH, Karnataka
S1-354178403	0.0	false_merge		S3-413748778	0.8477	0	US	Ferrola Resolution, L.L.C.	Korlum Resoltlen, L.L.C.	200 Dunthorne Drive, Crawford, NY	204 Dunthorne Drive, Crawford, New York
S1-354664888	0.0	miss	model	S3-355026881	0.1376	1	India	Blue Foundation Private Limited	Blue Foundation	West Bengal, Kolkata, 19, Howrah, Canal South Road, Paridhan Garment Park, Sdf 2, Block B, 4Th Floor, Unit No- 503 & 504, Kolkata	Door No 876 19, Kolkata, Howrah, WB
S1-356295582	0.0	miss	blocking	S3-827173019		1	US	Orthopedic Care Associates LLC	Arciri	2001 Breezy Point Circle, Chesterfield County, VA	2001 Brezey Point Cir, Richmond, Virginia
S1-357310008	0.0	miss	blocking	S2-318940365		3	India	Ram Foods Limited	ਰਾਮ ਫੂਡਜ਼ ਲਿਮਟਿਡ	Kothi No. 66, Sector-70, Sas Nagar (Mohali), S.A.S.Nagar (Mohali), Rupnagar, Punjab	KOTHI NO. 66, S.A.S.NAGAR (MOHALI), ਪੰਜਾਬ
S1-357310008	0.0	miss	blocking	S3-156980204		3	India	Ram Foods Limited	ਰਾਮ ਫੂਡਜ਼ ਲਿਮਟਿਡ	Kothi No. 66, Sector-70, Sas Nagar (Mohali), S.A.S.Nagar (Mohali), Rupnagar, Punjab	Kothi No. 66, Rupnagar, PB
S1-357310008	0.0	miss	blocking	S3-175454744		3	India	Ram Foods Limited	ਰਾਮ ਫੂਡਜ਼ ਲਿਮਟਿਡ	Kothi No. 66, Sector-70, Sas Nagar (Mohali), S.A.S.Nagar (Mohali), Rupnagar, Punjab	Kothi No. 66, Rupnagar, ਪੰਜਾਬ
S1-357690583	0.0	miss	model	S3-408011231	0.1084	2	US	Shanahan Bright Shipping LLC	Shanahan Bright Shipping	236 East Drive, Westfield, IN	336 East Drive, NULL, Westfield, Indiana
S1-357690583	0.0	miss	blocking	S3-594048693		2	US	Shanahan Bright Shipping LLC	Vantagelum	236 East Drive, Westfield, IN	East Dr, NULL, Westfield, Indiana
S1-358592176	0.0	false_merge		S2-455449862	0.9952	0	India	XOG Seth Ltd	XROG Seh Ltd	Pournami Manganam P.O, Muttambalam, Kottayam, Kerala	Keralam, POURNAMI MANGANAM P.O, MUTTAMBALAM, KOTTAYAM
S1-359287499	0.0	miss	blocking	S2-509543596		3	India	City Developers	సిటీ డెవలపర్స్	House No. 11-6-58/Nr, Plot No 3, Balanagar, Kukatpally, Tirumalagiri, Hyderabad, Telangana	HOUSE NO. 9-11-6-58/NR, HYDERABAD, Telangana
S1-359287499	0.0	miss	blocking	S3-712304385		3	India	City Developers	సిటీ డెవలపర్స్	House No. 11-6-58/Nr, Plot No 3, Balanagar, Kukatpally, Tirumalagiri, Hyderabad, Telangana	House No. 11-6-58/Nr, Mahbubnagar, Tirumalagiri, తెలంగాణ
S1-359287499	0.0	miss	blocking	S3-952458734		3	India	City Developers	City Services	House No. 11-6-58/Nr, Plot No 3, Balanagar, Kukatpally, Tirumalagiri, Hyderabad, Telangana	House No. 11-6-58/Nr, Hyderabad, TG
S1-360493999	0.0	miss	model	S2-764472069	0.3194	1	US	Grand Industrial Dynamics LLC	GRAND INDUSTRIAL DYNAMICS  LLC	Village Of Cleveland, 1101 Elm Street, WI	
S1-361734445	0.0	false_merge		S2-546465098	0.8944	0	India	Vinita & Sons Pvt Ltd	Vinita & Sóns Ventures Pvt Ltd	Gat No.118/1, Dhanore, Tal-Khed Dist-Pune, Pune, Maharashtra	GAT NO.118/1, DHANORE, TAL-KHED DIST-PUNE, Maharashtra
S1-362421543	0.0	false_merge		S3-165297156	0.924	0	US	Family Blue Clinic Inc.	Family Blue Claoic Holdings	OR, North Bend, 1465 Sherman Avenue	1465 Sherman Ave, North Bend, Oregon
S1-362421543	0.0	false_merge		S3-79931700	0.9998	0	US	Family Blue Clinic Inc.	Inc Family Blue Clinic	OR, North Bend, 1465 Sherman Avenue	1465 Sherman Ave, North Bend, Oregon
S1-364689734	0.0	miss	model	S3-56034572	0.3826	1	US	Rush Epr Inc	Rush Épr Inc	3396 Glendale Road, Carroll County, VA	
S1-370185195	0.0	miss	blocking	S2-410264293		1	India	Supreme Glass Private Limited	Supreme Private Limited Services	G-1, Adinath Chs Ltd, Castle Mill Circle, Thane, Maharashtra	
S1-370342679	0.0	miss	blocking	S2-245321829		2	India	Maa Projects Private Limited	Maa Projects Private Ltd	56, Netaji Subhas Road 2Nd Floor, Kolkata, Kolkata, Howrah, West Bengal	
S1-370342679	0.0	miss	blocking	S2-820943132		2	India	Maa Projects Private Limited	মা প্রজেক্টস প্রাইভেট লিমিটেড	56, Netaji Subhas Road 2Nd Floor, Kolkata, Kolkata, Howrah, West Bengal	56, KOLKATA, HOWRAH, West Bengal
S1-373117904	0.0	miss	model	S3-685754601	0.2855	1	US	Oncology Health	Oncology  Health	2521 Squire Place, Farmers Branch, TX	2534 Sqire Pl, Dallas, Texas
S1-375691722	0.0	miss	blocking	S2-803980971		3	India	Star Engineering	स्टार इंजीनियरिंग	Zal Complex, Opp. S.F.S School, Residency Road, Sadar, Maharashtra, Nagpur, 5 & 6	#5 & 6, ZAL COMPLEX, OPP. S.F.S SCHOOL, RESIDENCY ROAD, SADAR, NAGPUR, Maharashtra
S1-375691722	0.0	miss	blocking	S3-74963483		3	India	Star Engineering	Arianovi	Zal Complex, Opp. S.F.S School, Residency Road, Sadar, Maharashtra, Nagpur, 5 & 6	Zal Complex, Opp. S.F.S School, Residency Road, 5 & 6, Sadar, Maharashtra, Nagpur
S1-375691722	0.0	miss	blocking	S3-992317580		3	India	Star Engineering	स्टार इंजीनियरिंग	Zal Complex, Opp. S.F.S School, Residency Road, Sadar, Maharashtra, Nagpur, 5 & 6	Door No #5 & 6, Zal Complex, Opp. S.f.s School, Residency Road, Sadar, Nagpur, महाराष्ट्र
S1-377169818	0.0	miss	model	S3-883616755	0.1442	1	India	Universal Marketing Private Limited	Universal Marketing Private Ltd	Unit No. 639, 6Th Floor, Tower B2, Spaze Itech Park, Sec 49, Gurgaon, Haryana, Gurgaon	Unit No. 39, Gurugram, Gurgaon, HR
S1-379277458	0.0	miss	blocking	S2-514183575		2	India	Ace Impex Private Limited	एस इम्पेक्स प्राइवेट लिमिटेड	Ground Floor Palam Village, Near Gol Chakkar, New Delhi, Wz-72, Delhi, New Delhi	WZ-72, NEW DELHI, Delhi
S1-379277458	0.0	miss	blocking	S3-548608380		2	India	Ace Impex Private Limited	एस इम्पेक्स प्राइवेट लिमिटेड	Ground Floor Palam Village, Near Gol Chakkar, New Delhi, Wz-72, Delhi, New Delhi	DL, New Delhi, Wz-72., South West Delhi
S1-380877653	0.0	false_merge		S3-409243417	0.7313	0	US	Complete Genomic Services PLLC	Complete Genomic LLC Partners	3603 Library Avenue, Cleveland, OH	
S1-382645513	0.0	miss	blocking	S2-635309508		5	India	Eastern Solutions Pvt Ltd	ईस्टर्न सॉल्यूशंस प्रा. लि.	H M M Society, Plot No- 6 Dwarka, Sector-10, 11, Delhi, South West Delhi, Delhi	11, DELHI, SOUTH WEST DELHI, Delhi
S1-382645513	0.0	miss	blocking	S2-800922530		5	India	Eastern Solutions Pvt Ltd	ईस्टर्न सॉल्यूशंस प्रा. लि.	H M M Society, Plot No- 6 Dwarka, Sector-10, 11, Delhi, South West Delhi, Delhi	11, H M M SOCIETY, PLOT NO- 6 DWARKA, SECTOR-10, SOUTH WEST DELHI, DELHI
S1-382645513	0.0	miss	blocking	S3-158810419		5	India	Eastern Solutions Pvt Ltd	ईस्टर्न सॉल्यूशंस प्रा. लि.	H M M Society, Plot No- 6 Dwarka, Sector-10, 11, Delhi, South West Delhi, Delhi	011, Delhi, Delhi Dwarka Sector Nineteen, दिल्ली
S1-382645513	0.0	miss	blocking	S3-23323366		5	India	Eastern Solutions Pvt Ltd	ईस्टर्न सॉल्यूशंस प्रा. लि.	H M M Society, Plot No- 6 Dwarka, Sector-10, 11, Delhi, South West Delhi, Delhi	011, Delhi, Delhi Dwarka Sector Nineteen, DL
S1-382645513	0.0	miss	blocking	S3-846465413		5	India	Eastern Solutions Pvt Ltd	ईस्टर्न सॉल्यूशंस प्रा. लि.	H M M Society, Plot No- 6 Dwarka, Sector-10, 11, Delhi, South West Delhi, Delhi	011, Delhi, Delhi Dwarka Sector Nineteen, DL
S1-382983637	0.0	miss	blocking	S3-937471447		1	US	Office of Aging	officeaging.com	8417 Silver Street, Cheney, WA	Washington, Silver Street, Cheney
S1-383861532	0.0	false_merge		S2-638987304	0.7661	0	US	Ruthe's Pinnacle Tax Service	Ruthe's Tax Service (Services)	68 Ray Avenue, Brownsville, TX	
S1-384507122	0.0	miss	model	S2-853486637	0.1198	1	India	Surya International Private Limited	സൂര്യ ഇന്റർനാഷണൽ പ്രൈവറ്റ് ലിമിറ്റഡ്	2Nd Floor, Door No:19/124W K M Arcade Opp Nss College, Puthiyapalam, Kozhikode, Kerala	DOOR NO 4ND FLOOR, DOOR NO:19/124W K M ARCADE OPP NSS COLLEGE, PUTHIYAPALAM, KOZHIKODE, Kerala
S1-384566742	0.0	miss	blocking	S3-163915550		1	India	Balaji India Limited	Balaji Ina-Limited	Flat No Gd Sankalp Sapphire Apartments 5Th Main, Vontikoppal, Mysore, Karnataka	
S1-3882873	0.0	miss	blocking	S2-294018094		1	India	Digital Engineering LLP	ಡಿಜಿಟಲ್ ಇಂಜಿನಿಯರಿಂಗ್ ಎಲ್ಎಲ್‌ಪಿ	No.44, 9Th Cross, Viajaya Bank Colony, Bangalore North, Bangalore, Karnataka	NO.##44, BANGALORE NORTH, Karnataka
S1-389160894	0.0	miss	blocking	S2-953905755		2	India	Great Infrastructure Limited	ग्रेट इंफ्रास्ट्रक्चर लिमिटेड	Plot No-26, 1St Floor, Block-C, Lawrance Road Industrial Area, Keshavpuram Ind. Area, New Delhi, North West, Delhi	PLOT NO-26, NEW DELHI, NORTH WEST, Delhi
S1-389160894	0.0	miss	blocking	S3-137060188		2	India	Great Infrastructure Limited	Center Great Limited	Plot No-26, 1St Floor, Block-C, Lawrance Road Industrial Area, Keshavpuram Ind. Area, New Delhi, North West, Delhi	Plot No-#26, New Delhi, दिल्ली
S1-39128637	0.0	miss	model	S2-269611528	0.6985	3	US	V 5 Rapid Systems LLC	V 5 Rpid Systems LLC	1414 Tulsa Street, Gilbert, AZ	1415 TULSA SAINT, GLBERT, AZ
S1-39128637	0.0	miss	model	S2-993046049	0.5018	3	US	V 5 Rapid Systems LLC	V V 5 Rápid Systems (LLC)	1414 Tulsa Street, Gilbert, AZ	1415 TULSA ST, GLBERT, AZ
S1-39128637	0.0	miss	model	S3-488569378	0.5193	3	US	V 5 Rapid Systems LLC	L.L.C. V 5 Rapid Systems	1414 Tulsa Street, Gilbert, AZ	1414. Tulsa Street, Gilbert, Arizona
S1-391810090	0.0	miss	blocking	S3-393192088		1	US	Behavioral Health Specialists LLC	Behavioral Hegls Specialists LLC	5 Saint Paul Street, Unit 2, Salem, MA	Saint Paul Street, Salem, Massachusetts
S1-395292100	0.0	miss	blocking	S2-712639534		2	US	Tri-State Home Improvements Inc	tristatehomeimprovements.com	1857 3rd Place, Birmingham, AL	857 THIRD PLACE, BIRMINGHAM, AL
S1-395292100	0.0	miss	model	S3-253347651	0.4745	2	US	Tri-State Home Improvements Inc	Tri-State Home Improvements (Inc)	1857 3rd Place, Birmingham, AL	
S1-395476754	0.0	miss	model	S2-394167521	0.1345	1	US	Hopson Cross	Hopson Cross	50 Willis Street, Unit 28, Boston, MA	
S1-397660886	0.0	false_merge		S2-182340706	0.9997	0	India	Hariom Industries Group	Hariom Industries  Group	C/O Raghuvir Singh, Kushalpura, Nimkathana, Sikar, Rajasthan	NO ##11 C/O RAGHUVIR SINGH, KUSHALPURA, NIMKATHANA, Rajasthan
S1-398653421	0.0	miss	model	S3-557708019	0.0498	1	India	Dct Trading LLP	Dct Trdng LLP	Ground Floor, 53, Shyama Prasad Mukherjee Road, Kolkata, Kolkata, Howrah, West Bengal	
S1-401079927	0.0	miss	blocking	S2-90957716		2	India	Modern Technologies Private Limited	मॉडर्न टेक्नोलॉजीज प्राइवेट लिमिटेड	North West Delhi, E-890 Saraswati Vihar, Delhi, First Floor	E-90 SARASWATI VIHAR, DELHI, NORTH WEST DELHI, Delhi
S1-401079927	0.0	miss	blocking	S3-556011455		2	India	Modern Technologies Private Limited	M0dern Technologies Private (Limited)	North West Delhi, E-890 Saraswati Vihar, Delhi, First Floor	E-89 Saraswati Vihar, First Floor, North West Delhi, Delhi, दिल्ली
S1-402648898	0.0	miss	blocking	S3-160444641		2	India	Ajay Service Limited	Ajay Limited Center	Sh15Kinjallavistachsltd, Poonamsagarcomplexmirarde, Thane, Maharashtra	
S1-402648898	0.0	miss	blocking	S3-905400536		2	India	Ajay Service Limited	Ajay  5ervice Ltd	Sh15Kinjallavistachsltd, Poonamsagarcomplexmirarde, Thane, Maharashtra	Shd/15kinjallavistachsltd, Mira-bhayandar, MH, Thane
S1-408242386	0.0	miss	blocking	S2-785995687		4	India	Job Trading Pvt Ltd	Mr J0b Trading Pvt Ltd	A-45/5 Dlf Phase 1, Gurgaon, Haryana	A-45/5 DLF PHASE 1, GURUGRAM, GURGAON, Haryana
S1-408242386	0.0	miss	blocking	S3-123448471		4	India	Job Trading Pvt Ltd	Mr jobtrading.com	A-45/5 Dlf Phase 1, Gurgaon, Haryana	A-45/5. Dlf Phase 1, Gurgaon, HR
S1-408242386	0.0	miss	blocking	S3-226457980		4	India	Job Trading Pvt Ltd	Shri Synnovi	A-45/5 Dlf Phase 1, Gurgaon, Haryana	A-45/5. Dlf Phase 1, Gurgaon, HR
S1-408242386	0.0	miss	blocking	S3-723057194		4	India	Job Trading Pvt Ltd	Job Traidig  Pvt Ltd	A-45/5 Dlf Phase 1, Gurgaon, Haryana	
S1-408783342	0.0	false_merge		S3-81614456	0.9314	0	India	Deepak Industries Private Limited	Deepak  Products Private Limited	Gurgaon, Haryana, House No.758A Sector 14 Gurgaon Haryana, Gurgaon	House No.758a Sector 14 Gurgaon Haryana, Gurgaon, HR
S1-412854120	0.0	miss	model	S2-450373132	0.2922	1	US	Superior Chemical Works LLC	The Superior Chemical Works  LLC	237 Surf Drive, New Lenox, IL	
S1-412969699	0.0	miss	blocking	S3-284875125		1	India	Star Projects Private Limited	Star Prójects Private Limited Limited	Neem Chowk, Sanwaliyaji, Near Sri Sanwariya Temple, Bhadesar, Chittorgarh, Rajasthan	
S1-418881531	0.0	miss	model	S2-623230271	0.3039	2	India	Sk Management Corporation	Partners Sk Corporation	Gurgaon, Haryana, Arjun Nagar, Sector - 40, Booth No 101	HN 474 BOOHT NO 101, SECTOR - 40, GURGAON, ARJUN NAGAR, Haryana
S1-418881531	0.0	miss	model	S3-332446333	0.1379	2	India	Sk Management Corporation	Corp 5k Mánagement	Gurgaon, Haryana, Arjun Nagar, Sector - 40, Booth No 101	HR, Sector - 40, Arjun Nagar, Booth No 100, Gurgaon
S1-418912982	0.0	miss	blocking	S2-769282835		3	US	Liva's Couture	Liva's Coiutsre	213 High Street, Loogootee, IN	
S1-418912982	0.0	miss	blocking	S2-774002620		3	US	Liva's Couture	Liva's C0uture LLC	213 High Street, Loogootee, IN	
S1-418912982	0.0	miss	model	S3-558508323	0.2124	3	US	Liva's Couture	Liva's Couture Inc	213 High Street, Loogootee, IN	
S1-418941759	0.0	miss	model	S2-412410226	0.5882	1	India	Jammu Digital Private Limited	Jammu Digital Limited Service	Kachimet, Amravatiroad, Maharashtra, Solarhouse14, Nagpur	Maharashtra, SOLARHOUSEB3/14, KACHIMET, AMRAVATIROAD, NAGPUR
S1-42278506	0.0	miss	blocking	S3-248427269		3	India	Sree Agro Private Limited	श्री एग्रो प्राइवेट लिमिटेड	S/F, Delhi, New Delhi, H No. 9, Cornar Mkt Malviya Nagar	No 9, S/f, Cornar Mkt Malviya Nagar, New Delhi, DL
S1-42278506	0.0	miss	blocking	S3-436332897		3	India	Sree Agro Private Limited	श्री एग्रो प्राइवेट लिमिटेड	S/F, Delhi, New Delhi, H No. 9, Cornar Mkt Malviya Nagar	H No. 9, S/f, Cornar Mkt Malviya Nagar, New Delhi, DL
S1-42278506	0.0	miss	blocking	S3-769055538		3	India	Sree Agro Private Limited	Sree Private Limited Partners	S/F, Delhi, New Delhi, H No. 9, Cornar Mkt Malviya Nagar	H.no 9, S/f, Cornar Mkt Malviya Nagar, New Delhi, DL
S1-424583833	0.0	miss	blocking	S3-275771919		2	India	Unique Business Limited	Smt Unique 8usiness Limited	South Extension-I, Delhi, H-23, New Delhi, Iind Floor	H-23, Iind Floor, South Delhi, South Extension-i, DL
S1-424583833	0.0	miss	blocking	S3-402031277		2	India	Unique Business Limited	यूनिक बिजनेस लिमिटेड	South Extension-I, Delhi, H-23, New Delhi, Iind Floor	H-23, South Delhi, New Delhi, DL
S1-426365183	0.0	miss	blocking	S2-547382616		3	India	Surya Management Private Limited	सूर्य मैनेजमेंट प्राइवेट लिमिटेड	E-14/7, Vasant Vihar, New Delhi, Delhi	E-14/7, SOUTH WEST DELHI, NEW DELHI, Delhi
S1-426365183	0.0	miss	blocking	S3-380070486		3	India	Surya Management Private Limited	सूर्य मैनेजमेंट प्राइवेट लिमिटेड	E-14/7, Vasant Vihar, New Delhi, Delhi	Plot 961 E-14/7, Vasant Vihar, South West Delhi, दिल्ली
S1-426365183	0.0	miss	model	S3-82482846	0.3753	3	India	Surya Management Private Limited	Limited Surya Management (Center)	E-14/7, Vasant Vihar, New Delhi, Delhi	Plot 961 E-14/7, New Delhi, South West Delhi, DL
S1-426765445	0.0	false_merge		S3-401892671	0.9823	0	India	Genuine International School	Genuine Ínternational School LLP	C-27/274-A-3-1-A, First Floor Dr. Jai Singh Building, Maldahiya, Varanasi, Uttar Pradesh	C-27/274-a-3-22-a, First Floor Dr. Jai Singh Building, Varanasi, Maldahiya, उत्तर प्रदेश
S1-428578321	0.0	miss	model	S3-304631018	0.587	1	US	Montial Bold Inc	Montial Bold	1418 J Taney Avenue, Unit 201, Frederick, MD	418 J Taney Avenue, # 201, Frederick, Maryland
S1-429619773	0.0	miss	model	S2-540134055	0.7229	1	US	Eye Care Associates of Roosevelt PC	TAVOZEPHVEO	1961 S Cove Road, Roosevelt, UT	961 SOUTH COVE ROAD, ROOSEVELT, UT
S1-431317476	0.0	false_merge		S2-569406542	0.8639	0	India	Aarushi India	Aarushi Properties	Dayal Baghagra Agra, U P, Agra, Uttar Pradesh	NO 65. DAYAL BAGHAGRA AGRA, U P, Uttar Pradesh
S1-432597177	0.0	miss	model	S2-706550846	0.2789	1	US	Premier Cloud Partners	PREMIER PARTNERS SERVICE	825 Heritage Drive, Unit 2101, Provo, UT	25 HERITAGE DR, PROVO, UT
S1-433038423	0.0	miss	model	S2-587007047	0.4496	1	US	Bondi's Farms PC	Bondi's Farms	6515 Portland Avenue, Tacoma, WA	3515 PORTLAND AVENUE, TACOMA, WA
S1-433755504	0.0	miss	model	S3-215948142	0.443	2	India	North Impex Private Limited	North Private Limited Center	4Th Scheme 1 Icf Empl Clny Athipet, Chennai, Tamil Nadu	2-4Th Scheme 1 Icf Empl Clny Athipet, Chennai, தமிழ்நாடு
S1-433755504	0.0	miss	blocking	S3-778499908		2	India	North Impex Private Limited	North Imp Private Limited	4Th Scheme 1 Icf Empl Clny Athipet, Chennai, Tamil Nadu	
S1-434935161	0.0	miss	model	S3-124834209	0.0356	1	India	Galaxy Infotech Pvt Ltd	கேலக்ஸி இன்ஃபோடெக் பிரைவேட் லிமிடெட்	No.48, 18Th Cross Street Kakilachavadi, Thambaram Sanitorium, Chennai, Tamil Nadu	Chennai, 18Th Cross Street Kakilachavadi, Thambaram Sanitorium, TN, No.49, Chennai
S1-435219402	0.0	miss	model	S2-127076132	0.0948	1	US	Kinchen Star Public L.L.C.	Kinchen Star Public	700 Washington Street, St Charles, MO	
S1-437407748	0.0	miss	blocking	S2-345297012		1	India	Prr Consultants Private Limited	Prr Private Limited Services	House No.6C Old-1 Bela, Road Ladakh Budh Vihar, Delhi, North Delhi, Delhi	
S1-441720909	0.0	miss	blocking	S2-909675251		1	India	Balaji Maa Consultancy LLP	बालाजी मां कंसल्टेंसी एलएलपी	26-A, Trimurti Nagar, Nagpur, Maharashtra	26, NAGPUR, Maharashtra
S1-442325829	0.0	false_merge		S3-104212961	0.7261	0	US	Pediatric Superior Health	Pediatric Superior Health Llc	1179 Mckinley Boulevard, Renfrow, OK	200 Mckinley Boulevard, Medford, Oklahoma
S1-442325829	0.0	false_merge		S3-352054836	0.7261	0	US	Pediatric Superior Health	Pediatric Superior Héalth Ltd.	1179 Mckinley Boulevard, Renfrow, OK	200 Mckinley Boulevard, Medford, Oklahoma
S1-44330037	0.0	miss	blocking	S3-170260009		1	US	Katerina Richburg Great Pelican Inc.	Katerinarichburggreat.Com	16 Angela Drive, Dry Ridge, KY	Angela Drive, Crittenden, Kentucky
S1-444433599	0.0	false_merge		S3-511914318	0.7305	0	India	Enrich Management Private Limited	Enrich Management Holdings Private	Plot No 33, 4-9-772/P33, Road No 9 Rajarajeshwari Colony, Hayathnagar, Rangareddy, Telangana	#40, 4-9-772/P33, Road No 9 Rajarajeshwari Colony, Hayathnagar, Rangareddy, Andhra Pradesh
S1-44657954	0.0	false_merge		S3-919348125	0.9286	0	US	PJ Companies	PD COMPANIES	18000 70, Rockwood, TN	18000-18002 70, Rockwood, Tennessee
S1-44791886	0.0	miss	model	S2-640814010	0.1817	2	US	Lamao Irenic LLC	Lamao Irenic | www.lamaoiren.com	611 5th Street, Great Falls, MT	MT, 61 FIFTH ST, GREAT FALLS
S1-44791886	0.0	miss	model	S3-69828928	0.3865	2	US	Lamao Irenic LLC	Lamao Lamao LLC Center	611 5th Street, Great Falls, MT	61 5th Street, Great Falls, Montana
S1-44805804	0.0	miss	blocking	S2-327483525		4	India	Pioneer Ventures Private Limited	पायोनियर वेंचर्स प्राइवेट लिमिटेड	Flat No. 503, 05Th Floor Shri Sadguru Society, Manisha Nagar, Kal, Wa, Thane, Maharashtra	DOOR NO 503, THANE, महाराष्ट्र
S1-44805804	0.0	miss	blocking	S2-467463254		4	India	Pioneer Ventures Private Limited	पायोनियर वेंचर्स प्राइवेट लिमिटेड	Flat No. 503, 05Th Floor Shri Sadguru Society, Manisha Nagar, Kal, Wa, Thane, Maharashtra	503, Maharashtra, THANE
S1-44805804	0.0	miss	blocking	S2-817361132		4	India	Pioneer Ventures Private Limited	पायोनियर वेंचर्स प्राइवेट लिमिटेड	Flat No. 503, 05Th Floor Shri Sadguru Society, Manisha Nagar, Kal, Wa, Thane, Maharashtra	THANE, FLAT NO. 503, Maharashtra
S1-44805804	0.0	miss	model	S3-849197043	0.3384	4	India	Pioneer Ventures Private Limited	Pioneer Ventures Pivomet [Limited]	Flat No. 503, 05Th Floor Shri Sadguru Society, Manisha Nagar, Kal, Wa, Thane, Maharashtra	#5-03, Thane, MH
S1-448597321	0.0	miss	model	S2-164908257	0.4722	2	US	Crouch Preferred Altisource Inc	Crouch Preferred Áltisource Inc	614 Green Bay Road, Kenilworth, IL	
S1-448597321	0.0	miss	model	S3-607377150	0.2107	2	US	Crouch Preferred Altisource Inc	Crouch Preferred Altisource	614 Green Bay Road, Kenilworth, IL	
S1-449697731	0.0	miss	blocking	S2-415779080		2	India	Pioneer Construction Private Limited	ಪಯೊನೀರ್ ಕನ್‌ಸ್ಟ್ರಕ್ಷನ್ ಪ್ರೈವೇಟ್ ಲಿಮಿಟೆಡ್	A K Singh, Madapatna Haragadde, Bangalore, Karnataka	A K SINGH, BANGALORE, Karnataka
S1-449697731	0.0	miss	blocking	S3-657903974		2	India	Pioneer Construction Private Limited	Limited Pioneer Private Center	A K Singh, Madapatna Haragadde, Bangalore, Karnataka	Bangalore, ಕರ್ನಾಟಕ, Bangalore, A K Singh
S1-451477735	0.0	miss	blocking	S2-117401917		1	India	Dkg Shanti Pvt. Ltd.	Dkg Shami Pvt. Ltd. | www.dkgshami.com	Dp.32/4 And Dp.32A, Sidco Industrial Estate, Thirumazhisai, Thiruvallur, Tamil Nadu	
S1-454434206	0.0	miss	blocking	S2-247722926		3	India	Silver Consultancy Limited	सिल्वर कंसल्टेंसी लिमिटेड	Plot No 29 And 30 F/F B/S, Delhi, West Delhi, New Delhi	PLOT NO ##29 AND 30 F/F B/S, NEW DELHI, WEST DELHI, Delhi
S1-454434206	0.0	miss	blocking	S3-688126224		3	India	Silver Consultancy Limited	silverconsultancy.com	Plot No 29 And 30 F/F B/S, Delhi, West Delhi, New Delhi	#29 And 30 F/f B/s, West Delhi, DL
S1-454434206	0.0	miss	blocking	S3-867553064		3	India	Silver Consultancy Limited	Onyxriza	Plot No 29 And 30 F/F B/S, Delhi, West Delhi, New Delhi	Plot No 29 And 30 F/F B/S, New Delhi, West Delhi, Delhi
S1-454540138	0.0	false_merge		S3-152464477	0.835	0	US	Empire Alliance III	Empire  Alliance FIII	555 Pride Avenue, Auburn, AL	555 Pride Ave, Auburn, Alabama
S1-455778877	0.0	miss	blocking	S2-619398764		2	India	OET Services Private Limited	OET Services Limited Center	Delhi Road, Hisar, Hissar, Haryana	DELHI ROAD, HISAR, Haryana
S1-455778877	0.0	miss	blocking	S3-979642836		2	India	OET Services Private Limited	Nexhalozeph	Delhi Road, Hisar, Hissar, Haryana	Delhi Road, Hisar, <NULL>, HR
S1-456331916	0.0	miss	model	S2-939093105	0.196	1	US	Demoss Innovative Four Inc	Sérvices Demoss Innovative Inc	2410 Red Bartlett Way, Unit 111, Raleigh, NC	241 RED BARTLETT WAY, RALEIGH, NC
S1-456872362	0.0	false_merge		S3-787818534	0.7703	0	India	Dlf Qe Timber Private Limited	Dlf Qe Timber Limited	Level 01, Tower A, Building-10, Dlf Phase 2, Dlf Qe, Gurgaon, Haryana	Level 14, Tower A, Building-10, Dlf Phase 2, Gurgaon, Dlf Qe, HR
S1-460146045	0.0	miss	model	S3-664766569	0.5107	1	India	Nagika Services Pvt. Ltd.	Nagika Services Pvt.	Building No. 13/48 Thuravoor P O, Angamaly, Ernakulam, Kerala	Building No. 11/48 Thuravoor P O, Ernakulam, Keralam, Angamaly
S1-461056961	0.0	false_merge		S2-313228831	0.8597	0	India	Perfect Healthcare Private Limited	పర్‌ఫెక్ట్ హెల్త్‌కేర్ ప్రైవేట్ లిమిటెడ్	Hyderabad, Telangana, H.No.7-1-632/194, 2Nd Floor, Parvathi Nivas Sr Nagar, Bapu Nagar, Andhra Bank Lane, Hyderabad	H.NO.-15/2/7 NARSINGI, HYDERABAD, NULL, Telangana
S1-461971917	0.0	miss	blocking	S2-329960782		1	India	Jay Management Private Limited	जय मैनेजमेंट प्राइवेट लिमिटेड	Ghaziabad, Near Kv-Sub-Station, Sector-10, Vasundhara, Uttar Pradesh, 33/11	##33/11, GHAZIABAD, Uttar Pradesh
S1-46255373	0.0	miss	blocking	S2-278532433		3	India	Jay Producer Pvt Ltd	জয় প্রডিউসার প্রাইভেট লিমিটেড	Sevoke Road, Siliguri, West Bengal	SEVOKE ROAD, SILIGURI, West Bengal
S1-46255373	0.0	miss	blocking	S2-710546004		3	India	Jay Producer Pvt Ltd	জয় প্রডিউসার প্রাইভেট লিমিটেড	Sevoke Road, Siliguri, West Bengal	SEVOKE ROAD, SILIGURI, West Bengal
S1-46255373	0.0	miss	blocking	S3-569427838		3	India	Jay Producer Pvt Ltd	Jay Producer Pvt	Sevoke Road, Siliguri, West Bengal	
S1-462679041	0.0	miss	blocking	S3-211668962		2	India	Bombay Infrastructure Pvt Ltd	बॉम्बे इंफ्रास्ट्रक्चर प्रा. लि.	S-31A/27, 28, Dlf Phase -Iii, Gurugram, Gurgaon, Haryana	Gurgaon, HR, 28, Dlf Phase -Iii, S-31a/27, Gurugram
S1-462679041	0.0	miss	blocking	S3-84845932		2	India	Bombay Infrastructure Pvt Ltd	बॉम्बे इंफ्रास्ट्रक्चर प्रा. लि.	S-31A/27, 28, Dlf Phase -Iii, Gurugram, Gurgaon, Haryana	S-31a/27, Gurugram, Gurgaon, HR
S1-464471742	0.0	miss	model	S2-32138986	0.0018	2	US	Continental Holding Company Inc	Continental-Holding Company	2305 Plaza Boulevard, Unit 1541, Richardson, TX	
S1-464471742	0.0	miss	model	S3-555777609	0.0038	2	US	Continental Holding Company Inc	Continental Holding	2305 Plaza Boulevard, Unit 1541, Richardson, TX	
S1-464609752	0.0	false_merge		S2-109163618	0.9684	0	US	Frances R. Gray, MD	FRANCES R. GRAY MD [CO]	121 College Avenue, Salina, KS	12 COLLEGE AVENUE, SALINA, KS
S1-464609752	0.0	false_merge		S3-702444749	0.9973	0	US	Frances R. Gray, MD	Frances R. Gfa, (MG)	121 College Avenue, Salina, KS	00121 College Avenue, Salina, Kansas
S1-465270207	0.0	miss	blocking	S3-978496656		1	India	Jai & Associates Ltd	Jai & Ass0ciates Ltd.	Unit 512, 5Th Floor, Parinee 1, Off, Veera Desai Rd, Shah Industrial Est, Mumbai, Maharashtra	
S1-465580527	0.0	miss	model	S3-179649470	0.6924	1	US	Star Colonial Hyperliquid Inc	5tar Inc Hyperliquid  Colonial	118 Polk Street, Jefferson City, MO	118 Polk Street, Jefferson City, Missouri
S1-465941457	0.0	miss	blocking	S2-968987472		1	US	Keystone Mortgage Labs LLC	Umbramira	13102 Chiswick Road, Houston, TX	2969 CHISWICK RD, HOUSTON, TX
S1-472079482	0.0	false_merge		S3-46919702	0.7778	0	India	Tirumala Expression Private Limited	Dr Tirumala Expression Public Limited	No.24, Thirumalai Pillai Road, T.Nagar ., Chennai-600 017, Chennai, Tamil Nadu	No.35, Chennai, Chennai-600 017, TN
S1-47417962	0.0	miss	model	S3-721338390	0.5985	2	India	International Care Private Limited	International Care Limited Center	56/58, Dadaji Dhakjee Bldg., Garibdas Street, Mumbai, Mumbai City, Maharashtra	No. 401 56/58, Dadaji Dhakjee Bldg., Garibdas Street, Mumbai, Mumbai City, MH
S1-47417962	0.0	miss	blocking	S3-798350690		2	India	International Care Private Limited	internationalcare.com	56/58, Dadaji Dhakjee Bldg., Garibdas Street, Mumbai, Mumbai City, Maharashtra	Door No 401 56/58, Mumbai, Mumbai City, महाराष्ट्र
S1-474624047	0.0	miss	model	S3-174044445	0.5171	1	US	Secure Transit Associates, LLC	secure transit associates, llc	1638 Belin Drive, Houston, TX	
S1-474960570	0.0	miss	model	S2-871923991	0.717	2	US	Literacy All Fellowship Group	Literacy All Group Center	117 Pleasant Street, Norwalk, OH	11 PLEASANT ST, NORWAK, OH
S1-474960570	0.0	miss	blocking	S3-966179053		2	US	Literacy All Fellowship Group	Literacy All Feslomsmph Group	117 Pleasant Street, Norwalk, OH	
S1-475902695	0.0	miss	model	S2-790228837	0.4743	2	India	Shiv Indian Producer Private Limited	Shiv Indian પ્રોડ્યુસર પ્રાઇવેટ લિમિટેડ	Sy No-41/1 To 41/5, Plot-U-L-1 R.D High Rise Aprt, Opp D. K.Park Soc, Bhatar Road, Surat, Gujarat	
S1-475902695	0.0	miss	model	S3-642839853	0.5817	2	India	Shiv Indian Producer Private Limited	Shiv Indian Producer Limited Services	Sy No-41/1 To 41/5, Plot-U-L-1 R.D High Rise Aprt, Opp D. K.Park Soc, Bhatar Road, Surat, Gujarat	Surat, GJ, Hn 817 Sy No-41/1 To 41/5, Plot-u-l-1 R.d High Rise Aprt, Opp D. K.park Soc, Bhatar Road, Surat
S1-47708400	0.0	miss	model	S3-616643322	0.2011	2	India	Seven Finance Private Limited	private seven finance limited	F-1, Dwarkesh Building, Opp. Hotel Dev Corporate, Sp Nagar Road, Off Cg Road, Near Girish Coldrink, Ahmadabad City, Ahmedabad, Gujarat	ગુજરાત, Block G-d/754 F-1, Mumbai
S1-47708400	0.0	miss	blocking	S3-828435527		2	India	Seven Finance Private Limited	સેવન ફાઇનાન્સ પ્રાઇવેટ લિમિટેડ	F-1, Dwarkesh Building, Opp. Hotel Dev Corporate, Sp Nagar Road, Off Cg Road, Near Girish Coldrink, Ahmadabad City, Ahmedabad, Gujarat	Block G-d/754 F-1, Ahmedabad Hq Region, Ahmedabad, GJ
S1-480621299	0.0	miss	model	S2-231463918	0.0738	4	US	Bullhead City Urgent Care Medicine Inc	BULLHEAD CITY URGENT CARE MEDICINE	Bullhead City, AZ, 814 Church Street	913  CHURCH STREET, BULLHEAD CITY, AZ
S1-480621299	0.0	miss	model	S2-420294511	0.0934	4	US	Bullhead City Urgent Care Medicine Inc	Bullhead City Urgent Care [Medicine]	Bullhead City, AZ, 814 Church Street	
S1-480621299	0.0	miss	model	S2-435142006	0.4074	4	US	Bullhead City Urgent Care Medicine Inc	[CARE] BULLHEAD CITY URGENT INC MEDICINE	Bullhead City, AZ, 814 Church Street	81 CHURCH ST, BULLHEADCITY, AZ
S1-480621299	0.0	miss	model	S3-381521270	0.1461	4	US	Bullhead City Urgent Care Medicine Inc	Bullhead City Urgent Care Medicine	Bullhead City, AZ, 814 Church Street	438 Church Street, Bullhead City, Arizona
S1-481495400	0.0	false_merge		S3-257930922	0.7552	0	India	Durgapur Mc Systems Limited	Durgapur Mc Child Limited	C/O-Deepak Kumar Ghosh, As-5B/29, Srinagar Pally., Durgapur Mc, Bardhaman, West Bengal	Door No 57 C/o-deepak Kumar Ghosh, As-5b/29, Srinagar Pally., Durgapur Mc, Bardhaman, WB
S1-481609057	0.0	false_merge		S3-31689377	0.9251	0	US	Olanay Patriot LLC	Olaniy LLC Partners	700 Huntington Road, Stratford, CT	700 Huntington Road, Stratford, Connecticut
S1-482396321	0.0	miss	blocking	S2-654693386		2	India	Smp (india) Pvt. Ltd.	5mp (india) Pvt. Ltd	Flat No. 402, Wing- D, Mandar Avenue Bldg, Global City, Nr. Yarzoo Park, Thane, Maharashtra	NO G-402, THANE, NULL, Maharashtra
S1-482396321	0.0	miss	blocking	S3-756571667		2	India	Smp (india) Pvt. Ltd.	Smp (india) - 9630957658	Flat No. 402, Wing- D, Mandar Avenue Bldg, Global City, Nr. Yarzoo Park, Thane, Maharashtra	No 02, Thane, महाराष्ट्र
S1-484338818	0.0	miss	model	S3-981611255	0.454	1	India	Em Vidyalaya	Em Vidyalaya Company	Sr.No.79/1, Flat No 401, Win Mokate Tower, Mokate Nagar, Kothrud, Pune, Maharashtra	Sr.no.97/1, Flat No 401, Win Mokate Tower, Mokate Nagar, Kothrud, Pune, MH
S1-487453331	0.0	miss	blocking	S2-354189776		6	India	Galaxy Business Private Limited	গ্যালাক্সি বিজনেস প্রাইভেট লিমিটেড	25 B Park Steet, Kolkata, Calcutta, West Bengal	DOOR NO 26 B PARK STEET, KOLKATA, CALCUTTA, West Bengal
S1-487453331	0.0	miss	model	S2-431548634	0.0217	6	India	Galaxy Business Private Limited	Galaxy Business Private	25 B Park Steet, Kolkata, Calcutta, West Bengal	26 B PARK STEET, KOLKATA, পশ্চিমবঙ্গ
S1-487453331	0.0	miss	blocking	S2-552905209		6	India	Galaxy Business Private Limited	6alaxy Business Private Limited	25 B Park Steet, Kolkata, Calcutta, West Bengal	#26 B PARK STEET, KOLKATA, CALCUTTA, West Bengal
S1-487453331	0.0	miss	blocking	S2-800023446		6	India	Galaxy Business Private Limited	গ্যালাক্সি বিজনেস প্রাইভেট লিমিটেড	25 B Park Steet, Kolkata, Calcutta, West Bengal	DOOR NO 26 B PRK STEET, KOLKATA, CALCUTTA, পশ্চিমবঙ্গ
S1-487453331	0.0	miss	blocking	S3-259944721		6	India	Galaxy Business Private Limited	গ্যালাক্সি বিজনেস প্রাইভেট লিমিটেড	25 B Park Steet, Kolkata, Calcutta, West Bengal	25 B Park Steet, Kolkata, Calcutta, পশ্চিমবঙ্গ
S1-487453331	0.0	miss	blocking	S3-814248785		6	India	Galaxy Business Private Limited	গ্যালাক্সি বিজনেস প্রাইভেট লিমিটেড	25 B Park Steet, Kolkata, Calcutta, West Bengal	No 25 B Park Steet, Kolkata, Calcutta, পশ্চিমবঙ্গ
S1-490231960	0.0	miss	model	S2-369617070	0.3009	1	US	Ileana Pearman Johnson Inc	Ileana [Pearman]	76 Ralston Avenue, Akron, OH	
S1-492585736	0.0	false_merge		S3-550663386	0.8137	0	India	Kolkata Jewellery Ltd	Kolkata Jewellery Llp	26/1/1B, Strand Road 2Nd Floor, Kolkata, Howrah, West Bengal	26/1/3B, Howrah, পশ্চিমবঙ্গ
S1-492668451	0.0	miss	blocking	S2-718210587		3	India	Digital Energy Private Limited	डिजिटल एनर्जी प्राइवेट लिमिटेड	103, Maharashtra, Mumbai City, Mumbai, 1St Floor, C&B Square, Sangam Complex, Andheri Kurla Road, Village Chakalaandhe, Ri (East)	103, MUMBAI CITY, महाराष्ट्र, MUMBAI
S1-492668451	0.0	miss	blocking	S3-191454663		3	India	Digital Energy Private Limited	डिजिटल एनर्जी प्राइवेट लिमिटेड	103, Maharashtra, Mumbai City, Mumbai, 1St Floor, C&B Square, Sangam Complex, Andheri Kurla Road, Village Chakalaandhe, Ri (East)	103, Mumbai City, MH
S1-492668451	0.0	miss	blocking	S3-415075052		3	India	Digital Energy Private Limited	Limited Digital Private (Center)	103, Maharashtra, Mumbai City, Mumbai, 1St Floor, C&B Square, Sangam Complex, Andheri Kurla Road, Village Chakalaandhe, Ri (East)	103, Mumbai City, MH
S1-49381756	0.0	miss	blocking	S2-373090821		3	India	One Developers Private Limited	वन डेवलपर्स प्राइवेट लिमिटेड	Borivali (West), Mumbai, L/B/203-204 New M H B Colony Gorai Road, Mumbai City, Maharashtra	L/B/203-204 NEW M H B COLONY GORAI ROAD, BORIVALI (WEST), GREATER MUMBAI, MUMBAI CITY, महाराष्ट्र
S1-49381756	0.0	miss	blocking	S2-941385268		3	India	One Developers Private Limited	वन डेवलपर्स प्राइवेट लिमिटेड	Borivali (West), Mumbai, L/B/203-204 New M H B Colony Gorai Road, Mumbai City, Maharashtra	L/B/203-204 NEW M H B COLONY GORAI ROAD, BORIVALI (WEST), GREATER MUMBAI, MUMBAI, महाराष्ट्र
S1-49381756	0.0	miss	blocking	S3-20139797		3	India	One Developers Private Limited	वन डेवलपर्स प्राइवेट लिमिटेड	Borivali (West), Mumbai, L/B/203-204 New M H B Colony Gorai Road, Mumbai City, Maharashtra	L/b/203-204/6 New M H B Colony Gorai Road, Mumbai City, Mumbai, MH
S1-494224568	0.0	miss	model	S2-613663860	0.4456	1	US	Davis Systems Inc	Davis Systems Ínc	287 Spring Hill Drive, Whiteville, NC	
S1-494360160	0.0	miss	model	S2-276509236	0.236	1	US	Bonine National Entergy LLC	BONINE LLC ENTERGY NATIONAL	1533 Polk Street, Houma, LA	
S1-49500154	0.0	miss	model	S3-314865312	0.6314	1	US	HL Mckinley Inc	HL Mckínley Inc	1505 County Line Road, Newberry, IN	
S1-495187468	0.0	miss	blocking	S2-614495209		3	India	Real International LLP	রিয়েল ইন্টারন্যাশনাল এলএলপি	115, Cotton Street, 2Nd Floor, Kolkata, Howrah, West Bengal	115, COTTON STREET, 2ND FLOOR, KOLKATA, HOWRAH, পশ্চিমবঙ্গ
S1-495187468	0.0	miss	blocking	S3-630520698		3	India	Real International LLP	রিয়েল ইন্টারন্যাশনাল এলএলপি	115, Cotton Street, 2Nd Floor, Kolkata, Howrah, West Bengal	Howrah, Cotton Street, 2Nd Floor, পশ্চিমবঙ্গ, Kolkata, 115
S1-495187468	0.0	miss	blocking	S3-942741361		3	India	Real International LLP	Real Itrnainoal LLP	115, Cotton Street, 2Nd Floor, Kolkata, Howrah, West Bengal	
S1-495367090	0.0	miss	blocking	S2-366113058		2	US	Vision Care of Lynn Inc	visioncarelynn.com	1 Chase Street, Unit 2R, Lynn, MA	1 CHASE STREET, LYNN, MA
S1-495367090	0.0	miss	blocking	S3-772879686		2	US	Vision Care of Lynn Inc	Vision Care  of Inc Services	1 Chase Street, Unit 2R, Lynn, MA	01 Chase St, <NULL>, Lynn, Massachusetts
S1-497220628	0.0	false_merge		S2-270120971	0.9936	0	India	Dickenson Road Impex Private Limited	aarvtechfarmers.com	S-922, Manipal Centre, 47, Dickenson Road, Bangalore, Karnataka	S 922 MANIPAL CENTRE, 47 DICKENSON ROAD, BANGALORE NORTH, Karnataka
S1-498664369	0.0	false_merge		S3-315164460	0.789	0	US	Apex Corporation	Apex Corp	7814 Heatherton Lane, Potomac, MD	null, Maryland, #7823 Heatherton Ln, Potomac
S1-500220489	0.0	miss	blocking	S3-649359740		1	India	Enterprises Sood Consultants Private Limited	Enterprisessoodconsultants.Com	Plot No 27-A, Kh No 41/5, Gf, Inder Enclave, Phase-1, Delhi, North West Delhi, Delhi	67-A, Kh No 41/5, Gf, Inder Enclave, Phase-1, North West Delhi, DL
S1-506647479	0.0	miss	model	S2-916408017	0.6686	1	India	Thane Footwear Private Limited	Pivre Thane Footwear Limited	107-B Wing, Shreeji Seva Chs, Plot No 42 Sec 42 Seawoods, Thane, Maharashtra	GREATER MUMBAI, H.NO #107-B WIGN, Maharashtra, THANE
S1-507694612	0.0	false_merge		S3-949076662	0.8915	0	US	Phillips Soulpower	Corp Phillips Soulpower	W359N5166 Crestview Drive, Village Of Lac La Belle, WI	Wisconsin, W359n5175 Crestview Dr, Oconomowoc
S1-508200571	0.0	miss	model	S2-143348178	0.0916	2	India	VO India Pvt Ltd	VO Pvt Ltd [Services]	Plot No 25, Bante Layout, Nagpur, Maharashtra	Maharashtra, 2-5 , BANTE LAYOUT, NAGNUR
S1-508200571	0.0	miss	model	S3-864184355	0.0273	2	India	VO India Pvt Ltd	VO India Pvt	Plot No 25, Bante Layout, Nagpur, Maharashtra	Plot No 24, Bante Layout, Nagpur, MH
S1-508626121	0.0	miss	blocking	S2-232004789		3	India	Swastik Producer Pvt Ltd	ஸ்வஸ்திக் புரொட்யூசர் பிரைவேட் லிமிடெட்	4/2, Ii Floor, Flat D, D Block 2Nd Avenue Extn., Anna Nagar East, Chennai, Tamil Nadu	தமிழ்நாடு, CHENNAI, MADRAS, 4/2
S1-508626121	0.0	miss	blocking	S2-726120102		3	India	Swastik Producer Pvt Ltd	PVT SWASTIK PORCDOUDCER LTD	4/2, Ii Floor, Flat D, D Block 2Nd Avenue Extn., Anna Nagar East, Chennai, Tamil Nadu	4/2, II FLOOR, FLAT D, D BLOCK 2ND AVENUE EXTN., ANNA NAGAR EAST, CHENNAI, MADRAS, தமிழ்நாடு
S1-508626121	0.0	miss	blocking	S3-181636357		3	India	Swastik Producer Pvt Ltd	swastikproducer.com	4/2, Ii Floor, Flat D, D Block 2Nd Avenue Extn., Anna Nagar East, Chennai, Tamil Nadu	Plot A-138 4/2, Chennai, TN
S1-50918977	0.0	miss	blocking	S3-435498222		1	India	All Exports Pvt Ltd	ઓલ એક્સપોર્ટ્સ પ્રા. લિ.	E/404, Parth Avenue, Near Kabir Comp, Makarpura Rd Village Vadodara (M Corpog), Vadodara, Gujarat	E/404, Vadodara, ગુજરાત
S1-510406290	0.0	miss	blocking	S3-881678626		1	India	Balaji Foods Limited	Balaji Limited Services	Tamil Nadu, Peri Knowledge Park, No. 1, Mannivakkam, Kanchipuram, Chinglepet	TN, Mudichur Chennai, Peri Knowledge Park
S1-511520990	0.0	miss	model	S3-949422685	0.108	1	US	Thomas's Heritage Pilates Clinic	Thomas'S  Heritage Pilates Clinic Corporation	67 Chase Street, Barnstable, MA	43 Chase Street, Barnstable, Massachusetts
S1-511928697	0.0	miss	blocking	S2-49893969		1	India	Ap Traders LLP	AP LLP TRADERS	P.No.6, Araji No. 1941, Lodheswar Nagar, Cod, Kanpur Nagar, Uttar Pradesh	
S1-512830076	0.0	miss	blocking	S2-675502507		4	India	Big Services Private Limited	பிக் சர்வீசஸ் பிரைவேட் லிமிடெட்	No. V1, Lotus Colony, Second Street Nandanam, Chennai, Tamil Nadu	NO. V1, CHENNAI, Tamil Nadu
S1-512830076	0.0	miss	blocking	S2-75673743		4	India	Big Services Private Limited	பிக் சர்வீசஸ் பிரைவேட் லிமிடெட்	No. V1, Lotus Colony, Second Street Nandanam, Chennai, Tamil Nadu	NO. V1, CHENNAI, Tamil Nadu
S1-512830076	0.0	miss	blocking	S3-139580971		4	India	Big Services Private Limited	பிக் சர்வீசஸ் பிரைவேட் லிமிடெட்	No. V1, Lotus Colony, Second Street Nandanam, Chennai, Tamil Nadu	Block E-328 No. V1, Kancheepuram, தமிழ்நாடு
S1-512830076	0.0	miss	blocking	S3-68093352		4	India	Big Services Private Limited	பிக் சர்வீசஸ் பிரைவேட் லிமிடெட்	No. V1, Lotus Colony, Second Street Nandanam, Chennai, Tamil Nadu	Block E-328 No. V1, Kancheepuram, TN
S1-513031385	0.0	miss	model	S2-822306239	0.1079	2	US	Turner Safe Seas Inc.	TURNER SAFE	1418 Corbin Road, Toledo, OH	
S1-513031385	0.0	miss	model	S3-778093712	0.4051	2	US	Turner Safe Seas Inc.	Turner Safe Seas [Inc.]	1418 Corbin Road, Toledo, OH	
S1-515327191	0.0	miss	model	S2-66217190	0.7163	1	India	Ratnam Engineering Private Limited	Ratnam Engineering Limited Services	C/O Amar Chand Baid Khuski Bagh, Purnea, Bihar	BLOCK F-592 C/O AMAR CHAND BAID KHUSKI BAGH, PURNEA, बिहार
S1-517032867	0.0	miss	blocking	S3-795578650		1	India	Vision Components Limited	Vision Ciomspnents  Limited	Flat No.101, Swetha Apts, 3-6-523, Himayath Nagar, Hyderabad-29., Telangana	Fat No.101, Hyderabad-29., TG
S1-51796040	0.0	miss	blocking	S3-346565933		2	US	Diamond Solana Inc	Diamond Solagna Inc	6568 Buck Creek Drive, Maumee, OH	3568 Buck Creek Dr, Ohio, Maumee
S1-51796040	0.0	miss	blocking	S3-542681413		2	US	Diamond Solana Inc	Diamond Inc Services	6568 Buck Creek Drive, Maumee, OH	3568 Buck Creek Drive, Maumee, Ohio
S1-518788736	0.0	miss	model	S2-949711451	0.0685	2	US	Peor Global	Peor Global Co	2278 Trade Winds Drive, Unit APT B, Indianapolis, IN	
S1-518788736	0.0	miss	blocking	S3-155568978		2	US	Peor Global	Peor Services	2278 Trade Winds Drive, Unit APT B, Indianapolis, IN	
S1-518866376	0.0	miss	blocking	S2-199023721		5	India	High Consultancy Pvt Ltd	हाई कंसल्टेंसी प्रा. लि.	Mumbai City, 5Th Floor, S.V. Road, Vile Parle(W), Prime Avenue, Maharashtra, Mumbai	PRIME AVENUE, MUMBAI, MUMBAI (SUBURBAN), महाराष्ट्र
S1-518866376	0.0	miss	blocking	S2-222653452		5	India	High Consultancy Pvt Ltd	हाई कंसल्टेंसी प्रा. लि.	Mumbai City, 5Th Floor, S.V. Road, Vile Parle(W), Prime Avenue, Maharashtra, Mumbai	PRIME AVENUE, MUMBAI CITY, MUMBAI, महाराष्ट्र
S1-518866376	0.0	miss	blocking	S2-566899274		5	India	High Consultancy Pvt Ltd	High Clnlsultancy Pvt Ltd	Mumbai City, 5Th Floor, S.V. Road, Vile Parle(W), Prime Avenue, Maharashtra, Mumbai	PRIME AVENUE, 5TH FLOOR, S.V. ROAD, VILE PARLE(W), MUMBAI, Maharashtra
S1-518866376	0.0	miss	blocking	S3-289810045		5	India	High Consultancy Pvt Ltd	High Pvt Ltd Center	Mumbai City, 5Th Floor, S.V. Road, Vile Parle(W), Prime Avenue, Maharashtra, Mumbai	Prime Avenue, 5Th Floor, S.v. Road, Vile Parle(w), Mumbai, MH
S1-518866376	0.0	miss	blocking	S3-581654744		5	India	High Consultancy Pvt Ltd	High Pvt Ltd Center	Mumbai City, 5Th Floor, S.V. Road, Vile Parle(W), Prime Avenue, Maharashtra, Mumbai	Prime Avenue, 5Th Floor, S.v. Road, Vile Parle(w), Mumbai, Mumbai Suburban, MH
S1-522603942	0.0	miss	blocking	S2-430057136		2	India	Sanket Ek Limited	Sanae Ek Limited	Flat No. B-401 Plot No. 4 Sector 5, Sinkar, Mumbai City, Maharashtra	FLAT NO. B-401 PLOT NO. 4 SECTOR 5, MUMBAI CITY, Maharashtra
S1-522603942	0.0	miss	model	S3-32904325	0.1808	2	India	Sanket Ek Limited	Sanket Ek	Flat No. B-401 Plot No. 4 Sector 5, Sinkar, Mumbai City, Maharashtra	
S1-52294732	0.0	miss	blocking	S2-946482315		1	US	Provasoft Inc	PROVASOFT INC SERVICES	705 Newport Pike, Wilmington, DE	
S1-524075180	0.0	miss	blocking	S3-344321172		1	US	Sorrells Fresenius, Inc	Sorrells Feesbhneiu, Ínc	2764 3870, Hurricane City, UT	
S1-525591356	0.0	miss	blocking	S2-812521347		4	India	International Systems Private Limited	इंटरनेशनल सिस्टम्स प्राइवेट लिमिटेड	D 37, Sector 55, Noida, Gautam Buddha Nagar, Uttar Pradesh	D 37, SECTOR 55, NOIDA, GAUTAM BUDDHA NAGAR, Uttar Pradesh
S1-525591356	0.0	miss	blocking	S3-224193242		4	India	International Systems Private Limited	इंटरनेशनल सिस्टम्स प्राइवेट लिमिटेड	D 37, Sector 55, Noida, Gautam Buddha Nagar, Uttar Pradesh	D 37, Sector 55, Gautam Buddha Nagar, Noida, UP
S1-525591356	0.0	miss	blocking	S3-419686789		4	India	International Systems Private Limited	इंटरनेशनल सिस्टम्स प्राइवेट लिमिटेड	D 37, Sector 55, Noida, Gautam Buddha Nagar, Uttar Pradesh	D 37, Sector 55, Gautam Buddha Nagar, UP
S1-525591356	0.0	miss	blocking	S3-992882474		4	India	International Systems Private Limited	IS	D 37, Sector 55, Noida, Gautam Buddha Nagar, Uttar Pradesh	Uttar Pradesh, D 37, Sector 55, Gautam Buddha Nagar, Noida
S1-529811485	0.0	miss	model	S2-629505837	0.4256	2	US	Vision First Center	Vision First  Center	4019 Abbott Lane, Fort Worth, TX	
S1-529811485	0.0	miss	model	S3-153910078	0.7051	2	US	Vision First Center	Vision First First Cnehr	4019 Abbott Lane, Fort Worth, TX	019 Abbott Ln, Fort Worth, Texas
S1-52990192	0.0	miss	blocking	S2-779974333		2	India	Ss Exports Private Limited	एसएस एक्सपोर्ट्स प्राइवेट लिमिटेड	Plot No-45/C, Ugf, Block-C, Phase-2, New Delhi, West Delhi, Delhi	PLOT NO-43/C, UGF, BLOCK-C, PHASE-2, DIVREPORTINGCIRCLE, NEW DELHI, Delhi
S1-52990192	0.0	miss	blocking	S3-509952963		2	India	Ss Exports Private Limited	Ss Exports Limited Center	Plot No-45/C, Ugf, Block-C, Phase-2, New Delhi, West Delhi, Delhi	Plot No-45/c, West Delhi, DL
S1-530639940	0.0	miss	model	S2-7513107	0.0948	1	US	Matute Capital Partners, Inc	MATUTE CÁPITAL PARTNERS,	Westminster, 238 Mt Pleasant Road, SC	
S1-530812086	0.0	miss	blocking	S3-356943976		1	India	Kaverora Telenetworks Private Limited	#Kaveroratelenetworks - 1186087227	Plot No.7, House No. 13, Bhankhri Gbl School, Ballabgarh, Faridabad, Haryana	Plot No.7, Ballabgarh, Fatehabad, HR
S1-531372957	0.0	false_merge		S3-133893656	0.9404	0	India	Hall Farms Private Limited	Haloonyx	A-2/302, Laram Centre Opp. Railway Station, S.V. Road, Andheri, (West), Mumbai, Maharashtra	A-2/302, Laram Centre Opp. Railway Station, S.V.Road, Andheri(, West), Mumbai, Mumbai City, Maharashtra
S1-531590369	0.0	miss	blocking	S3-971402103		1	India	Mlk Labs Limited	Mlk  Limited Service	Office No. F-1, 1St Floor, Goyal Plaza, Opp. Sachitra Hotel, Sevoke, Road, Siliguri, Jalpaiguri, West Bengal	Jalpaiguri, পশ্চিমবঙ্গ, Kolkata, Office No. F-##1
S1-533723488	0.0	miss	model	S2-536219675	0.0802	1	US	Vanguard Solana LLC	VANGUARD SOLANA	MN, Inver Grove Heights, 3110 65th Street, Unit Unit 202	
S1-53522100	0.0	miss	model	S3-213398456	0.3422	1	US	Creative Environmental Innovations	Creative Environmental Innovations Inc.	930 Peck Lane, Cheshire, CT	93 Peck Ln, Cheshire, Connecticut
S1-536989778	0.0	miss	blocking	S2-395259727		5	US	Metropolitan Bio LLC	Metropolitan  Bio	IL, Naperville, 1308 Bailey Road	
S1-536989778	0.0	miss	blocking	S2-639859278		5	US	Metropolitan Bio LLC	THE  METROPOLITAN BIO LLC	IL, Naperville, 1308 Bailey Road	
S1-536989778	0.0	miss	model	S2-843064963	0.5629	5	US	Metropolitan Bio LLC	Metropolitan LLC-Services	IL, Naperville, 1308 Bailey Road	BAILEY ROAD, NAPERVILLE, IL
S1-536989778	0.0	miss	blocking	S3-315252079		5	US	Metropolitan Bio LLC	metropolitanbio.com	IL, Naperville, 1308 Bailey Road	Bailey Rd, Naperville, Illinois
S1-536989778	0.0	miss	blocking	S3-377946675		5	US	Metropolitan Bio LLC	Metropolitan LLC (Center)	IL, Naperville, 1308 Bailey Road	
S1-537412087	0.0	miss	model	S2-526965944	0.4032	1	US	Lumara Stores Inc	Lumara Stores	8327 Kaula Drive, Fair Oaks, CA	CA, 8100 KAULA DRIEV, FAIR OAKS
S1-537412087	0.0	false_merge		S3-844167952	0.7725	1	US	Lumara Stores Inc	Stores Lumarayn Inc	8327 Kaula Drive, Fair Oaks, CA	8329 Kaula Drive, NULL, Fair Oaks, California
S1-542494132	0.0	miss	model	S2-132555465	0.1964	2	US	Quclarus LLC	Quclarus LLC	4911 Charles City Road, Charles City County, VA	
S1-542494132	0.0	miss	blocking	S3-318139908		2	US	Quclarus LLC	Quclarus LLC Center	4911 Charles City Road, Charles City County, VA	
S1-542824680	0.0	false_merge		S3-978618166	0.7615	0	US	Kenodyne L.L.C.	Kenodyne LLC	1911 Bailey Avenue, TN, Chattanooga	001914 Bailey Ave, Cattanooga, Tennessee
S1-543840048	0.0	miss	blocking	S3-328609263		1	India	Zuci Services Private Limited	Dr Zuci Services Private Ltd	Plot # 4, Software Units Layout, Hitec City, Madhapur, Hyderabad, Telangana	Plot # 4, Hyderabad, Andhra Pradesh
S1-543960505	0.0	miss	model	S3-558877770	0.4254	1	India	Gokhale Spark Limited	Gokhale Limited [Services]	7, Sec B, Pkt 1 L.S.C G/F, Vasant Kunj Near Delhi Jal Board, New Delhi, Delhi	#7, New Delhi, दिल्ली
S1-545169073	0.0	miss	model	S3-696799871	0.3964	1	India	Orissa Engineering (India) Ltd	Orissa-Engineering (India) Ltd	Kurnool, Hyderabad, Andhra Pradesh, Flat No 404, Block 2, 8-3-830/1, 2, 3 Pallavi Estates, Yellareddy Guda	
S1-545924684	0.0	miss	model	S3-474840308	0.375	2	India	Surya Energy Private Limited	Surya-Energy Limited Center	House No. 107, 2Nd Floor, Pkt-13, Sector-20, Rohini, New Delhi, North West, Delhi	Plot 328 House No. 107, North West, New Delhi, DL
S1-545924684	0.0	miss	blocking	S3-702924975		2	India	Surya Energy Private Limited	सूर्या एनर्जी प्राइवेट लिमिटेड	House No. 107, 2Nd Floor, Pkt-13, Sector-20, Rohini, New Delhi, North West, Delhi	Plot 328 House No. 107, North West, दिल्ली, New Delhi
S1-546821821	0.0	miss	model	S2-379007969	0.6491	1	US	Abrego Midwest Fox	Abrego Services Fox	CT, Beacon Falls, 183 Feldspar Avenue	
S1-548594355	0.0	miss	blocking	S3-413913923		2	India	Krishna Traders Private Limited	Krishna  Tdcersr Private Limited	West Bengal, Kolkata, Suite 1B, Howrah, 1St Floor, 22/28A Manohar Pukur Road, Kolkata	Suite 1B, Kolkata, WB
S1-548594355	0.0	miss	model	S3-866119784	0.2642	2	India	Krishna Traders Private Limited	KRISHNA TRADERS PRIVATE LIMITED	West Bengal, Kolkata, Suite 1B, Howrah, 1St Floor, 22/28A Manohar Pukur Road, Kolkata	
S1-551811296	0.0	miss	model	S2-896909011	0.1145	2	India	Indian City International Private Limited	इंडियन सिटी इंटरनेशनल प्राइवेट लिमिटेड	Delhi, House No. C-109, New Delhi, Basement, Shivalik, Near Derc Office, New Delhi	HOUSE NO. C-10, BASEMENT, SHIVALIK, NEAR DERC OFFICE, SOUTH DELHI, NEW DELHI, Delhi
S1-551811296	0.0	miss	blocking	S3-432580335		2	India	Indian City International Private Limited	इंडियन सिटी इंटरनेशनल प्राइवेट लिमिटेड	Delhi, House No. C-109, New Delhi, Basement, Shivalik, Near Derc Office, New Delhi	#438/7 House No. C-109, New Delhi, DL
S1-552397590	0.0	miss	model	S3-916080667	0.2823	2	US	Dermatology Total Partners, LLC	Dermatology Total Partners, (LLC)	826 Heather Court, Houston, TX	
S1-552397590	0.0	miss	model	S3-993546982	0.3295	2	US	Dermatology Total Partners, LLC	Dermatology Dermatology Total	826 Heather Court, Houston, TX	Heather Ct, Housston CITY, Texas
S1-553249823	0.0	false_merge		S3-794552073	0.8171	0	India	SZJ Solutions Pvt. Ltd.	ZJ Solutions Pvt.  Ltd.	Plot No 257 Ifc Pkt-C, Gazipur Paper Market, East Delhi, Delhi	No 257 Ifc Pkt-c, New Delhi, East Delhi, DL
S1-556025829	0.0	miss	blocking	S2-438780548		2	India	One Tech Private Limited	वन टेक प्राइवेट लिमिटेड	B-2/38, G/F Safdarjung Devlp Area, New Delhi, Delhi	B-2/38, NEW DELHI, Delhi
S1-556025829	0.0	miss	blocking	S2-73108938		2	India	One Tech Private Limited	One Tech Limited Partners	B-2/38, G/F Safdarjung Devlp Area, New Delhi, Delhi	
S1-557543676	0.0	false_merge		S2-888186339	0.9821	0	US	Pritchett Fuel of Tama P.C.	PRITCHETT FUEL OF TAMA HOLDINGS	504 Harding Street, Tama, IA	504 HARDING STREET, TAM ACDP, IA
S1-560750546	0.0	false_merge		S3-135780818	0.9958	0	India	Blue International Pvt Ltd	Pvt Blue Power Ltd	Mumbai City, Maharashtra, Mumbai, Maker Tower F1St Floor Cuffe Parade	Maker Torer F1st Floor Cuffe Parade, Mumbai, Bombay, महाराष्ट्र
S1-561441329	0.0	miss	blocking	S3-819297989		1	US	Cais Inc	Cais-Inc	15722 Fathom Lane, Houston, TX	
S1-562067700	0.0	false_merge		S2-618508562	0.8227	0	US	Crystal Trading Brands	Crystal Trading  Brands	5429 Thomas Jefferson Road, Bedford County, VA	
S1-562831893	0.0	miss	blocking	S3-85965245		2	India	Tech Enterprises Pvt Ltd	टेक एंटरप्राइजेज प्रा. लि.	519, Narsingh Ward Madan Mahal, Jabalpur, Madhya Pradesh	No 122/9 519, Pachpedi, मध्य प्रदेश
S1-562831893	0.0	miss	blocking	S3-895135491		2	India	Tech Enterprises Pvt Ltd	टेक एंटरप्राइजेज प्रा. लि.	519, Narsingh Ward Madan Mahal, Jabalpur, Madhya Pradesh	122/9 519, Pachpedi, MP
S1-562863555	0.0	false_merge		S2-309458721	0.9843	0	US	Valley Network	Veraquo Netortwk	820 Washington Street, Winchester City, VA	820B WASHINGTON ST, WINCHESTERR CITY, VA
S1-565588733	0.0	miss	model	S3-909525639	0.4114	1	India	Community (India) Auto Corporation	Mr Community (India) Auto  Corporation	Aa Block, No 1 Anna Nagar, 2Nd Avenue, Egmore Nungambakkam, Chennai, Tamil Nadu	
S1-568725652	0.0	miss	model	S3-368239387	0.4469	1	India	Hyper Brothers Limited	Mr Hyper Brothers Ltd	26, Joy Pragati Chs Ltd, Tarun Bharat Soc, Chakala, Plot No 52/4, Andheri East, Mumbai, Mumbai City, Maharashtra	
S1-569238925	0.0	miss	model	S2-403394570	0.0006	2	India	Jain Indian Solutions Private Limited	Jain-Indian Solutions Limited Partners	Pb No 85 3870Bhavani Peth, Barshi, Sholapur, Maharashtra	PB NO 87 3870BHAVANI PETH, BARSHI, महाराष्ट्र
S1-569238925	0.0	miss	model	S2-849791622	0.2761	2	India	Jain Indian Solutions Private Limited	जैन इंडियन सॉल्यूशंस प्राइवेट लिमिटेड	Pb No 85 3870Bhavani Peth, Barshi, Sholapur, Maharashtra	PB NO 87 3870BHAVANI PETH, BARSHI, SHOLAPUR, Maharashtra
S1-57331997	0.0	miss	model	S2-544541776	0.094	1	US	Myrtie Santillan Clear Infrastructure, LLC	MYRTIE-SANTILLAN CLEAR INFRASTRUCTURE,	2002 Tampa Avenue, Cleveland, OH	
S1-573632699	0.0	miss	blocking	S2-24189214		5	India	Indian Ace Engineering	इंडियन एस इंजीनियरिंग	372, Vardhman Grand Plaza, Manglam Place Sector-3, Rohini, New Delhi, North Delhi, Delhi	NEW DELHI, 372, Delhi, RUPNAGAR
S1-573632699	0.0	miss	blocking	S2-41067903		5	India	Indian Ace Engineering	lndian Ace  Engineering	372, Vardhman Grand Plaza, Manglam Place Sector-3, Rohini, New Delhi, North Delhi, Delhi	372, RUPNAGAR, NORTH DELHI, Delhi
S1-573632699	0.0	miss	blocking	S2-483167304		5	India	Indian Ace Engineering	इंडियन एस इंजीनियरिंग	372, Vardhman Grand Plaza, Manglam Place Sector-3, Rohini, New Delhi, North Delhi, Delhi	372, RUPNAGAR, NEW DELHI, दिल्ली
S1-573632699	0.0	miss	blocking	S2-97927101		5	India	Indian Ace Engineering	इंडियन एस इंजीनियरिंग	372, Vardhman Grand Plaza, Manglam Place Sector-3, Rohini, New Delhi, North Delhi, Delhi	372, RUPNAGAR, NEW DELHI, Delhi
S1-573632699	0.0	miss	model	S3-750750183	0.4532	5	India	Indian Ace Engineering	Indian Ace Engineering [Ltd]	372, Vardhman Grand Plaza, Manglam Place Sector-3, Rohini, New Delhi, North Delhi, Delhi	New Delhi, North Delhi, 72, दिल्ली, Vardhman Grand Plaza, Manglam Place Sector-3, Rohini
S1-574143102	0.0	miss	blocking	S3-637843279		1	India	Nagam Developers Pvt. Ltd.	Nagam Pvt. Ltd. Services	H.No 114A, Ward No 5, Kodinattumkunnel Trikkodithanam, Changanassery, Kottayam, Kottayam, Kerala	
S1-574640551	0.0	miss	blocking	S3-375823124		1	US	Youth Church	Youth  Church	9 Shepherds Way, New Fairfield, CT	
S1-576330253	0.0	miss	model	S2-882641492	0.3476	2	US	Zucco Peoples Inc	Zucco Peoples	12457 75, Unit 7, Ketchum, ID	KETCHUM, 92457 75, ID
S1-576330253	0.0	miss	model	S2-916249863	0.3912	2	US	Zucco Peoples Inc	Zucc0 Peoples Inc.	12457 75, Unit 7, Ketchum, ID	92457 75, KETCHUM, ID
S1-577040614	0.0	miss	blocking	S2-392067716		3	India	CHK Health LLP	*** CHK LLP Services	B 201, Anuroop Chs, Jekegram, Samata Nagar, Pokhran Road 1, Thane West, Thane, Maharashtra	B 201, THANE, Maharashtra
S1-577040614	0.0	miss	blocking	S3-222479076		3	India	CHK Health LLP	chkhealth.com	B 201, Anuroop Chs, Jekegram, Samata Nagar, Pokhran Road 1, Thane West, Thane, Maharashtra	B 201, Thane, MH
S1-577040614	0.0	miss	blocking	S3-683564360		3	India	CHK Health LLP	chkhealth.com	B 201, Anuroop Chs, Jekegram, Samata Nagar, Pokhran Road 1, Thane West, Thane, Maharashtra	B 201, Thane, MH
S1-582395942	0.0	miss	blocking	S2-10810539		3	US	Cardiology Clean Care Associates LLC	cardiologycleancare.com	109 Main Street, Broughton, IL	Main St, BROUGHTON, IL
S1-582395942	0.0	miss	model	S2-492210710	0.4222	3	US	Cardiology Clean Care Associates LLC	Cardiology Clean Care Associates LLC	109 Main Street, Broughton, IL	IL, MCLEANSBORO, MAIN STREET
S1-582395942	0.0	miss	blocking	S2-90736050		3	US	Cardiology Clean Care Associates LLC	cardiologycleancare.com	109 Main Street, Broughton, IL	MAIN ST, MCLEANSBORO, IL
S1-582801794	0.0	miss	model	S2-653267196	0.0501	4	India	Bd (India) Services Private Limited	BD (INDIA) SERVICES PRIVATE	B-10A, Rajdarshantara Patil Wadi Opp.Platform 1, Thane, Maharashtra	B-1-0A, RAJDARSHANTARA PATIL WADI OPP.PLATFORM 1, महाराष्ट्र
S1-582801794	0.0	miss	blocking	S2-884385935		4	India	Bd (India) Services Private Limited	bdindiaservices.com	B-10A, Rajdarshantara Patil Wadi Opp.Platform 1, Thane, Maharashtra	B-1-0A, THANE, Maharashtra
S1-582801794	0.0	miss	model	S3-127575499	0.4836	4	India	Bd (India) Services Private Limited	Bd (India) Services  Private Limited	B-10A, Rajdarshantara Patil Wadi Opp.Platform 1, Thane, Maharashtra	
S1-582801794	0.0	miss	model	S3-912458053	0.1437	4	India	Bd (India) Services Private Limited	Bd (lndia)  Services Private Limited	B-10A, Rajdarshantara Patil Wadi Opp.Platform 1, Thane, Maharashtra	
S1-587211445	0.0	miss	blocking	S2-311728541		2	India	Super Logistics Private Limited	सुपर लॉजिस्टिक्स प्राइवेट लिमिटेड	Plot No 90 B Sector-18, Gurugram, Gurgaon, Haryana	PLOT NO A-90 B SECTOR-18, GURUGRAM, GURGAON, Haryana
S1-587211445	0.0	miss	blocking	S3-40581084		2	India	Super Logistics Private Limited	सुपर लॉजिस्टिक्स प्राइवेट लिमिटेड	Plot No 90 B Sector-18, Gurugram, Gurgaon, Haryana	H.no 90 B Sector-18, Gurugram, Gurgaon, HR
S1-588371270	0.0	miss	blocking	S2-168158252		1	India	Royal Energy Private Limited	रॉयल एनर्जी प्राइवेट लिमिटेड	C-5, Ground Floor, Uttam Nagar, Delhi, West Delhi, Delhi	Delhi, WEST DELHI, C-5
S1-588973200	0.0	miss	blocking	S2-104735011		1	India	Lakshmi Finance Private Limited	लक्ष्मी फाइनेंस प्राइवेट लिमिटेड	Gat.No.376/2, Karde, Shirur, Shirur, Pune, Maharashtra	GAT.NO.736/2, SHIRUR, PUNE, Maharashtra
S1-589312519	0.0	false_merge		S3-993871662	0.9984	0	India	DL Carriers Private Limited	DLF Private Limited Services	C/O Samim Mohammad, Vill P.O. Mahalandi, Murshidabad, West Bengal	C/o Samim Mohammad, Vill P.o. Mahalandi, Murshidabad, WB
S1-591163455	0.0	miss	blocking	S2-955405649		5	India	Om Foundation Limited	ওম ফাউন্ডেশন লিমিটেড	Kolkata, Parganas North, Sodepur, 1 No. D.B. Nagar, West Bengal	1 NO. D.B. NAGAR, KOLKATA, PARGANAS NORTH, West Bengal
S1-591163455	0.0	miss	blocking	S3-109661051		5	India	Om Foundation Limited	Om Limited Services	Kolkata, Parganas North, Sodepur, 1 No. D.B. Nagar, West Bengal	#1 No. D.b. Nagar, Kolkata, Parganas North, WB
S1-591163455	0.0	false_merge		S3-360732840	0.8299	5	India	Om Foundation Limited	Om Foundation Private	Kolkata, Parganas North, Sodepur, 1 No. D.B. Nagar, West Bengal	1/1, Kolkata, WB
S1-591163455	0.0	miss	blocking	S3-436423558		5	India	Om Foundation Limited	>> fomcom	Kolkata, Parganas North, Sodepur, 1 No. D.B. Nagar, West Bengal	Parganas North, Kolkata, Sodepur, #1 No. D.b. Nagar, WB
S1-591163455	0.0	miss	blocking	S3-720945439		5	India	Om Foundation Limited	Lumkoronyx	Kolkata, Parganas North, Sodepur, 1 No. D.B. Nagar, West Bengal	1 No. D.B. Nagar, Sodepur, Kolkata, Parganas North, West Bengal
S1-591163455	0.0	miss	blocking	S3-968792210		5	India	Om Foundation Limited	M/s Om Fbdnbatsin Limited	Kolkata, Parganas North, Sodepur, 1 No. D.B. Nagar, West Bengal	1 No. D.b. Nagar, Sodepur, Kolkata, Parganas North, WB
S1-591854771	0.0	miss	model	S2-513484616	0.2202	1	India	Alvi Developers Private Limited	ALVI DEVELOPERS  LIMITED PRIVATE	403, Fourth Floor, Karpura Apartment, S.P.Verma Road, Patna, Bihar	
S1-593614003	0.0	miss	blocking	S2-142311208		2	US	Lozano, Nelson & Pearson P.C.	nl.com	2345 Echo Mountain Road, Rockingham County, VA	ECHO MOUNTAIN ROAD, ROCKINGHAM COUNTY, VA
S1-593614003	0.0	miss	model	S3-313425315	0.1948	2	US	Lozano, Nelson & Pearson P.C.	lozano, nelson & pearson p.c.	2345 Echo Mountain Road, Rockingham County, VA	
S1-593900405	0.0	miss	blocking	S2-820886721		4	India	Arihant Infrastructure Pvt Ltd	अरिहंत इंफ्रास्ट्रक्चर प्रा. लि.	17 - 18 Nehru Palce, New Delhi, Delhi	17 - 18 NEHRU PALCE, DELHI, NEW DELHI, Delhi
S1-593900405	0.0	miss	blocking	S2-915729859		4	India	Arihant Infrastructure Pvt Ltd	अरिहंत इंफ्रास्ट्रक्चर प्रा. लि.	17 - 18 Nehru Palce, New Delhi, Delhi	Delhi, 17 - 18 NEHRU PALCE, DELHI, NEW DELHI
S1-593900405	0.0	miss	blocking	S2-994369583		4	India	Arihant Infrastructure Pvt Ltd	Sri Arihant lnfrastructure	17 - 18 Nehru Palce, New Delhi, Delhi	H.NO 17 - 18 NEHRU PALCE, NEW DELHI, Delhi
S1-593900405	0.0	miss	blocking	S3-225749539		4	India	Arihant Infrastructure Pvt Ltd	Arihant-Infrsrruicure Pvt Ltd	17 - 18 Nehru Palce, New Delhi, Delhi	New Delhi, Delhi, दिल्ली, H.no D/17 - 18 Nehru Palce
S1-594366437	0.0	false_merge		S2-52282989	0.7865	0	India	Hyderabad Servicesprivate	Hyderabad Servicesprivate Limited	Suit No:104, P.No:4 & 5, Kavuri Supreme Enclave Road No:36, Jubilee Hills, Hyderabad, Telangana	SUIT NO:105, P.NO:4 & 5, KAVURI SUPREME ENCLAVE ROAD NO:36, JUBILEE HILLS, HYDERABAD, Telangana
S1-595243790	0.0	false_merge		S2-208371414	0.9898	0	US	Saeger, Dianna, CPA	Saeger, Deinna, EPA	Chatham, 31 Chatham Villa, IL	31 CHATHAM VILLA, CHATHAM, IL
S1-595509686	0.0	miss	blocking	S3-491953421		1	India	Har & Brothers Private Limited	Har &  Bbdohters Private Limited	Bangalore, Koramangala, Industrial Layout, Karnataka, Bangalore South, Wework Prestige Atlanta 80 Feet Main Road	No C-625 Wework Prestige Atlata 80 Feet Main Road, Bangalore South, Bangalore, KA
S1-595887064	0.0	miss	blocking	S2-346221377		4	India	Shiva Ventures Private Limited	शिवा वेंचर्स प्राइवेट लिमिटेड	E-069, Third Floor, Site Epip, Noida, Gautam Buddha Nagar, Uttar Pradesh	E-069, NOIDA, GAUTAM BUDDHA NAGAR, Uttar Pradesh
S1-595887064	0.0	miss	blocking	S2-436827982		4	India	Shiva Ventures Private Limited	शिवा वेंचर्स Private Limited	E-069, Third Floor, Site Epip, Noida, Gautam Buddha Nagar, Uttar Pradesh	E-069, THIRD FLOOR, SITE EPIP, NOIDA, GAUTAM BUDDHA NAGAR, Uttar Pradesh
S1-595887064	0.0	miss	blocking	S2-678278230		4	India	Shiva Ventures Private Limited	शिवा वेंचर्स प्राइवेट लिमिटेड	E-069, Third Floor, Site Epip, Noida, Gautam Buddha Nagar, Uttar Pradesh	E-069, NOIDA, GAUTAM BUDDHA NAGAR, Uttar Pradesh
S1-595887064	0.0	miss	blocking	S2-901661029		4	India	Shiva Ventures Private Limited	शिवा वेंचर्स प्राइवेट लिमिटेड	E-069, Third Floor, Site Epip, Noida, Gautam Buddha Nagar, Uttar Pradesh	E-069, THIRD FLOOR, SITE EPIP, NOIDA, GAUTAM BUDDHA NAGAR, Uttar Pradesh
S1-59592055	0.0	miss	blocking	S3-207266247		2	India	Guru Ventures Private Limited	Guru Venurse Private (Limited)	Shop No. 07, A-Wing, Mauli Heights, Kharegaon, Thane, Maharashtra	Shop No. 07, Thane, MH
S1-59592055	0.0	miss	blocking	S3-654334505		2	India	Guru Ventures Private Limited	गुरु वेंचर्स प्राइवेट लिमिटेड	Shop No. 07, A-Wing, Mauli Heights, Kharegaon, Thane, Maharashtra	Shop No. 07, Thane, महाराष्ट्र
S1-596040260	0.0	miss	blocking	S2-286573222		1	US	Legacy Cargo Alliance Care	LEGACY CARGO  ALLIANCE CARE	18006 15th Avenue, WA, Lynnwood	LARCH WAY, WA, FIFTEENTH AVE
S1-599815944	0.0	miss	model	S2-564894001	0.0678	2	India	South Products Private Limited	ಸೌತ್ ಪ್ರೊಡಕ್ಟ್ಸ್ ಪ್ರೈವೇಟ್ ಲಿಮಿಟೆಡ್	No 907, Brigade Paramount, Appartments, B G Halli, Bangalore North, Bangalore, Karnataka	#07, BENGALURU, Karnataka
S1-599815944	0.0	miss	model	S2-972895252	0.145	2	India	South Products Private Limited	ಸೌತ್ ಪ್ರೊಡಕ್ಟ್ಸ್ ಪ್ರೈವೇಟ್ ಲಿಮಿಟೆಡ್	No 907, Brigade Paramount, Appartments, B G Halli, Bangalore North, Bangalore, Karnataka	NO 07, BENGALURU, Karnataka
S1-600218725	0.0	miss	blocking	S2-33599813		1	India	East Engineering Pvt Ltd	ईस्ट इंजीनियरिंग प्रा. लि.	Maharashtra, Iind Floor, Sarda Vishnu Vihar Sadan, Nanda Patkar Road, Vile Parle (E), Mumbai	IIND FLOOR, VILE PARLE (E), Maharashtra
S1-601150724	0.0	false_merge		S3-617039645	0.8004	0	US	Riggins and Rivera Grade Inc	Riggins And Rivera Grade Inc	1010 Rachael St, Unit 204, North Liberty, IA	
S1-602190526	0.0	miss	blocking	S2-191027293		1	US	Campos Learning Center	CAMPOSLEARNINGCENTER.COM	7646 Cottage Hill Road, Unit 1304, Mobile, AL	AL, COTTAGE HILL ROAD, MOBILE
S1-603243213	0.0	miss	model	S2-804364167	0.6788	1	US	Atlantic Network Systems Inc	snatlantic.com	126 Falls Drive, Westminster, SC	126 FALLS DR, SC, WESTMINSETR
S1-605262432	0.0	false_merge		S2-786164818	0.973	0	India	Consulting Eros Consultants	Consulting Eros Consultants Private Limited	Village Mithi Tehsil Siwani, Bhiwani, Haryana	H.NO G-36 VILLAGE MITHI TEHSIL SIWANI, BHIWANI, Haryana
S1-60682830	0.0	miss	blocking	S3-897422630		1	India	Awake Medical Pvt Ltd	Shri Awake Medica1 Pvt [Ltd]	53, Sankara Pani T.Nagar, Chennai, Tamil Nadu	Block B-00522 53, Chennai, TN
S1-606846081	0.0	miss	blocking	S2-173411517		5	India	Shiv Solutions Private Limited	SHIV SOLUTIONS PRIVATE-LTD	Avenu Unit Fo-02, 4Th Floor, 28/A, 80 Feet Road, Michael Palaya, Bangalore North, Bangalore, Karnataka	
S1-606846081	0.0	miss	blocking	S2-200152568		5	India	Shiv Solutions Private Limited	ಶಿವ್ ಸೊಲ್ಯೂಷನ್ಸ್ ಪ್ರೈವೇಟ್ ಲಿಮಿಟೆಡ್	Avenu Unit Fo-02, 4Th Floor, 28/A, 80 Feet Road, Michael Palaya, Bangalore North, Bangalore, Karnataka	AVENU UNIT FO-02, BANGALORE NORTH, BANGALORE, Karnataka
S1-606846081	0.0	miss	blocking	S2-449810583		5	India	Shiv Solutions Private Limited	ಶಿವ್ ಸೊಲ್ಯೂಷನ್ಸ್ ಪ್ರೈವೇಟ್ ಲಿಮಿಟೆಡ್	Avenu Unit Fo-02, 4Th Floor, 28/A, 80 Feet Road, Michael Palaya, Bangalore North, Bangalore, Karnataka	AVENU UNIT FO-02, BANGALORE NORTH, BANGALORE, Karnataka
S1-606846081	0.0	miss	blocking	S3-731106005		5	India	Shiv Solutions Private Limited	ಶಿವ್ ಸೊಲ್ಯೂಷನ್ಸ್ ಪ್ರೈವೇಟ್ ಲಿಮಿಟೆಡ್	Avenu Unit Fo-02, 4Th Floor, 28/A, 80 Feet Road, Michael Palaya, Bangalore North, Bangalore, Karnataka	Avenu Unit Fo-02, Bangalore, KA
S1-606846081	0.0	miss	blocking	S3-803395423		5	India	Shiv Solutions Private Limited	Shiv ಸೊಲ್ಯೂಷನ್ಸ್ ಪ್ರೈವೇಟ್ ಲಿಮಿಟೆಡ್	Avenu Unit Fo-02, 4Th Floor, 28/A, 80 Feet Road, Michael Palaya, Bangalore North, Bangalore, Karnataka	Avenu Unit Fo-02, KA, Bangalore North
S1-607121659	0.0	miss	blocking	S3-161930781		1	India	Riaan Infrastructures Private Limited	Limited Riaan Private Center	G-81A, Office No. 2 1St Floor, Laxmi Nagar, New Delhi, East Delhi, Delhi	G-81a, Office No. 2 1St Floor, Laxmi Nagar, East Delhi, New Delhi, DL
S1-608297433	0.0	miss	blocking	S2-579187142		2	India	Herbs Trading Private Limited	M/s #herbstrading	Noida, Uttar Pradesh, Gautam Buddha Nagar, D-40 Sector-30	D-40 SECTORS30, NOIDA, उत्तर प्रदेश
S1-608297433	0.0	miss	blocking	S3-405826059		2	India	Herbs Trading Private Limited	Herbstrading.Com	Noida, Uttar Pradesh, Gautam Buddha Nagar, D-40 Sector-30	C-841 D-40 Sector-30, Noida, Gautam Buddha Nagar, UP
S1-610242859	0.0	miss	blocking	S3-46083276		1	US	Family Medicine LLC	Family LLC Medicine	85 Eighth Street, New Bedford, MA	86 8th Street, New Bedford, Massachusetts
S1-612526291	0.0	miss	blocking	S2-580389169		2	India	Jain Food	ಜೈನ್ ಫುಡ್	Amour, Villa 123, Valmark Cityville, Chandrashekharapura, Begur, Bangalore South, Bangalore, Karnataka	AMUR, BANGALORE, BANGALORE SOUTH, Karnataka
S1-612526291	0.0	miss	blocking	S3-256497413		2	India	Jain Food	ಜೈನ್ ಫುಡ್	Amour, Villa 123, Valmark Cityville, Chandrashekharapura, Begur, Bangalore South, Bangalore, Karnataka	Block C-545 Amour, Bangalore South, Bangalore, ಕರ್ನಾಟಕ
S1-613209923	0.0	miss	blocking	S2-180892969		2	India	Alpha Business Private Limited	अल्फा बिजनेस प्राइवेट लिमिटेड	D-38, Acharya Niketan, Mayur Vihar, Phase-1, East Delhi, Delhi	D-038, EAST DELHI, दिल्ली
S1-613209923	0.0	miss	blocking	S3-394874458		2	India	Alpha Business Private Limited	अल्फा बिजनेस प्राइवेट लिमिटेड	D-38, Acharya Niketan, Mayur Vihar, Phase-1, East Delhi, Delhi	D-38, East Delhi, DL
S1-613647689	0.0	miss	model	S2-962146519	0.2182	2	US	Cascade Lafayette PC	Cascade  Lafayette	612 Anchor Drive, Lafayette, IN	
S1-613647689	0.0	miss	model	S3-412448409	0.2182	2	US	Cascade Lafayette PC	Cáscade-Lafayette	612 Anchor Drive, Lafayette, IN	
S1-617201708	0.0	miss	blocking	S2-744770167		2	India	Ace Logistics	एस लॉजिस्टिक्स	G-19, Sector -63, Noida, Gautam Buddha Nagar, Uttar Pradesh	G-19, GAUTAM BUDDHA NAGAR, NOIDA, Uttar Pradesh
S1-617201708	0.0	miss	blocking	S3-106643589		2	India	Ace Logistics	एस लॉजिस्टिक्स	G-19, Sector -63, Noida, Gautam Buddha Nagar, Uttar Pradesh	G-19, Sector -63, Noida, Gautam Buddha Nagar, उत्तर प्रदेश
S1-617735248	0.0	miss	blocking	S3-736976594		1	US	Pediatric Valley Medicine LLC	Pediatric Valley Medicine	20623 Rolen Avenue, Bend, OR	
S1-618345138	0.0	miss	model	S2-946126486	0.3871	1	US	Northern Crypto PC	NORTHERN CRYPTO PC	309 Colony Creek Drive, Dickinson, TX	
S1-618360807	0.0	miss	model	S2-903358719	0.1607	3	US	Phillips, Hayes & Acampora Focus Center	Phillips, Hayes & Acampora Focus Center Inc	111 Banyan Court, Victoria, TX	
S1-618360807	0.0	miss	model	S3-139991333	0.0988	3	US	Phillips, Hayes & Acampora Focus Center	Phillips, Hayes & Acampora Focus	111 Banyan Court, Victoria, TX	
S1-618360807	0.0	miss	model	S3-68706780	0.3129	3	US	Phillips, Hayes & Acampora Focus Center	Phillips, Hayes & Acampora Focus Center	111 Banyan Court, Victoria, TX	
S1-619239421	0.0	miss	model	S3-113861273	0.5386	1	India	Nvp Tech Private Limited	Mr Nvp Tech Limited Private	Kunnathunad, 15/217, Ward 15, Pinarmunda, Peringala P.O, Ernakulam, Kerala	Plot 8-554 15/217, Ward 15, Pinarmunda, Peringala P.o, Kunnathunad, Ernakulam, KL
S1-619628021	0.0	miss	blocking	S2-873335350		2	India	Sree Bombay Finance Private Limited	ಶ್ರೀ ಬಾಂಬೆ ಫೈನಾನ್ಸ್ ಪ್ರೈವೇಟ್ ಲಿಮಿಟೆಡ್	#424, 9Th Main Road Vijaynagar, Bangalore, Karnataka	#424, BANGALORE, ಕರ್ನಾಟಕ
S1-619628021	0.0	miss	blocking	S3-50166578		2	India	Sree Bombay Finance Private Limited	ಶ್ರೀ ಬಾಂಬೆ ಫೈನಾನ್ಸ್ ಪ್ರೈವೇಟ್ ಲಿಮಿಟೆಡ್	#424, 9Th Main Road Vijaynagar, Bangalore, Karnataka	#425, Bengaluru, KA
S1-620557880	0.0	miss	model	S2-113091543	0.7014	2	India	Seven Media Private Limited	സെവൻ മീഡിയ പ്രൈവറ്റ് ലിമിറ്റഡ്	Vadakkedathu House, Athirampuzhzha P.O, Kottayam, Kerala	KOTTAYAM, H.NO 628 VADAKKEDATHU HOUSE, Kerala, KOTTAYAM
S1-620557880	0.0	miss	blocking	S3-506240737		2	India	Seven Media Private Limited	Seven Media Private  Limited	Vadakkedathu House, Athirampuzhzha P.O, Kottayam, Kerala	
S1-620622219	0.0	miss	model	S2-616014947	0.4166	2	India	Ojas & Co	Ojas & Co	K-1/81, 1St Floor, Pocket K1, C R Park, New Delhi, South Delhi, Delhi	
S1-620622219	0.0	miss	blocking	S3-875782978		2	India	Ojas & Co	Oas & Co	K-1/81, 1St Floor, Pocket K1, C R Park, New Delhi, South Delhi, Delhi	No. #573 K-1/81, South Delhi, दिल्ली, New Delhi
S1-623737608	0.0	miss	model	S3-935661176	0.0254	1	US	Miguel, Lucia, D.O., PC	Miguel, Lucia, D.O., Inc	6811 90th Street, Lincoln, NE	8811 90rd St, Lincoln, Nebraska
S1-624811021	0.0	miss	model	S2-34055502	0.1451	1	US	Allied Highland Jewelers LLC	Allied Highland Jewelers	Tarlton, 76 Harrison Street, OH	
S1-629988451	0.0	miss	blocking	S3-774461248		1	India	East Solutions Private Limited	East Private Limited Service	I Mint Inside Hiranandani Meadows, Next To Gemini Bldg, Pokharan R, Oad No. 2, 405 & 406, Thane, Maharashtra	महाराष्ट्र, Mandi, Thane, No 405 & 406
S1-630757922	0.0	miss	blocking	S2-672288440		1	India	Blue Solutions Private Limited	ब्लू सॉल्यूशंस प्राइवेट लिमिटेड	1/219A, Vibhav Khand Gomti Nagar, Lucknow, Uttar Pradesh	1/219A, N/A, LUCKNOW, Uttar Pradesh
S1-632145193	0.0	miss	blocking	S2-448281173		1	US	Rapid Construction Technologies LLC	Rapid Construction LLC Services	13691 Lynn Street, Prince William County, VA	VA, WOODBRIDGE CITY, LYNN STREET
S1-632437748	0.0	miss	blocking	S2-220175288		2	India	Prime Engineering Private Limited	प्राइम इंजीनियरिंग प्राइवेट लिमिटेड	101, New Diamond Industrial Estate, Near Virvani, Goregaon East, Mumbai, Maharashtra	Maharashtra, GOREGAON EAST, 01, MUMBAI
S1-632437748	0.0	miss	blocking	S2-879025416		2	India	Prime Engineering Private Limited	प्राइम इंजीनियरिंग प्राइवेट लिमिटेड	101, New Diamond Industrial Estate, Near Virvani, Goregaon East, Mumbai, Maharashtra	01, GOREGAON EAST, MUMBAI, महाराष्ट्र
S1-635479491	0.0	miss	blocking	S2-931757029		2	India	Green Care Private Limited	গ্রীন কেয়ার প্রাইভেট লিমিটেড	113 N S Road 4Th Floor P S Bura Bazar, Kolkata, Calcutta, West Bengal	113 N S ROAD 4TH FLOOR P S BURA BAZAR, KOLKATA, CALCUTTA, West Bengal
S1-635479491	0.0	miss	blocking	S3-367008595		2	India	Green Care Private Limited	গ্রীন কেয়ার প্রাইভেট লিমিটেড	113 N S Road 4Th Floor P S Bura Bazar, Kolkata, Calcutta, West Bengal	Door No 113 N S Road 4Th Floor P S Bura Bazar, Kolkata, Calcutta, WB
S1-635537085	0.0	miss	model	S3-184613132	0.5246	1	India	Thrissur Trading	Thrissur-Services	Kerala, Room No 27/451, Thrissur, 2Nd Floor, Kerala Tower, Guruvayur, Thrissur	Room No 7/451, 2Nd Floor, Kerala Tower, Guruvayur, Thrissur, Kochi Region, Thrissur, KL
S1-636788066	0.0	miss	blocking	S2-558925727		1	US	Kim Energy PC	Kim Kim PC Service	OH, Magnolia, 2045 Magnolia Road	MAGNOLIA ROAD, MAGNOLLIA TOWNSHIP, OH
S1-637297876	0.0	false_merge		S3-831711755	0.9983	0	US	Midwest Infrastructure LLC	Midwest-Infrastructure  Corp	1086 25th Place, Pleasantville, IA	1086 25th Pl, Pleasant Grove, Iowa
S1-637409055	0.0	miss	blocking	S2-75330882		2	India	Maa Exports Private Limited	माँ एक्सपोर्ट्स प्राइवेट लिमिटेड	House No 8, Ground Floor, Road No 84, West Punjabi Bagh, New Delhi, West Delhi, Delhi	PLOT 825/8 HOUSE NO 8, GROUND FLOOR, ROAD NO 84, WEST PUNJABI BAGH, NEW DELHI, WEST DELHI, Delhi
S1-637409055	0.0	miss	blocking	S3-557090217		2	India	Maa Exports Private Limited	माँ एक्सपोर्ट्स प्राइवेट लिमिटेड	House No 8, Ground Floor, Road No 84, West Punjabi Bagh, New Delhi, West Delhi, Delhi	House No ##8, Ground Floor, Road No 84, West Punjabi Bagh, West Delhi, New Delhi, DL
S1-637887766	0.0	miss	model	S2-433413298	0.051	1	India	Checkmate (India) Foundation Pvt Ltd	Fayeecto	Soho 110, First Floor, Block 3, Oxford Street, Rajpura, Mohali, Punjab	BLOCK A-566 SOHO 110, RAJPURA, MOHALI, ਪੰਜਾਬ
S1-638027213	0.0	false_merge		S3-432962132	0.7654	0	India	Prime Constructions Private Limited	Prime Consultants Private Limited	Ramky Grandiose, 13Th Floor, Sy No 136/2 & 4, Gachibowli, Hyderabad, Telangana	No 98 Ramky Grandiose, 13Th Floor, Sy No 136/2 & 4, Gachibowli, Hyderabad, TG
S1-638411138	0.0	miss	blocking	S3-591420724		3	India	All Products Private Limited	All Private Limited Service	H. No- 570/47, Kh No - 47 Maidan Ghari Extn, Pole No 1587, New Delhi, Delhi	H. No- 570/47, New Delhi, DL
S1-638411138	0.0	miss	blocking	S3-6796151		3	India	All Products Private Limited	M/s All [Products]	H. No- 570/47, Kh No - 47 Maidan Ghari Extn, Pole No 1587, New Delhi, Delhi	H. No- 570/47, New Delhi, दिल्ली
S1-638411138	0.0	miss	blocking	S3-777494523		3	India	All Products Private Limited	ऑल प्रोडक्ट्स प्राइवेट लिमिटेड	H. No- 570/47, Kh No - 47 Maidan Ghari Extn, Pole No 1587, New Delhi, Delhi	H. No- 570/47, New Delhi, DL
S1-640953301	0.0	false_merge		S2-933976266	0.9184	0	US	Lynx Materials Inc.	Lynx Materials Inc	1130 Nancy Lane, Gilbert, AZ	AZ, GILBERT, 1134 NANCY LANE
S1-642544304	0.0	false_merge		S2-993527049	0.9991	0	US	Certified Digital Holdings	Certified  Holdings Digital Co	552 145th Street, Aledo, IL	552 145TH STREET, ALEDO, IL
S1-64300182	0.0	miss	blocking	S2-439155839		4	India	Urban Foods Private Limited	अर्बन फूड्स प्राइवेट लिमिटेड	Delhi, B- 191 Yojna Vihar Delhi, Delhi, East Delhi	EAST DELHI, DELHI, B- 19 YOJNA VIHAR DELHI, Delhi
S1-64300182	0.0	miss	blocking	S2-661804106		4	India	Urban Foods Private Limited	Mr *** Urban Private Limited Services	Delhi, B- 191 Yojna Vihar Delhi, Delhi, East Delhi	B- 19 YOJNA VIHAR DELHI, DELHI, EAST DELHI, Delhi
S1-64300182	0.0	miss	blocking	S3-337201900		4	India	Urban Foods Private Limited	Urban Foods Limited Partners	Delhi, B- 191 Yojna Vihar Delhi, Delhi, East Delhi	East Delhi, B- 91 Yojna Vihar Delhi, DL, Delhi
S1-64300182	0.0	miss	blocking	S3-744851971		4	India	Urban Foods Private Limited	Shri Urban Foods Private	Delhi, B- 191 Yojna Vihar Delhi, Delhi, East Delhi	B- 91 Ynjna Vihar Delhi, Delhi, East Delhi, DL
S1-64465057	0.0	miss	model	S2-545693719	0.4895	1	India	Maa Properties LLP	माँ प्रॉपर्टीज एलएलपी	310, Phase 2, 3Rd Floor, Evergreen Homes Nagala Park, Kolhapur, Maharashtra	311, PHASE 2, 3RD FLOOR, EVERGREEN HOMES NAGALA PARK, KOLHAPUR, Maharashtra
S1-645268195	0.0	miss	blocking	S2-286485333		2	India	Raj Finance Private Limited	राज फाइनेंस प्राइवेट लिमिटेड	D-2/119, Vibhuti Khand, Lucknow, Uttar Pradesh	उत्तर प्रदेश, LUCKNOW, D-2/11
S1-645268195	0.0	miss	blocking	S3-289091083		2	India	Raj Finance Private Limited	राज फाइनेंस Private Limited	D-2/119, Vibhuti Khand, Lucknow, Uttar Pradesh	D-##2/119, Lucknow, UP
S1-646093946	0.0	miss	blocking	S3-278233842		1	India	Bombay International Private Limited	Mr Bombay Private Limited Services	1407, Wing E, Oberoi Splendor, Cts No. 1 J V Link Road, Opp Majas Depot, Andheri, East, Mumbai, Mumbai City, Maharashtra	
S1-646472584	0.0	miss	blocking	S3-79921094		1	India	Dream Brothers Pvt. Ltd.	Dream Brohers Pvt. Ltd.	Unit No B-18/B-19, 1St Fl., Jaferbhoy Indl. Estate Makawana Road, Marol Naka, Andheri (E), Mumbai, Mumbai City, Maharashtra	
S1-647534783	0.0	miss	blocking	S2-264354877		1	India	Dream Estate Private Limited	Dream Estate Private  Limited	Mercantile Bldg 9/12 Lalbazar, West Bengal, Kolkata, Calcutta	
S1-649527345	0.0	miss	blocking	S2-854546452		3	India	Sky Technology Limited	Sky [Technology]	No 5, 4Th Cross, 3Rd Main, Akshay Nagar, Yelenahall, Bangalore South, Bangalore, Karnataka	
S1-649527345	0.0	miss	blocking	S2-950249039		3	India	Sky Technology Limited	ಸ್ಕೈ ಟೆಕ್ನಾಲಜಿ ಲಿಮಿಟೆಡ್	No 5, 4Th Cross, 3Rd Main, Akshay Nagar, Yelenahall, Bangalore South, Bangalore, Karnataka	6, BANGALORE SOUTH, BANGALORE, ಕರ್ನಾಟಕ
S1-649527345	0.0	miss	model	S3-185346161	0.3479	3	India	Sky Technology Limited	Sky Technology Ltd	No 5, 4Th Cross, 3Rd Main, Akshay Nagar, Yelenahall, Bangalore South, Bangalore, Karnataka	No 05, Bangalore, Bommanahalli, KA
S1-651085245	0.0	false_merge		S2-390366057	0.898	0	US	Silver Coffee Inc.	Inc Silver Coffee	KY, 10916 Keene Rd, Louisville	10921 KEENE RD, null, LOUISVILLE, KY
S1-65145991	0.0	false_merge		S3-719828866	0.9933	0	India	Marigold & Brothers Private Limited	Marigold & Brteiirs Private Limited	38- E, 4Th Floor, Lig Flat, Pkt-B Sec-3, Phase-1, Dwarka, New Delhi, West Delhi, Delhi	
S1-652664751	0.0	miss	model	S2-416789343	0.0168	2	US	Gooch & Schmidt of Mandaree	[Services] & Schmidt of Gooch	4 Mandaree Drive, Mandaree, ND	15 MANDAREE DR, MANDAREE, ND
S1-652664751	0.0	miss	model	S3-789892277	0.4315	2	US	Gooch & Schmidt of Mandaree	Gooch & Schmidt  of Mandaree Co	4 Mandaree Drive, Mandaree, ND	17 Mandaree Dr, Mandaree, North Dakota
S1-655673955	0.0	miss	blocking	S2-591600262		4	India	Jain Technology	जैन टेक्नोलॉजी	F 90/33 Okhla Phase-1 Okhla Industrial Area New Delhi, Delhi, South Delhi, Delhi	F 90/33 OKHLA PHASE-1 OKHLA INDUSTRIAL AREA NEW DELHI, DELHI, SOUTH DELHI, Delhi
S1-655673955	0.0	miss	blocking	S2-886828868		4	India	Jain Technology	जैन टेक्नोलॉजी	F 90/33 Okhla Phase-1 Okhla Industrial Area New Delhi, Delhi, South Delhi, Delhi	Delhi, SOUTH DELHI, DELHI, F 90/33 OKHLA PHASE-1 OKHLA INDUSTRIAL AREA NEW DELHI
S1-655673955	0.0	miss	blocking	S3-568490378		4	India	Jain Technology	जैन टेक्नोलॉजी	F 90/33 Okhla Phase-1 Okhla Industrial Area New Delhi, Delhi, South Delhi, Delhi	F 90/33 Okhla Phase-1 Okhla Industrial Area New Delhi, Delhi, South Delhi, DL
S1-655673955	0.0	miss	blocking	S3-632403023		4	India	Jain Technology	Jain Teshhnology	F 90/33 Okhla Phase-1 Okhla Industrial Area New Delhi, Delhi, South Delhi, Delhi	South Delhi, Delhi, F 90/33 Okhla Phase-1 Okhla Industrial Area New Delhi, DL
S1-65675664	0.0	miss	model	S2-879515486	0.5297	1	US	Credit Wireless Associates LLC	Credit Wireless Associates	3509 Northgate Drive, Unit 508, Irving, TX	3506 NORTHGATE DRIVE, IRVIING, TX
S1-660747032	0.0	false_merge		S2-823491905	0.9578	0	India	Lemon Services	Lemon Private Limited Services	4Th Floor, Shop 423 Silver Stone, Arcade, Singanpore Causway Road, Sy-41/1, 42, 47, 99. Fp -50.Tps-26, Surat City, Surat, Gujarat	
S1-663014252	0.0	miss	blocking	S2-705107804		2	US	Munguia, Keithley and Grier of Cambridge	Lyraavi	285 Harvard Street, Unit 101, Cambridge, MA	604 HARVARD ST, null, CAMBRIDGE, MA
S1-663014252	0.0	miss	model	S3-194212362	0.1696	2	US	Munguia, Keithley and Grier of Cambridge	Munguia, Keithley and Gríer of Cambridge Cambridge	285 Harvard Street, Unit 101, Cambridge, MA	Massachusetts, Unit 101, 05 Harvard St, Cambridge
S1-664035737	0.0	miss	model	S2-239065297	0.6554	3	India	Dream Real Media Private Limited	*** Dream Real Media Private	32, F No 2C Devadaya Apts, 1St Main Rd, Gandhi Nagar, Chennai City Corporation, Chennai, Tamil Nadu	33, CHENNAI CITY CORPORATION, CHENNAI, Tamil Nadu
S1-664035737	0.0	miss	model	S2-483065324	0.6629	3	India	Dream Real Media Private Limited	டிரீம் ரியல் மீடியா பிரைவேட் லிமிடெட்	32, F No 2C Devadaya Apts, 1St Main Rd, Gandhi Nagar, Chennai City Corporation, Chennai, Tamil Nadu	33, F NO 2C DEVADAYA APTS, 1ST MAIN RD, GANDHI NAGAR, CHENNAI CITY CORPORATION, CHENNAI, Tamil Nadu
S1-664035737	0.0	miss	model	S2-539479935	0.6629	3	India	Dream Real Media Private Limited	டிரீம் ரியல் மீடியா பிரைவேட் லிமிடெட்	32, F No 2C Devadaya Apts, 1St Main Rd, Gandhi Nagar, Chennai City Corporation, Chennai, Tamil Nadu	33, F NO 2C DEVADAYA APTS, 1ST MAIN RD, GANDHI NAGAR, CHENNAI CITY CORPORATION, CHENNAI, Tamil Nadu
S1-666276204	0.0	miss	blocking	S2-475428253		1	India	Kk Traders Private Limited	Kk Traders Private Ltd	Flat 404, 4Th Floor, F-Wing, Kalpak Estate, Antop Hill, Mumbai, Mumbai, Maharashtra	
S1-670346947	0.0	miss	blocking	S2-137661252		2	India	Ace Ventures Private Limited	एस वेंचर्स प्राइवेट लिमिटेड	A-57, Third Floor Jitar Nagar, Opposite Gate Of Gagan Vihar, Delhi, East Delhi, Delhi	EAST DELHI, A-##57, DELHI
S1-670346947	0.0	miss	blocking	S3-42446615		2	India	Ace Ventures Private Limited	Dr Ace Ventures-Private Limited	A-57, Third Floor Jitar Nagar, Opposite Gate Of Gagan Vihar, Delhi, East Delhi, Delhi	A-57, Delhi, East Delhi, दिल्ली
S1-671701394	0.0	miss	model	S3-651394475	0.2986	1	US	Mercado & Flores	Mercado + Flores LP	1412 Broad Street, Unit B, Durham, NC	1583. Broad St, # B, Drham, North Carolina
S1-672855751	0.0	miss	blocking	S2-296604519		7	India	Anand Enterprises Private Limited	ఆనంద్ ఎంటర్‌ప్రైజెస్ ప్రైవేట్ లిమిటెడ్	Ground Floor, Latha Residency Ashok Nagar Bus Stop, Vijayawada, Krishna, Andhra Pradesh	KRISHNA, LATHA RESIDENCY ASHOK NAGAR BUS STOP, VIJAYAWADA, Andhra Pradesh, GROUND FLOOR
S1-672855751	0.0	miss	blocking	S2-645220331		7	India	Anand Enterprises Private Limited	ఆనంద్ ఎంటర్‌ప్రైజెస్ ప్రైవేట్ లిమిటెడ్	Ground Floor, Latha Residency Ashok Nagar Bus Stop, Vijayawada, Krishna, Andhra Pradesh	GROUND FLOOR, VIJAYAWADA, KRISHNA, Andhra Pradesh
S1-672855751	0.0	miss	blocking	S2-799545550		7	India	Anand Enterprises Private Limited	ఆనంద్ ఎంటర్‌ప్రైజెస్ ప్రైవేట్ లిమిటెడ్	Ground Floor, Latha Residency Ashok Nagar Bus Stop, Vijayawada, Krishna, Andhra Pradesh	LATHA RESIDENCY ASHOK NAGAR BUS STOP, GROUND FLOOR, Andhra Pradesh, KRISHNA, VIJAYAWADA
S1-672855751	0.0	miss	blocking	S2-907072156		7	India	Anand Enterprises Private Limited	PRIVATE ANAND ENTERDDPRISMES LIMITED	Ground Floor, Latha Residency Ashok Nagar Bus Stop, Vijayawada, Krishna, Andhra Pradesh	GROUND FLOOR, VIJAYAWADA, KRISHNA, Andhra Pradesh
S1-672855751	0.0	miss	blocking	S2-938410908		7	India	Anand Enterprises Private Limited	ఆనంద్ ఎంటర్‌ప్రైజెస్ ప్రైవేట్ లిమిటెడ్	Ground Floor, Latha Residency Ashok Nagar Bus Stop, Vijayawada, Krishna, Andhra Pradesh	GROUND FLOOR, LATHA RESIDENCY ASHOK NAGAR BUS STOP, VIJAYAWADA, KRISHNA, ఆంధ్రప్రదేశ్
S1-672855751	0.0	miss	blocking	S3-450049460		7	India	Anand Enterprises Private Limited	ఆనంద్ ఎంటర్‌ప్రైజెస్ ప్రైవేట్ లిమిటెడ్	Ground Floor, Latha Residency Ashok Nagar Bus Stop, Vijayawada, Krishna, Andhra Pradesh	Gruond Floor, Latha Residency Ashok Nagar Bus Stop, Vijayawada, Krishna, AP
S1-672855751	0.0	miss	blocking	S3-719013117		7	India	Anand Enterprises Private Limited	ఆనంద్ ఎంటర్‌ప్రైజెస్ ప్రైవేట్ లిమిటెడ్	Ground Floor, Latha Residency Ashok Nagar Bus Stop, Vijayawada, Krishna, Andhra Pradesh	ఆంధ్రప్రదేశ్, Vijayawada, Latha Residency Ashok Nagar Bus Stop, Ground Floor, Krishna
S1-673056924	0.0	miss	blocking	S2-35142891		1	India	Aero Commercial Ltd	Aero Cmmemmrmccial Ltd	1360 Shukrawar Peth Unit 216 Bharat Bhavan, Pune, Maharashtra	
S1-673236341	0.0	miss	model	S3-389074578	0.2238	1	US	Maniis Blue Ellington PC	Maniis Blue Ellington	WV, 206 Black Lane, Hurricane	#460 Black Ln, Hurricane, West Virginia
S1-67432754	0.0	miss	model	S2-34330642	0.2647	2	India	Genome First Limited	Genome Limited Services	C/O Duke Sri Sai Garments, Opp. - Kedar Nath Market Near Gouriya Math Lane, G.B.Road, Gaya, Bihar	#936 C/O DUKE SRI SAI GARMENTS, OPP. - KEDAR NATH MARKET NEAR GOURIYA MATH LANE, G.B.ROAD, GAYA, Bihar
S1-67432754	0.0	miss	model	S3-647196707	0.7031	2	India	Genome First Limited	Genome First	C/O Duke Sri Sai Garments, Opp. - Kedar Nath Market Near Gouriya Math Lane, G.B.Road, Gaya, Bihar	No 519 C/o Duke Sri Sai Garments, Opp. - Kedar Nath Market Near Gouriya Math Lane, G.b.road, Gaya, बिहार
S1-675214774	0.0	false_merge		S3-616078340	0.9352	0	India	Iris Music Limited	Iris Music Private Limited	3-3/3, Sun City Colony, Hyederabad Road, Mandal&Municipality-Parigi, Rangareddy, K.V.Rangareddy, Telangana	Sun City Colony, Hyederabad Road, Mandal&municipality-parigi, Rangareddy, No. 3-42 3-3/8, K.v.rangareddy, TG
S1-67613294	0.0	false_merge		S3-423839474	0.9939	0	India	Ahmedabad Services Pvt Ltd	Ahmedabad Pvt Ltd Services	C 303 Shivam Arcade Nr R C Politechnic School, Sola, Ahmedabad, Gujarat	Offcie No. 303, Ahmedabad, GJ
S1-677113639	0.0	miss	blocking	S2-513391896		2	US	A Cure 7 IT Holdings	A Cure 7 IT LLC	TX, Allen, 520 Sequoia Street	SEQUOIA STREET, ALLEN, TX
S1-677113639	0.0	miss	blocking	S3-523016689		2	US	A Cure 7 IT Holdings	A Cure 7 IT LLC | www.acurei.com	TX, Allen, 520 Sequoia Street	Sequoia St, Allen, Texas
S1-677423350	0.0	miss	model	S2-926668065	0.4765	1	US	Rooker & Wang Battery LLC	Rooker Wang Battery LLC Service	6007 Fairlane Drive, Kansas City, MO	5763 FARLANE DR, KANSAS CITY, MO
S1-678628286	0.0	miss	blocking	S2-506734308		1	India	Hitech Industries	હાઇટેક ઇન્ડસ્ટ્રીઝ	Ground Floor, Camps Corner - 2, Shop No 10 Opp. Prahladnagar Auda Garden, Prahladna, Gar, Ahmedabad, Gujarat	GROUND FLOOR, AHMEDABAD, Gujarat
S1-678975528	0.0	miss	blocking	S2-423676786		3	India	Galaxy Care Limited	गैलेक्सी केयर लिमिटेड	C-2/17 Mangal Apartments Vasundhara Enclave, Delhi, North Delhi, Delhi	C-2/17 MANGAL APARTMENTS VASUNDHARA ENCLAVE, null, DELHI, NORTH DELHI, Delhi
S1-678975528	0.0	miss	blocking	S2-470801131		3	India	Galaxy Care Limited	गैलेक्सी केयर लिमिटेड	C-2/17 Mangal Apartments Vasundhara Enclave, Delhi, North Delhi, Delhi	C-2/17 MANGAL APARTMENTS VASUNDHARA ENCLAVE, null, DELHI, NORTH DELHI, Delhi
S1-678975528	0.0	miss	blocking	S3-287840233		3	India	Galaxy Care Limited	गैलेक्सी केयर लिमिटेड	C-2/17 Mangal Apartments Vasundhara Enclave, Delhi, North Delhi, Delhi	Hn 00544 C-2/17 Mangal Apartmenst Vasundhara Enclave, East Delhi, North Delhi, DL
S1-680356660	0.0	miss	model	S3-344970753	0.3565	1	India	Realtech & Sons Private Limited	Realtech & Sons Private Ltd	8/30, Geeta Colony, East Delhi, Delhi	
S1-682454525	0.0	miss	model	S3-408124472	0.3798	3	India	Vision Finance Pvt Ltd	विजन फाइनेंस प्रा. लि.	Dadri, Uttar Pradesh, Gautam Buddha Nagar, Purvanchal Royal City, Sector Chi-5, Greater Noida, A2/1802/18	Gautam Buddha Nagar, Purvanchal Royal City, Sector Chi-5, Greater Noida, Block E-539 A2/1802/18, UP, Dadri
S1-682454525	0.0	miss	model	S3-479430161	0.5395	3	India	Vision Finance Pvt Ltd	विजन फाइनेंस प्रा. लि.	Dadri, Uttar Pradesh, Gautam Buddha Nagar, Purvanchal Royal City, Sector Chi-5, Greater Noida, A2/1802/18	Blonk E-539 A2/1802/18, Purvanchal Royal City, Sector Chi-5, Greater Noida, Dadri, Gautam Buddha Nagar, UP
S1-682454525	0.0	miss	model	S3-798985506	0.5153	3	India	Vision Finance Pvt Ltd	Vision Finance Pvt	Dadri, Uttar Pradesh, Gautam Buddha Nagar, Purvanchal Royal City, Sector Chi-5, Greater Noida, A2/1802/18	Block E-539 A2/1802/18, Dadri, Gautam Buddha Nagar, UP
S1-684530321	0.0	miss	blocking	S2-558586566		2	India	Good Finance Private Limited	குட் ஃபைனான்ஸ் பிரைவேட் லிமிடெட்	No. 146, Sir P.S. Sivasamy Salai, Chennai, Tamil Nadu	NO. ##146, CHENNAI, Tamil Nadu
S1-684530321	0.0	miss	blocking	S3-422051695		2	India	Good Finance Private Limited	Limited Good Private Center	No. 146, Sir P.S. Sivasamy Salai, Chennai, Tamil Nadu	Door No 146, Chennai, தமிழ்நாடு, Chennai
S1-688208434	0.0	miss	blocking	S2-465709190		1	US	Environmental Initiative LLC	Environmental Ínitiative Llc	Kingston, 40 Grove Street, MA	
S1-690577676	0.0	miss	model	S2-381427748	0.6278	1	US	United Investments	United Investments Corporation | www.unitedinv.com	595 Blanche Street, Akron, OH	OH, AKROON, 59 BLANCHE ST
S1-690634354	0.0	false_merge		S3-549783363	0.8376	0	US	4232 Second Plaza Realty	4232 Second Second Plaza Realty	311 Sparrow Lane, Princeton, TX	
S1-690634354	0.0	false_merge		S3-55322594	0.9847	0	US	4232 Second Plaza Realty	Yumalyrazeph	311 Sparrow Lane, Princeton, TX	Sparrow Lane, Princeton, Texas
S1-694190514	0.0	miss	blocking	S3-346660033		1	US	Coastal Shanghai	Coastal [Center]	558 La Clede Avenue, Youngstown, OH	
S1-696213532	0.0	false_merge		S3-384061308	0.9747	0	India	Pandian & Brothers	Pandian  & Brothers Overseas	S.No 141/6, 141/7 161/4/1 161/1-3 162/1-7 Rutuparna Flat No B-901 Baner, Haveli, Pune, Maharashtra	Haveli, S.no 141/7, महाराष्ट्र, Pune
S1-697395638	0.0	miss	model	S3-748915541	0.1573	1	US	Chiropractic Associates	Chiropractic Ássociates Ltd	Bloomington, IN, 3950 Tapp Road	3951 Tapp Rd, Bloomington, Indiana
S1-699171159	0.0	false_merge		S2-334406171	0.8083	0	India	Meenya Data Private Limited	Meenyi Data Private  Limited	Dr.No: 8-2-293/82/A/1312/A, Plot No-1312/A, Road No-65, Jubilee Hill, S, Hyderabad, Telangana	#7-73 DR.NO: 8-2-293/82/A/1312/A, PLOT NO-1312/A, ROAD NO-65, JUBILEE HILL, S, HYDERABAD, తెలంగాణ
S1-700192696	0.0	false_merge		S3-155322518	0.9702	0	US	Quantis Karman of Chesapeake City	Quantant Karman of-Chesapeake City	624 Greystone Lane, Chesapeake City, VA	624 Greystone Lane, Chesapeake, Virginia
S1-701260181	0.0	miss	blocking	S2-533014000		2	US	Delta Group	Delta  Group	285 East Street, Stafford, CT	
S1-701260181	0.0	miss	blocking	S3-588147361		2	US	Delta Group	Delta Trading	285 East Street, Stafford, CT	
S1-704468761	0.0	false_merge		S2-6582333	0.9625	0	India	Ashwin Traders Pvt. Ltd.	ASHWIN TRADERS GROUP PVT. LTD	H.No.102 Mayur Residency, Faridi Nagar, Lucknow, Uttar Pradesh	Uttar Pradesh, H.NO.102 MAYUR RESIDENCY, FARIDI NAGAR, LUCKNOW
S1-704468761	0.0	false_merge		S2-750611321	0.9923	0	India	Ashwin Traders Pvt. Ltd.	Ashwin Infratech Pvt. Ltd. Service	H.No.102 Mayur Residency, Faridi Nagar, Lucknow, Uttar Pradesh	H.NO.102 MAYUR RESIDENCY, FARIDI NAGAR, LUCKNOW, Uttar Pradesh
S1-704947372	0.0	miss	model	S2-64480122	0.3144	1	India	Shivam Foundation Pvt Ltd	சிவம் ஃபவுண்டேஷன் பிரைவேட் லிமிடெட்	4/469, Adaikala Annai Nagar, Tiruchirappalli, Tamil Nadu	4/469, TIRUCHIRAPPALLI, Tamil Nadu
S1-705119	0.0	miss	model	S2-402291835	0.0801	1	India	AV Solutions LLP	AV Solutions	No 24, Bishop Garden R A Puram, Chennai, Tamil Nadu	275, BISHOP GARDEN R A PURAM, CHENNAI, Tamil Nadu
S1-706815459	0.0	false_merge		S2-419086250	0.9309	0	India	Bangalore North Global Private Limited	BANGALORE NORRFH GLOBAL GROUP PRIVATE LIMITED	No.1 1St Cross 4Th Floor, Ssmt Market Building, Bangalore North, Bangalore, Karnataka	NO #4 1ST CROSS 4TH FLOOR, SSMT MARKET BUILDING, BANGALORE NORTH, Karnataka
S1-707007619	0.0	miss	blocking	S2-433200101		2	India	Sai Infrastructure Private Limited	साईं इंफ्रास्ट्रक्चर प्राइवेट लिमिटेड	Flat No. 66, Neelgiri Apartments Indra Gandhi Nagar, Sector 10, Jagatpura, Jaipur, Rajasthan	JAIPUR, FLET NO. 66, Rajasthan, JAIPUR
S1-707007619	0.0	miss	blocking	S3-407071356		2	India	Sai Infrastructure Private Limited	साई इंफ्रास्ट्रक्चर प्राइवेट लिमिटेड	Flat No. 66, Neelgiri Apartments Indra Gandhi Nagar, Sector 10, Jagatpura, Jaipur, Rajasthan	Flat No. 66, Jaipur, Khatipura, RJ
S1-707265612	0.0	false_merge		S2-256469310	0.9995	0	US	Corine Wells, CPA Inc	Corine Wels, CPE Inc	8700 148th Avenue, Redmond, WA	8700 148TH AVE, REDMOND, WA
S1-707265612	0.0	false_merge		S2-883359657	0.9968	0	US	Corine Wells, CPA Inc	corine wells, cpay inc	8700 148th Avenue, Redmond, WA	8700 148TH AVENUE, REDMOND, WA
S1-707409420	0.0	miss	blocking	S2-855016500		4	India	Best It Private Limited	बेस्ट आईटी प्राइवेट लिमिटेड	Flat No. 205, Ca Chambers, 18/12, W.E.A., Karol Bagh, New Delhi, Central Delhi, Delhi	218, CENTRAL DELHI, NEW DELHI, Delhi
S1-707409420	0.0	miss	blocking	S3-277955953		4	India	Best It Private Limited	बेस्ट आईटी प्राइवेट लिमिटेड	Flat No. 205, Ca Chambers, 18/12, W.E.A., Karol Bagh, New Delhi, Central Delhi, Delhi	218, New Delhi, Central Delhi, दिल्ली
S1-707409420	0.0	miss	blocking	S3-359834656		4	India	Best It Private Limited	Prtrvlte Best It Limited	Flat No. 205, Ca Chambers, 18/12, W.E.A., Karol Bagh, New Delhi, Central Delhi, Delhi	Flat No. 205, Ca Chambers, 18/12, W.e.a., Karol Bagh, Central Delhi, DL
S1-707409420	0.0	miss	model	S3-808069356	0.0639	4	India	Best It Private Limited	Best It Private	Flat No. 205, Ca Chambers, 18/12, W.E.A., Karol Bagh, New Delhi, Central Delhi, Delhi	218, New Delhi, Central Delhi, DL
S1-713116161	0.0	miss	blocking	S3-618782316		1	India	Pioneer International Pvt Ltd	पायोनियर इंटरनेशनल प्रा. लि.	Dlf City, Uttar Pradesh, Ghaziabad, B-54/Ug-4, Ghaziabad	B-54/ug, Dlf City, Ghaziabad, Gautam Buddha Nagar, UP
S1-713153989	0.0	miss	model	S2-591668091	0.1924	2	US	Masoft Muzero LLC	Masoft Muzero	Unit LEFT, 191 Edgewood Avenue, MA, Methuen	
S1-713153989	0.0	miss	blocking	S2-679317434		2	US	Masoft Muzero LLC	MASOFT MEOH (LLC)	Unit LEFT, 191 Edgewood Avenue, MA, Methuen	
S1-723444321	0.0	miss	blocking	S3-464329160		1	US	EV Services LLC	EV 5ervices LLC - 2477873001	10813 Boydton Plank Road, Dinwiddie County, VA	
S1-723999418	0.0	miss	model	S2-312130099	0.0065	1	US	Headley Connecticut	Headley Service	29 Cross Street, Winchester, IL	225 CROSS ST, WINCHESTER, IL
S1-725531168	0.0	miss	blocking	S2-714281747		4	India	Apex Producer Private Limited	Apex प्रोड्यूसर Private Limited	36/23, Central Delhi, New Delhi, Delhi, Lower Ground Floor East Patel Nagar, Opp. Chawla Park	6/23, LOWER GROUND FLOOR EAST PATEL NAGAR, OPP. CHAWLA PARK, NEW DELHI, दिल्ली
S1-725531168	0.0	miss	blocking	S2-895594535		4	India	Apex Producer Private Limited	Apex Pr0drucrt Private Limited	36/23, Central Delhi, New Delhi, Delhi, Lower Ground Floor East Patel Nagar, Opp. Chawla Park	Delhi, 6/23, LOWER GROUND FLOOR EAST PATEL NAGAR, OPP. CHAWLA PARK, NEW DELHI
S1-725531168	0.0	miss	blocking	S2-930858229		4	India	Apex Producer Private Limited	एपेक्स प्रोड्यूसर प्राइवेट लिमिटेड	36/23, Central Delhi, New Delhi, Delhi, Lower Ground Floor East Patel Nagar, Opp. Chawla Park	6/23, LOWER GROUND FLOOR EAST PATEL NAGAR, OPP. CHAWLA PARK, NEW DELHI, दिल्ली
S1-725531168	0.0	miss	blocking	S3-732040187		4	India	Apex Producer Private Limited	एपेक्स प्रोड्यूसर प्राइवेट लिमिटेड	36/23, Central Delhi, New Delhi, Delhi, Lower Ground Floor East Patel Nagar, Opp. Chawla Park	#562 36/23, New Delhi, Central Delhi, DL
S1-725577575	0.0	miss	blocking	S3-271348599		1	India	Delhi Agrisolutions Private Limited	Delhi Delhi Private Limited Center	A-79, 4Th Floor, Gali No. 3 Rama Garden, Karawal Nagar, Delhi, East Delhi, Delhi	A-79., Delhi, East Delhi, दिल्ली
S1-729026202	0.0	miss	model	S3-989812722	0.5458	1	India	Family Trust	Dr Family Trust	122-G, U/G/F, East Guru Anand Nagar, Delhi, New Delhi, Delhi	New Delhi, Anand Vihar Delhi, दिल्ली, 22-G
S1-729769117	0.0	false_merge		S3-267692707	0.7323	0	India	Greenfield Group of Companies	Greenfield Group of Companies Group	C/O -Late Nizamuddin, Manikchak, Brahimottar, Murshidabad, West Bengal	Mallikpur, Murshidabad, WB, Manikchak, Brahimottar, Door No 15 C/o -Late Nizamuddin
S1-729791813	0.0	miss	blocking	S2-430274355		4	India	Galaxy Investment Private Limited	गैलेक्सी इन्वेस्टमेंट प्राइवेट लिमिटेड	House No. 40 Block-F, Pkt-21 Sec-15, Rohini, New Delhi, North West, Delhi	HOUSE NO. #40 BLOCK-F, PKT-21 SEC-15, ROHINI, NEW DELHI, NORTH WEST, दिल्ली
S1-729791813	0.0	miss	blocking	S2-74239123		4	India	Galaxy Investment Private Limited	गैलेक्सी इन्वेस्टमेंट प्राइवेट लिमिटेड	House No. 40 Block-F, Pkt-21 Sec-15, Rohini, New Delhi, North West, Delhi	HOUSE NO. #40 BLOCK-F, PKT-21 SEC-15, ROHINI, NEW DELHI, NORTH WEST, Delhi
S1-729791813	0.0	miss	blocking	S3-643095205		4	India	Galaxy Investment Private Limited	गैलेक्सी इन्वेस्टमेंट प्राइवेट लिमिटेड	House No. 40 Block-F, Pkt-21 Sec-15, Rohini, New Delhi, North West, Delhi	House No. 40 Block-f, Pkt-21 Sec-15, Rohini, New Delhi, North West, DL
S1-729791813	0.0	miss	blocking	S3-806637548		4	India	Galaxy Investment Private Limited	गैलेक्सी इन्वेस्टमेंट प्राइवेट लिमिटेड	House No. 40 Block-F, Pkt-21 Sec-15, Rohini, New Delhi, North West, Delhi	House No. 40 Block-f, Pkt-21 Sec-15, Rohini, New Delhi, दिल्ली, North West
S1-731193530	0.0	false_merge		S3-340128103	0.9635	1	India	Premier Academy Private Limited	Pjp Small	K.N. 52-53 Mein Plot No 4 Road No 2 Ke Samne, Jaipur, Rajasthan	K.n. 52-53 Mein Plot No 4 Road No 2 Ke Saamne, Jaipur, RJ
S1-731193530	0.0	miss	model	S3-609586817	0.4048	1	India	Premier Academy Private Limited	M/s Premier Private Limited Services	K.N. 52-53 Mein Plot No 4 Road No 2 Ke Samne, Jaipur, Rajasthan	#207 K.n. 52-53 Mein Plot No 4 Road No 2 Ke Samne, Jaipur, राजस्थान
S1-735515126	0.0	false_merge		S3-93955692	0.9399	0	India	All Ventures Private Limited	All Private Limited Services	Plot No.7, Sp, Tirumala Enclave, Meerpet, Saroornagar, Hyderabad, Telangana	Plot No.14, Sp, Tirumala Enclave, Meerpet, Saroornagar, Hyderabad, TG
S1-739276625	0.0	miss	blocking	S2-463559348		2	US	Capital Integrated Rre LLC	capitalintegratedrre.com	201 2nd Avenue, Unit Apartment F, New Town, ND	199 2ND AVE, NEW TOWN, ND
S1-739276625	0.0	miss	model	S2-920643884	0.5099	2	US	Capital Integrated Rre LLC	Capital Integrated Rre	201 2nd Avenue, Unit Apartment F, New Town, ND	ND, 199 2ND AVENUE, NEW TOWN
S1-740432111	0.0	false_merge		S3-364661611	0.8391	0	US	Selena Moore Grand Industries Inc	Elia Moore Grand Índustries [Inc]	540 Black Pine Lane, Angier, NC	North Carolina, 0540 Black Pine Lane, Angier
S1-740482627	0.0	miss	model	S3-398561263	0.5183	1	India	Prerona Uniform	Prerona Services	Ruposhree Golden Plaza, 1St Floor, Dbc Road, Jalpaiguri, West Bengal	Ruposhree Golden Plaza, Jalpaiguri, WB
S1-748864783	0.0	miss	blocking	S2-942267817		1	India	Lakshmi Impex Limited	लक्ष्मी इम्पेक्स लिमिटेड	101, Himgiri Appartment, Ranpada Road Bolinj Naka, Virar ( W ), Virar, Thane, Maharashtra	Maharashtra, PALGHAR, 101, THANE
S1-750309466	0.0	miss	blocking	S2-397856009		5	India	Sree Producer Private Limited	श्री प्रोड्यूसर प्राइवेट लिमिटेड	5 Ashoka Park(Main)Rohtak Road, Delhi, North Delhi, Delhi	H.NO 5 ASHOKA PARK(MAIN)ROHTAK RAD, DELHI, NORTH DELHI, Delhi
S1-750309466	0.0	miss	blocking	S2-618448078		5	India	Sree Producer Private Limited	श्री प्रोड्यूसर प्राइवेट लिमिटेड	5 Ashoka Park(Main)Rohtak Road, Delhi, North Delhi, Delhi	5 ASHOKA PARK(MAIN)ROHTAK ROAD, DELHI, NORTH DELHI, दिल्ली
S1-750309466	0.0	miss	blocking	S3-301688995		5	India	Sree Producer Private Limited	Sree Proudfchr Private Limited	5 Ashoka Park(Main)Rohtak Road, Delhi, North Delhi, Delhi	Tri Nagar, #5 Ashoka Park(main)rohtak Road, DL, North Delhi
S1-750309466	0.0	miss	blocking	S3-715963990		5	India	Sree Producer Private Limited	श्री प्रोड्यूसर प्राइवेट लिमिटेड	5 Ashoka Park(Main)Rohtak Road, Delhi, North Delhi, Delhi	Door No 5 Ashoka Park(main)rohtak Road, Delhi, Tri Nagar, DL
S1-750309466	0.0	miss	blocking	S3-966670561		5	India	Sree Producer Private Limited	Sree	5 Ashoka Park(Main)Rohtak Road, Delhi, North Delhi, Delhi	5 Ashoka Park(Main)Rohtak Road, Delhi, North Delhi, Delhi
S1-751748313	0.0	miss	model	S2-219604768	0.0558	2	US	Chiropractic Silver Care Associates LLC	Chiropractic Silver Care Associates LLC Commission	Unit 51, 2200 Fort Macon Road, Atlantic Beach, NC	ATLANTIC BEACH, NC, 2429 FORT MACON RD
S1-751748313	0.0	miss	model	S3-209368853	0.1953	2	US	Chiropractic Silver Care Associates LLC	Chiropractic Silver Care Associates L.L.C.	Unit 51, 2200 Fort Macon Road, Atlantic Beach, NC	
S1-751792314	0.0	miss	blocking	S2-413862717		3	India	Anand Vijay Marketing	আনন্দ বিজয় মার্কেটিং	P - 24 Darga Road, Kolkata, Howrah, West Bengal	H.NO 605 P - 24 DARGA ROAD, KOLKATA, HOWRAH, পশ্চিমবঙ্গ
S1-751792314	0.0	miss	blocking	S3-4003195		3	India	Anand Vijay Marketing	আনন্দ বিজয় মার্কেটিং	P - 24 Darga Road, Kolkata, Howrah, West Bengal	WB, Kolkatta, Hn 00974 P - 24 Darga Road, Kolkata
S1-751792314	0.0	miss	blocking	S3-934905326		3	India	Anand Vijay Marketing	আনন্দ বিজয় মার্কেটিং	P - 24 Darga Road, Kolkata, Howrah, West Bengal	Hn 00974 P - 24 Darga Road, Howrah, WB, Kolkata, Kolkatta
S1-752234391	0.0	miss	blocking	S3-544761982		2	India	Kimaya College	KC	West Bengal, B. T. Road, Kolkata, Kolkata, Kolkata, 28, Howrah	28, B. T. Road, Kolkata, Kolkata, Kolkata, Howrah, West Bengal
S1-752234391	0.0	miss	blocking	S3-66001583		2	India	Kimaya College	kimayacollege.com	West Bengal, B. T. Road, Kolkata, Kolkata, Kolkata, 28, Howrah	Plot 645 28, Howrah, Calcutta, WB
S1-75385049	0.0	miss	blocking	S2-844349511		1	US	Holy Synagogue	Holy Synagogue	317 Windy Oaks Circle, Richmond, KY	
S1-754054143	0.0	miss	model	S3-315060433	0.0566	1	India	Taj & Partners Pvt. Ltd.	Taj & Partners Pvt.	2/216, Gokul Nagar, Ambalavanapuram, Palaoor, Radhapuram, Tirunelveli, Tamil Nadu	
S1-754444836	0.0	miss	model	S3-300610125	0.5443	1	US	Crystal Aerospace Works Group	Ciraarc	10020 Sr 39, Millersburg, OH	Sr 39, Ohio, Millersburg
S1-754705939	0.0	false_merge		S2-768459745	0.9863	0	India	Rohan Business	Rohan Business LLP	Door No.2-62/84/Dr/G-2, Nizampet, Hyderabad, Telangana, Dhanvi Residency, Brundhav Hills Main Road, Near Rajadhani Global S, Chool	DOOR NO.2-62/84/DR/G-6, DHANVI RESIDENCY, BRUNDHAV HILLS MAIN ROAD, NEAR RAJADHANI GLOBAL S, CHOOL, NIZAMPET, Telangana
S1-755943802	0.0	miss	blocking	S2-471837966		3	India	Vignesh & Brothers Pvt Ltd	Sri Zephgild	No.11/3, O.M Road B.T Halli, Kr Puram, Bangalore, Karnataka	11, BANGALORE, ಕರ್ನಾಟಕ
S1-755943802	0.0	miss	blocking	S3-298692119		3	India	Vignesh & Brothers Pvt Ltd	Belozeta	No.11/3, O.M Road B.T Halli, Kr Puram, Bangalore, Karnataka	#11/3, Bangalore, KA
S1-755943802	0.0	miss	model	S3-577410762	0.118	3	India	Vignesh & Brothers Pvt Ltd	Lumflux	No.11/3, O.M Road B.T Halli, Kr Puram, Bangalore, Karnataka	No.11/3, O.M Road B.T Halli, Kr Puram, Bangalore, Karnataka
S1-756572376	0.0	false_merge		S2-706583428	0.7342	0	India	PLM Management Care	PLM Finance Care Care	South West Delhi, Delhi, First Floor, Plot No.-2, Kh. No. 384/2, 100 Feet Road, Mg Road, G, Hitorni, New Delhi, Gohive Ghitorni	NO 87 GOHIVE GHITORNI, FIRST FLOOR, PLOT NO.-2, KH. NO. 384/2, 100 FEET ROAD, MG ROAD, G, HITORNI, NEW DELHI, Delhi
S1-758595318	0.0	miss	blocking	S2-917919322		3	India	Arr Foundation	arrfoundation.com	209 A.J.C Bose Road, Karnani Estate 1St Floor, Room No 6, Kolkata, Kolkata, Howrah, West Bengal	20 A.J.C BOSE ROAD, KARNANI ESTATE 1ST FLOOR, ROOM NO 6, KOLKATA, KOLKATA, West Bengal
S1-758595318	0.0	miss	model	S2-926692427	0.5842	3	India	Arr Foundation	ARR FOUNDATION  LLP	209 A.J.C Bose Road, Karnani Estate 1St Floor, Room No 6, Kolkata, Kolkata, Howrah, West Bengal	20 A.J.C BOSE ROAD, KARNANI ESTATE 1ST FLOOR, ROOM NO 6, KOKATA, KOLKATA, পশ্চিমবঙ্গ
S1-758595318	0.0	miss	blocking	S3-310620996		3	India	Arr Foundation	Arr  Center	209 A.J.C Bose Road, Karnani Estate 1St Floor, Room No 6, Kolkata, Kolkata, Howrah, West Bengal	পশ্চিমবঙ্গ, Karnani Estate 1St Floor, Room No 6, Kolkata, Calcutta, Howrah, Door No 209 A.j.c Bose Road
S1-761268485	0.0	miss	blocking	S2-318178939		1	India	Just & Sons Limited	Just &	Delhi, New Delhi, D-33, Delhi, Second Floor, Lajpat Nagar Part-1, New Delhi	
S1-762100149	0.0	miss	model	S2-190319485	0.4558	1	US	Maldonado & Graff Newbridge Group	Group Graff Newbridge Maldonado Service	Unit 3-22, MA, Rutland, 176 Maple Avenue	MA, RUTLAND, 176 1/2 MAPLE AVE
S1-763071034	0.0	miss	model	S2-375130943	0.0524	2	US	Federal Textile Laboratories Group	Federal Textile Laboratories Inc	AL, 1249 Jones Corner Road, Titus	1169 JONES CORNER RD, TITUS, AL
S1-763071034	0.0	miss	model	S3-471471441	0.3221	2	US	Federal Textile Laboratories Group	Federal-Textile Laboratories	AL, 1249 Jones Corner Road, Titus	1169 Jones Corner Road, Titus, Alabama
S1-763470082	0.0	false_merge		S3-868195504	0.955	0	India	Le Business Corp	Le Aqua Corporation	Flat 2E 13/1 Jm Lane Reet Residency Opp Chetla Girls High School, Kolkata, Howrah, West Bengal	Flat 2E 13/6 Jm Lane Reet Residency Opp Chetla Girls High School, Kolkata, Howrah, পশ্চিমবঙ্গ
S1-765073351	0.0	miss	blocking	S2-187337410		3	India	Hari Services Private Limited	हरि सर्विसेज प्राइवेट लिमिटेड	5/3 Vikas Nagar, Lucknow, Uttar Pradesh	LUCKNOW, 5/3/1 VIKAS NAGAR, Uttar Pradesh, LUCKNOW
S1-765073351	0.0	miss	blocking	S2-379799354		3	India	Hari Services Private Limited	हरि सर्विसेज प्राइवेट लिमिटेड	5/3 Vikas Nagar, Lucknow, Uttar Pradesh	NO 5/3/1 VIKAS NAGAR, LUCKNOW, उत्तर प्रदेश
S1-765073351	0.0	false_merge		S3-930630993	0.9015	3	India	Hari Services Private Limited	Hari Pvt Ltd Services	5/3 Vikas Nagar, Lucknow, Uttar Pradesh	Shop No. - 3/133, Lucknow, उत्तर प्रदेश
S1-765073351	0.0	miss	blocking	S3-972669004		3	India	Hari Services Private Limited	हरि सर्विसेज प्राइवेट लिमिटेड	5/3 Vikas Nagar, Lucknow, Uttar Pradesh	Door No 5/3 Vikas Nagar, Lucknow, UP
S1-765856665	0.0	miss	blocking	S2-486820923		2	India	Fortune Software Private Limited	ફોર્ચ્યુન સોફ્ટવેર પ્રાઇવેટ લિમિટેડ	A-2, Pooja Apartment, Fatehpura, Ahmedabad, Gujarat	A-2, AHMEDABAD, Gujarat, AHMEDABAD
S1-765856665	0.0	miss	blocking	S3-651218274		2	India	Fortune Software Private Limited	ફોર્ચ્યુન સોફ્ટવેર પ્રાઇવેટ લિમિટેડ	A-2, Pooja Apartment, Fatehpura, Ahmedabad, Gujarat	A-2, Ahmedabad, GJ
S1-766101486	0.0	miss	blocking	S2-260766536		2	India	Royal Logistics Private Limited	रॉयल लॉजिस्टिक्स प्राइवेट लिमिटेड	House No 25, Ganga Nagar Global City, Meerut, Uttar Pradesh	HOUSE NO 25, MEERUT, NAGLAMAL, Uttar Pradesh
S1-766101486	0.0	miss	blocking	S3-37135841		2	India	Royal Logistics Private Limited	Roya1 Logistics Private	House No 25, Ganga Nagar Global City, Meerut, Uttar Pradesh	House No 25, Meerut, UP
S1-766162503	0.0	miss	blocking	S3-350543091		1	India	Sree Marketing Pvt Ltd	Sri Sree Pvt Ltd Services	B-204, Century Marvel App, Ammanikere, Vayunandana, Bangalore North, Bangalore, Karnataka	B-204, Bangalore North, Bangalore, ಕರ್ನಾಟಕ
S1-770486913	0.0	miss	model	S3-964380194	0.29	1	US	Desert Suisse LLC	Desert LLC Center	7906 Spring Manor Drive, Greenbelt, MD	Spring Manor Drive, PO Box 2948, Greenblet, Maryland
S1-773246839	0.0	miss	blocking	S2-54754855		1	US	Medley Select Patriot, LLC	medleyselectpatriot.com	TX, 12491 Dairy Ashford Road, Houston	1249 DAIRY ASHFORD RD, TX, HOUSTON CITY
S1-777646978	0.0	false_merge		S3-272635137	0.8152	0	US	Green Talent Partners	Green Talent Partners (Partners) (Partners)	2337 Acadiana Lane, Seabrook, TX	Texas, Seabrook, 2339 Acadiana Lane
S1-778130660	0.0	miss	model	S2-366203732	0.4617	1	India	Urban Impex Pvt Ltd	અર્બન ઇમ્પેક્સ પ્રા. લિ.	Gujarat, Morbi, Rajkot, 2Nd Floor, Spa Area, 2Nd Floor, Sky Mall, Sky World Spa	DOOR NO 151 SKY WORLD SPA, MORBI, RAJKOT, Gujarat
S1-780312871	0.0	miss	blocking	S2-207075882		1	India	Ace Business Private Limited	एस बिजनेस प्राइवेट लिमिटेड	Office No-209, Wing-A, 2Nd Floor, Crysal Squar, K, Pune City, Pune, Maharashtra	OFFICE NO-20, PUNE CITY, PUNE, Maharashtra
S1-780439662	0.0	miss	blocking	S2-434798865		2	India	Arihant Solutions Private Limited	Arihant Solaions Private Limited	Noida, Uttar Pradesh, Suite No-203, Gautam Buddha Nagar, 2Nd Floor, A-21 Sector-67, Noida	H.NO 510 SUITE NO-203, 2ND FLOOR, A-21 SECTOR-67, NOIDA, NOIDA, Uttar Pradesh
S1-780439662	0.0	miss	blocking	S2-957303278		2	India	Arihant Solutions Private Limited	अरिहंत सॉल्यूशंस प्राइवेट लिमिटेड	Noida, Uttar Pradesh, Suite No-203, Gautam Buddha Nagar, 2Nd Floor, A-21 Sector-67, Noida	H.NO 510 SUITE NO-203, NOIDA, GAUTAM BUDDHA NAGAR, उत्तर प्रदेश
S1-780533754	0.0	false_merge		S2-253622902	0.7906	0	India	Tnb Eye Private Limited	Tnb Eye [Limited]	C/O Viren Jain, B-8/13, Vasant Vihar, New Delhi, South West Delhi, Delhi	NO 65 C/O VIREN JAIN, B-8/13, VASANT VIHAR, NEW DELHI, NULL, दिल्ली
S1-781319782	0.0	miss	blocking	S3-723753763		2	India	Vvc Edu Limited	Vvc Limited Service	Ground Floor, Flat No.17, Sree Sai, 6Th Block, Rajajinagar, Bangalore North, Bangalore, Karnataka	Ground Floor, Flat No.17, Sree Sai, 6Th Block, Rajajinagar, Bangalore North, Bangalore, KA
S1-781319782	0.0	miss	blocking	S3-806188601		2	India	Vvc Edu Limited	Orbilyra D.B.A. Vvc Edu Limited	Ground Floor, Flat No.17, Sree Sai, 6Th Block, Rajajinagar, Bangalore North, Bangalore, Karnataka	Ground Floor, Flat No.17, Sree Sai, 6Th Block, Rajajinagar, Bangalore North, Bangalore, Karnataka
S1-782899216	0.0	miss	blocking	S3-556065585		1	US	Secure Property	Jaxvio	215 South Street, Jackson, OH	South Street, Jackson CDP, Ohio
S1-785485757	0.0	miss	blocking	S2-912496699		3	India	Royal Software Private Limited	रॉयल सॉफ्टवेयर प्राइवेट लिमिटेड	Ghaziabad, Uttar Pradesh, Ii-A 84, Ghaziabad	II-A 84, GHAZIABAD, Uttar Pradesh
S1-785485757	0.0	miss	blocking	S3-534334957		3	India	Royal Software Private Limited	रॉयल सॉफ्टवेयर प्राइवेट लिमिटेड	Ghaziabad, Uttar Pradesh, Ii-A 84, Ghaziabad	Ii-a 84, Ghaziabad, उत्तर प्रदेश
S1-785485757	0.0	miss	blocking	S3-723340989		3	India	Royal Software Private Limited	Veraonyx	Ghaziabad, Uttar Pradesh, Ii-A 84, Ghaziabad	Ii-A 84, Ghaziabad, Uttar Pradesh
S1-786261011	0.0	miss	blocking	S2-254835856		3	India	Lakshmi Marketing Private Limited	लक्ष्मी मार्केटिंग प्राइवेट लिमिटेड	Flat No C-2 Plot No 36 Saket Nagar, Bhopal, Madhya Pradesh	FLAT NO C-2. PLOT NO 36 SAKET NAGAR, BHOPAL, Madhya Pradesh
S1-786261011	0.0	miss	blocking	S2-302263023		3	India	Lakshmi Marketing Private Limited	लक्ष्मी मार्केटिंग प्राइवेट लिमिटेड	Flat No C-2 Plot No 36 Saket Nagar, Bhopal, Madhya Pradesh	FLAT NO C-2. PLOT NO 36 SAKET NAGAR, BHOPAL, Madhya Pradesh
S1-786261011	0.0	miss	blocking	S3-771025272		3	India	Lakshmi Marketing Private Limited	Lakshmi Mraketsing Private Limited	Flat No C-2 Plot No 36 Saket Nagar, Bhopal, Madhya Pradesh	
S1-786787174	0.0	miss	blocking	S3-334985811		1	India	South Constructions Private Limited	South Consarutcimns-Private Limited	Unit 424, Building No.1, Raheja Tesla Industrial Plot No.Gen-2/1/C, Ttc Industrial Area, Mi, Dcjuinagar, Navi Mumbai, Thane, Maharashtra	Unit 424, Thane, MH
S1-790342067	0.0	false_merge		S2-756835719	0.7275	0	India	Pk & Sons	Pk & Sons Pvt Ltd	C/O Savita Shivaji Darade, Ramchandra Nagar, Akot, Akola, Maharashtra	NO 61 C/O SAVITA SHIVAJI DARADE, RAMCHANDRA NAGAR, AKOT, Maharashtra
S1-790677006	0.0	miss	model	S3-49258526	0.2989	1	India	Dynamic Good It Private Limited	Dynamic Good It Private Ltd	Plot No.133/1, Gali No. 62, Mahavir Enclave, P-Iii, New Delhi, West Delhi, Delhi	
S1-791456448	0.0	miss	blocking	S2-509071521		3	India	New Delhi Energy Private Limited	New Delhi  Energy Private Limited	B-9 Mayapuri Phase-I, New Delhi, West Delhi, Delhi	
S1-791456448	0.0	miss	blocking	S2-910487485		3	India	New Delhi Energy Private Limited	NEW DELHI PRIVATE LIMITED CENTER CENTER	B-9 Mayapuri Phase-I, New Delhi, West Delhi, Delhi	B-9- MAYAPURI PHASE-I, NEW DELHI, Delhi
S1-791456448	0.0	miss	blocking	S3-998361495		3	India	New Delhi Energy Private Limited	newdelhienergy.com	B-9 Mayapuri Phase-I, New Delhi, West Delhi, Delhi	B-9 Mayapuri Phase-i, West Delhi, New Delhi, DL
S1-792227592	0.0	miss	model	S3-564671900	0.0966	1	US	Z+ Natural Inc	Z+ Natural	1781 Larkspur Drive, Genesee, CO	
S1-79497215	0.0	miss	model	S2-322587906	0.6872	1	India	Bharat Care Private Limited	பாரத் கேர் பிரைவேட் லிமிடெட்	No. 756, First Street, Surveyor Colony, Aavin Nagar, Madurai, Tamil Nadu	NO. 756, MADURAI, Tamil Nadu
S1-795240333	0.0	false_merge		S2-728555023	0.8474	0	US	Joo Lion Inc	Johnson Lofin Inc	28 Cambria Lane, Smyrna, DE	28 CAMBRIA LANE, SYMRNA, DE
S1-795834386	0.0	false_merge		S3-847344874	0.8615	0	India	Sms Hospital Clinic	Sms Solutions Clinic	Plot No. 409/1986 & 409/1976 1St Floor, In Front Of Sbi, Ghafoor Colo, Ny, Orissa, Uditnagar Rourkela, Office No.3/2, Sundargarh	Office No.3/23., Plot No. 409/1986 & 409/1976 1St Floor, In Front Of Sbi, Ghafoor Colo, Ny, Uditnagar Rourkela, Sundargarh, OD
S1-80184064	0.0	false_merge		S2-432986803	0.7832	0	India	Ace Urban Infrastructure Pvt Ltd	Ace Urban Foundation Pvt Ltd.	C/O Hena Akhtar, Harun Nagar Sec 2 Dc19102008, Patna, Bihar	66 C/O HENA AKHTAR, HARUN NAGAR SEC 2 DC19102008, PATNA, बिहार
S1-803229848	0.0	miss	blocking	S3-778587614		1	India	Sai Group	Sai Group  Center	L-25 Laxmi Nagar, New Delhi, East Delhi, Delhi	
S1-804339309	0.0	miss	model	S3-774426428	0.1692	1	India	Avantika (India) Housing Associates	Avantika (India) Housing Associates Corp	205 B, Maharashtra, 504 Sai Commercial Center Linking Road Khar West Opp Mg Donalds, Mumbai, Mumbai City	206 B, 504 Sai Commercial Center Linking Road Khar West Opp Mg Donalds, Mumbai, Mumbai City, MH
S1-804853654	0.0	false_merge		S3-755903898	0.7849	0	India	Services Shakambari Solution Private Limited	scmindia.com	Chandigarh-Ambala (National Highway), De, Ra Bassi, V & Po: Lalru Mandi, Mohali, Punjab, Rupnagar	V & Po: Lalru Mandi, Chandigarh-ambala (National Highway), De, Ra Bassi, Mohali, Rupnagar, ਪੰਜਾਬ
S1-805293199	0.0	miss	blocking	S2-506050866		1	US	Value Biomedical Networks LLC	VALUE 8IOMEDICAL NEACOS LLC	943 Marion Street, Oak Park, IL	Marion St, OAK PARK, IL
S1-805631593	0.0	miss	blocking	S3-942500939		1	India	Shah Projects Limited	Shri Shah Plrojets Limited	House No. 25, Defence Colony Ram Krishn Nagar Kalli Paschim Rbl Road, Lucknow, Uttar Pradesh	House No. ##25, Barabanki, Lucknow, UP
S1-806228624	0.0	miss	blocking	S3-468732607		2	India	Hare India Private Limited	Hare India Limited Service	30 New Road Alipore, Kolkata, Calcutta, West Bengal	H.no 31 New Road Alipore, Kolkata, Calcutta, WB
S1-806228624	0.0	miss	blocking	S3-725816172		2	India	Hare India Private Limited	M/s Hare India  Private [Limited]	30 New Road Alipore, Kolkata, Calcutta, West Bengal	31 New Road Alipore, Kolkata, Calcutta, WB
S1-806874623	0.0	miss	blocking	S3-476296941		1	US	Upper Family Practice	Upper Family Práctice	TN, 314 Princeton Road, Johnson City	
S1-809204536	0.0	miss	blocking	S2-289063840		4	India	Vision Global Software Pvt Ltd	विजन ग्लोबल सॉफ्टवेयर प्रा. लि.	Seat No.30, 213, 214, 2Floor, Welldone Tech Park, Sohna Adda, Gurgaon, Haryana	SEAT NO.30, SOHNA ADDA, Haryana
S1-809204536	0.0	miss	blocking	S2-370498333		4	India	Vision Global Software Pvt Ltd	विजन ग्लोबल सॉफ्टवेयर प्रा. लि.	Seat No.30, 213, 214, 2Floor, Welldone Tech Park, Sohna Adda, Gurgaon, Haryana	GURGAON, SEAT NO.30, SOHNA ADDA, हरियाणा
S1-809204536	0.0	miss	blocking	S2-756321048		4	India	Vision Global Software Pvt Ltd	विजन ग्लोबल सॉफ्टवेयर प्रा. लि.	Seat No.30, 213, 214, 2Floor, Welldone Tech Park, Sohna Adda, Gurgaon, Haryana	SOHNA ADDA, हरियाणा, GURGAON, SEAT NO.30
S1-809204536	0.0	miss	blocking	S2-76658403		4	India	Vision Global Software Pvt Ltd	विजन ग्लोबल सॉफ्टवेयर प्रा. लि.	Seat No.30, 213, 214, 2Floor, Welldone Tech Park, Sohna Adda, Gurgaon, Haryana	SEAT NO.30, SOHNA ADDA, GURGAON, Haryana
S1-812109638	0.0	miss	model	S2-135233300	0.0001	2	US	Office of Environmental Protection Inc.	Office of Environmental Protection Inc. Federation	5862 Little Sand Run Road, Buckhannon, WV	5861 LITTLE SAND RUN ROAD, BUCKHANNON, WV
S1-812109638	0.0	miss	model	S3-311651430	0.4446	2	US	Office of Environmental Protection Inc.	>> Office of Environmental Inc. Center	5862 Little Sand Run Road, Buckhannon, WV	5983 Little Sand Run Road, Buckhannon, West Virginia
S1-813914665	0.0	miss	model	S2-809483299	0.0985	2	US	Mina Lim Giant LLC	Mina Lim Giant	6325 Valley View Road, Shawnee, OK	6323 VALLEY VIEW ROAD, SHAWNEE, OK
S1-813914665	0.0	miss	model	S3-969625628	0.1226	2	US	Mina Lim Giant LLC	Mina Lim Giant	6325 Valley View Road, Shawnee, OK	9227 Valley View Road, PO Box 9356, Shawnee, Oklahoma
S1-81440790	0.0	miss	blocking	S3-455471975		1	India	Shivam Logistics	shivamlogistics.com	Rg A102, Plot-12, Romaa Flats, Near Velamma School, Seemathamman Nagar, Maduravoyal, Chennai, Tamil Nadu	Rg A##102, Chennai, Madras, TN
S1-816002156	0.0	false_merge		S3-199595488	0.9258	0	India	Innovative Service Clinic	Shri Innovative Clinic Service Exports	Survey No 136/1, 136/2 & 136/3, Yellayyapeta Village, Yellayyapeta, Guntur, Andhra Pradesh	136/1, 136/2 & 136/3, Yellayyapeta Village, Guntur, Yellayyapeta, ఆంధ్రప్రదేశ్
S1-817643391	0.0	miss	blocking	S2-783797512		2	India	Eastern Infrastructure Private Limited	ईस्टर्न इंफ्रास्ट्रक्चर प्राइवेट लिमिटेड	Block No 7, Parekh Nagar, S V Road, Kandivali West, Mumbai, Mumbai City, Maharashtra	BLOCK NO 7, MUMBAI, MUMBAI CITY, Maharashtra
S1-817643391	0.0	miss	blocking	S3-504823366		2	India	Eastern Infrastructure Private Limited	ईस्टर्न इंफ्रास्ट्रक्चर प्राइवेट लिमिटेड	Block No 7, Parekh Nagar, S V Road, Kandivali West, Mumbai, Mumbai City, Maharashtra	Block No 7, Mumbai City, महाराष्ट्र
S1-820501341	0.0	miss	blocking	S2-861051617		1	India	East Hospitality Pvt Ltd	East Pvt Ltd  Service	C-60, Noida, Gautam Buddha Nagar, Uttar Pradesh	C-D/60, NOIDA, Uttar Pradesh
S1-820530723	0.0	miss	blocking	S3-49964469		1	India	United Infrastructure Private Limited	यूनाइटेड इंफ्रास्ट्रक्चर प्राइवेट लिमिटेड	Shop No-1, Second Floor, G-Wing K.K.Market, Sn-19/A/3B, Dhankawadi, Pune, Maharashtra	Shop No-1, Pune, null, महाराष्ट्र
S1-821595036	0.0	miss	model	S2-633469392	0.519	3	US	Petz's Integrated Yoga	Petz's Íntegrated Ybrgotmga	Unit 504, 3715 Cleveland Road, OH, Huron	371 CLEVELAND RD, HRUON CDP, OH
S1-821595036	0.0	miss	model	S2-912985377	0.5272	3	US	Petz's Integrated Yoga	Petz's Integrated Yoga Corporation	Unit 504, 3715 Cleveland Road, OH, Huron	OH, HRUON CDP, 371 CLEVELAND RD, PO BOX 7246
S1-821595036	0.0	miss	model	S3-271672094	0.6538	3	US	Petz's Integrated Yoga	Petz's Integrated	Unit 504, 3715 Cleveland Road, OH, Huron	
S1-822532287	0.0	false_merge		S2-887264097	0.8402	0	India	FFY Pharmaceutical	CFY Phármaceutical	H.No.8-40/8/B, Hemanagar, Medipally, Uppal, K.V.Rangareddy, Telangana	NO 8-40/12/B , HEMANAGAR, MEDIPALLY, UPPAL, తెలంగాణ
S1-824335570	0.0	false_merge		S3-44112261	0.9969	0	India	Ahmedabad Services Pvt Ltd	Ahmedabad Private Limited Services	Ahmedabad, Flat No. E/102, Tirthdham Appartment, Nr. Satyagrah Chhavni. Bodakdev, Ahmedabad, Gujarat	102-Ff, Ahmedabad, GJ
S1-82502835	0.0	miss	model	S2-981438614	0.2552	2	India	Ss Finance Pvt Ltd	এসএস ফাইন্যান্স প্রাইভেট লিমিটেড	188, N. S. C. Bose Road, Kolkata, Kolkata, Howrah, West Bengal	N. S. C. BOSE ROAD, KOLKATA, পশ্চিমবঙ্গ, HOWRAH, KOLKATA, 188
S1-82502835	0.0	miss	blocking	S3-473105916		2	India	Ss Finance Pvt Ltd	এসএস ফাইন্যান্স প্রাইভেট লিমিটেড	188, N. S. C. Bose Road, Kolkata, Kolkata, Howrah, West Bengal	Plot B3/438 188, Kolkata, Kolkata Tollygunge, WB
S1-825704204	0.0	miss	blocking	S2-573236219		5	India	Neeva Ites Co	Neeva Íls-Co	Kolkata, 77/79 N.S Road 3Rd Floor, Kolkata, Howrah, West Bengal	DOOR NO 77/79 N.S ROAD 3RD FLOOR, KOLKATA, KOLKATA, West Bengal
S1-825704204	0.0	miss	blocking	S2-590398347		5	India	Neeva Ites Co	NEEVA CO (CENTER)	Kolkata, 77/79 N.S Road 3Rd Floor, Kolkata, Howrah, West Bengal	77/79 N.S ROAD 3RD FLOOR, KOLKATA, KOLKATA, West Bengal
S1-825704204	0.0	miss	blocking	S2-895334449		5	India	Neeva Ites Co	Neeva  Co Center	Kolkata, 77/79 N.S Road 3Rd Floor, Kolkata, Howrah, West Bengal	
S1-825704204	0.0	miss	blocking	S3-149454682		5	India	Neeva Ites Co	Neeva Co  Center	Kolkata, 77/79 N.S Road 3Rd Floor, Kolkata, Howrah, West Bengal	7/79 N.s Road 3Rd Floor, Kolkata North, Kolkata, WB
S1-825704204	0.0	miss	blocking	S3-45957343		5	India	Neeva Ites Co	Dr neevaites.com	Kolkata, 77/79 N.S Road 3Rd Floor, Kolkata, Howrah, West Bengal	7/79 N.s Road 3Rd Floor, Kolkata, Dalhousie, Howrah, WB
S1-827276928	0.0	miss	blocking	S2-23576285		2	India	Laxmi Consultancy Private Limited	लक्ष्मी कंसल्टेंसी प्राइवेट लिमिटेड	B-5/3, Okhla Ind Area, Phase Ii, New Delhi, South Delhi, Delhi	B-5, OKHLA IND AREA, PHASE II, NEW DELHI, SOUTH DELHI, Delhi
S1-827276928	0.0	miss	blocking	S2-899302628		2	India	Laxmi Consultancy Private Limited	लक्ष्मी कंसल्टेंसी प्राइवेट लिमिटेड	B-5/3, Okhla Ind Area, Phase Ii, New Delhi, South Delhi, Delhi	B-5, NEW DELHI, OKHLA IND AREA, PHASE II, SOUTH DELHI, Delhi
S1-828798942	0.0	miss	blocking	S2-520088561		1	India	Jh Foundation Ltd	Jh Ltd Sérvices	D-158 Okhla Industrial Phase-I, New Delhi, South Delhi, Delhi	
S1-82955980	0.0	miss	blocking	S2-906758650		2	India	Shrimal Welfare Society	5hrimal Welfare Society Corp	#19, Ground Floor Shanti, Nagar, Bangalore, Bangalore South, Bangalore, Karnataka	##19, GROUND FLOOR SHANTI, NAGAR, BANGALORE, BANGALORE SOUTH, BANGALORE, Karnataka
S1-82955980	0.0	miss	blocking	S3-239752444		2	India	Shrimal Welfare Society	Zetadrexdelta	#19, Ground Floor Shanti, Nagar, Bangalore, Bangalore South, Bangalore, Karnataka	#19, Bangalore South, Bangalore, ಕರ್ನಾಟಕ
S1-831914755	0.0	false_merge		S3-57548928	0.8472	0	India	Violet (India) Hospitality	Violet (India) Hospitality Private Limited	Tushar, Raj Nagar Society, Street No 4, Nana Mava Ro, Rajkot, Gujarat	Rajkot, No 69 Tushar, Raj Nagar Society, Street No 4, Nana Mava Ro, Rajkot, GJ
S1-832047796	0.0	miss	blocking	S3-70318933		1	US	Heartland Quality Associates Inc	Heartland Associates Inc Service	4675 Dallas Place, Unit T1, Temple Hills, MD	
S1-833155648	0.0	miss	blocking	S2-505570655		3	India	Ig Properties Private Limited	Ig Properties  Private	B-57, Upper Ground Floor, Gali No. 11, Sewak Park, Uttam Nagar, West Delhi, Delhi	
S1-833155648	0.0	miss	model	S3-572211096	0.7128	3	India	Ig Properties Private Limited	Shri Ig Private Properties Limited	B-57, Upper Ground Floor, Gali No. 11, Sewak Park, Uttam Nagar, West Delhi, Delhi	B-58, Upper Ground Floor, Gali No. 11, Sewak Park, West, West Delhi, DL
S1-833155648	0.0	miss	model	S3-620152379	0.321	3	India	Ig Properties Private Limited	Ig Properties Private	B-57, Upper Ground Floor, Gali No. 11, Sewak Park, Uttam Nagar, West Delhi, Delhi	B-58, Upper Ground Floor, Gali No. 11, Sewak Park, West Delhi, DL
S1-836674416	0.0	miss	model	S3-520230772	0.6819	3	India	Classic Healthcare Pvt Ltd	Classic Healthcare  Pvt Ltd	G-5, Surya Apartments, Central Avenue Road, Kodambakkam, Chennai-24., Chennai, Tamil Nadu	G-5, Maduravoyal, தமிழ்நாடு
S1-836674416	0.0	miss	blocking	S3-58473185		3	India	Classic Healthcare Pvt Ltd	கிளாசிக் ஹெல்த்கேர் பிரைவேட் லிமிடெட்	G-5, Surya Apartments, Central Avenue Road, Kodambakkam, Chennai-24., Chennai, Tamil Nadu	G-5, Opp Lic Of India, Thiruvallur, TN
S1-836674416	0.0	miss	model	S3-741706132	0.1816	3	India	Classic Healthcare Pvt Ltd	Classic-Healthcare Pvt  Ltd	G-5, Surya Apartments, Central Avenue Road, Kodambakkam, Chennai-24., Chennai, Tamil Nadu	G-5, Opp Lic Of India, Thiruvallur, TN
S1-836835831	0.0	miss	blocking	S2-374451341		4	India	Sree Hari Solutions Private Limited	শ্রী হরি সলিউশনস প্রাইভেট লিমিটেড	3 Wood Street 5Th Floor, Room No. 5, Kolkata, Howrah, West Bengal	NO ##216 WOOD STREET 5TH FLOOR, ROOM NO. 5, KOLKATA, West Bengal
S1-836835831	0.0	miss	blocking	S2-548768456		4	India	Sree Hari Solutions Private Limited	Sree Hari Solutions Private Limited	3 Wood Street 5Th Floor, Room No. 5, Kolkata, Howrah, West Bengal	
S1-836835831	0.0	miss	blocking	S2-608247423		4	India	Sree Hari Solutions Private Limited	শ্রী হরি সলিউশনস প্রাইভেট লিমিটেড	3 Wood Street 5Th Floor, Room No. 5, Kolkata, Howrah, West Bengal	NO 3 WOOD STREET 5TH FLOOR, KOLKATA, PARK STREET, পশ্চিমবঙ্গ
S1-836835831	0.0	miss	blocking	S3-935227209		4	India	Sree Hari Solutions Private Limited	শ্রী হরি সলিউশনস প্রাইভেট লিমিটেড	3 Wood Street 5Th Floor, Room No. 5, Kolkata, Howrah, West Bengal	No 3 Wood Street 5Th Floor, Room No. 5, Howrah, Calcutta, WB
S1-838080347	0.0	miss	blocking	S2-297492207		3	India	Ruby Chemicals Corp	9570862144 @RUBYCHEMICALS -	Flat No. R 1503, Metro Zone, Jawaharlal Nehru Road, Anna Nagar West, Egmore Nungambakkam, Chennai, Tamil Nadu	CHENNAI, EGMORE NUNGAMBAKKAM, FLAT NO. R 6503, Tamil Nadu
S1-838080347	0.0	miss	model	S2-655329420	0.6707	3	India	Ruby Chemicals Corp	RUBY-CHEMICALS	Flat No. R 1503, Metro Zone, Jawaharlal Nehru Road, Anna Nagar West, Egmore Nungambakkam, Chennai, Tamil Nadu	FLAT NO. R 6503, METRO ZONE, JAWAHARLAL NEHRU ROAD, ANNA NAGAR WEST, EGMORE NUNGAMBAKKAM, Tamil Nadu
S1-838080347	0.0	miss	model	S2-941158136	0.1325	3	India	Ruby Chemicals Corp	Ruby Chcggs Corp	Flat No. R 1503, Metro Zone, Jawaharlal Nehru Road, Anna Nagar West, Egmore Nungambakkam, Chennai, Tamil Nadu	FLAT NO. R 6503, METRO ZONE, JAWAHARLAL NEHRU ROAD, ANNA NAGAR WEST, EGMORE NUNGAMBAKKAM, Tamil Nadu
S1-839110285	0.0	miss	model	S3-496434512	0.3754	1	India	Sky Enterprises Private Limited	Tavogild	Plot No. 13, Office No. 211, Second Floor, Commercial Complex, Jagdamba Tower, Preet Vihar, Delhi, New Delhi, Delhi	Plot No. 13, Office No. 211, Second Floor, Commercial Complex, Jagdamba Tower, Preet Vihar, Delhi, New Delhi, DL
S1-841500066	0.0	miss	blocking	S2-889967446		2	India	Aditya Engineering LLP	ఆదిత్య ఇంజనీరింగ్ ఎల్‌ఎల్‌పీ	G 1, Sai Ram Niayam Krishna Nagar, New Rtc Colony, Vijayawada, Srikakulam, Andhra Pradesh	VIJAYAWADA, SAI RAM NIAYAM KRISHNA NAGAR, NEW RTC COLONY, VIJAYAWADA, G 1, Andhra Pradesh
S1-841500066	0.0	miss	blocking	S3-929603660		2	India	Aditya Engineering LLP	ఆదిత్య ఇంజనీరింగ్ ఎల్‌ఎల్‌పీ	G 1, Sai Ram Niayam Krishna Nagar, New Rtc Colony, Vijayawada, Srikakulam, Andhra Pradesh	G 1, Sai Ram Niayam Krishna Nagar, New Rtc Colony, Vijayawada, Srikakulam, AP
S1-844844302	0.0	miss	model	S3-709963135	0.0998	1	India	New Law Chambers	New Law Services	Mumbai City, 74 Techno Park, Maharashtra, Mumbai, 74/Ii, C Cross Road, Opp Gate No.2 Midc, Seepz, Andheri Kurla Road, Andheri, East	B3/74 Tebhno Park, 74/Ii, C Cross Road, Opp Gate No.2 Midc, Seepz, Andheri Kurla Road, Andheri, East, Mumbai, Mumbai City, MH
S1-845867854	0.0	miss	blocking	S2-116522821		1	India	Madras Furniture Pvt Ltd	RIZAVIO	C-387, Basement, Defence Colony, New Delhi, South Delhi, Delhi	C-389, NEW DELHI, दिल्ली
S1-84680151	0.0	miss	blocking	S2-280128891		3	India	Bright Services Pvt Ltd	ब्राइट सर्विसेज प्रा. लि.	Plot No 4 2Nd Floor, Sector 44, Gurugram, Sector -45, Gurgaon, Haryana	PLOT NO 4 2ND FLOOR, SECTOR -45, GURGAON, हरियाणा
S1-84680151	0.0	miss	blocking	S3-240378327		3	India	Bright Services Pvt Ltd	ब्राइट सर्विसेज प्रा. लि.	Plot No 4 2Nd Floor, Sector 44, Gurugram, Sector -45, Gurgaon, Haryana	Plot No 4 2Nd Floor, Gurugram, Gurgaon, HR
S1-84680151	0.0	miss	blocking	S3-279397020		3	India	Bright Services Pvt Ltd	ब्राइट सर्विसेज प्रा. लि.	Plot No 4 2Nd Floor, Sector 44, Gurugram, Sector -45, Gurgaon, Haryana	HR, Ptot No 4 2Nd Floor, Gurugram Ardee City Sector, Gurgaon
S1-847468297	0.0	miss	model	S2-945636303	0.302	2	India	Super Gujarat Projects Private Limited	சூப்பர் குஜராத் புராஜெக்ட்ஸ் பிரைவேட் லிமிடெட்	No. 337/4, Cw 107/108, Keh Dharga Road, Zamin Pallavaram., Chennai, Tamil Nadu	Tamil Nadu, DOOR NO 337/4, MADRAS, KANCHIPURAM
S1-847468297	0.0	miss	blocking	S3-897101152		2	India	Super Gujarat Projects Private Limited	super gujarat projects private limited	No. 337/4, Cw 107/108, Keh Dharga Road, Zamin Pallavaram., Chennai, Tamil Nadu	No. 37/4, Chennai, தமிழ்நாடு
S1-852455849	0.0	miss	blocking	S2-566671737		3	India	Alpha Solutions Private Limited	ALPHA PRIVATE LIMITED CENTER CENTER	#5, 1St Floor, 14Th Main, 15Th Cross Sector-4, Hsr Layout, Bengaluru, Bangalore, Karnataka	##5 , 1ST FLOOR, 14TH MAIN, 15TH CROSS SECTOR-4, HSR LAYOUT, BENGALURU, Karnataka
S1-852455849	0.0	miss	blocking	S2-670031639		3	India	Alpha Solutions Private Limited	ಆಲ್ಫಾ ಸೊಲ್ಯೂಷನ್ಸ್ ಪ್ರೈವೇಟ್ ಲಿಮಿಟೆಡ್	#5, 1St Floor, 14Th Main, 15Th Cross Sector-4, Hsr Layout, Bengaluru, Bangalore, Karnataka	DOOR NO #5, 1ST FLOOR, 14TH MAIN, 15TH CROSS SECTOR-4, HSR LAYOUT, BENGALURU, BANGALORE, Karnataka
S1-852455849	0.0	miss	blocking	S3-924457117		3	India	Alpha Solutions Private Limited	Alpha Soltsons Private Limited	#5, 1St Floor, 14Th Main, 15Th Cross Sector-4, Hsr Layout, Bengaluru, Bangalore, Karnataka	#5, 1St Floor, 14Th Main, 15Th Cross Sector-4, Hsr Layout, Bengaluru, Bangalore, KA
S1-854344753	0.0	miss	model	S2-168136467	0.4361	2	India	Swan Sciences Private Limited	Limited Swan Sciences Services	Aishwarya Building, B201, Svp Nagar Andheri West, Mumbai, Mumbai City, Maharashtra	AISHWARYA BUILDING, MUMBAI, MUMBAI CITY, Maharashtra
S1-854344753	0.0	miss	blocking	S2-91870012		2	India	Swan Sciences Private Limited	Swan Scecens Private [Limited]	Aishwarya Building, B201, Svp Nagar Andheri West, Mumbai, Mumbai City, Maharashtra	
S1-854713008	0.0	miss	blocking	S3-371067944		1	India	Maa Developers Private Limited	Maa Developers Pdrivae Limited	No.42/1, 4Th 'A' Cross, Kanaka Nagar, R T Nagar, Bangalore, Karnataka	H.no 0042/1, R T Nagarbangalore, KA
S1-854768041	0.0	miss	model	S3-583391938	0.5732	1	US	Platinum Data Concepts LLC	LLC Platinum Data C0ncepts	109 Timberline Drive, Islip, NY	Islip, New York, 09 Timberline Drive
S1-855080948	0.0	miss	model	S3-720923846	0.2287	1	US	Walker, Terri R., DMD Inc.	Walker, Terri R., DMD Inc.	6405 50, Salem, IL	
S1-855408886	0.0	miss	blocking	S2-140101688		2	India	Saudi Trust	5audi Trust	Plot No 144 2Nd Floor, Block B Pocket-2, Sector-17, Rohini, Delhi, North West, Delhi	PLOT NO 144  2ND FLOOR, DELHI, NORTH DELHI, दिल्ली
S1-855408886	0.0	miss	model	S3-797622170	0.6624	2	India	Saudi Trust	Smt Saudi  Trust	Plot No 144 2Nd Floor, Block B Pocket-2, Sector-17, Rohini, Delhi, North West, Delhi	Plot No 44 2Nd Floor, Delhi, North West, दिल्ली
S1-85749037	0.0	miss	blocking	S2-723625231		1	US	Rubin Fusion Co	Rubin Fs Co	1366 11 1/2 Street, Town Of Clinton, WI	1366 11 1/2 STREET, BARRON, WI
S1-857612846	0.0	miss	blocking	S2-759604206		2	India	Micro Group	Micro	H. No. 650 Cic Campus Jhokan Bagh, Jhanshi, Jhansi, Uttar Pradesh	
S1-857612846	0.0	miss	model	S2-881904416	0.6226	2	India	Micro Group	Micro  Company	H. No. 650 Cic Campus Jhokan Bagh, Jhanshi, Jhansi, Uttar Pradesh	H. NO. 850 CIC CAMPUS JHOKAN BAGH, JHANSHI, Uttar Pradesh
S1-860616909	0.0	miss	blocking	S2-510768656		2	India	Jain Logistics Private Limited	जैन लॉजिस्टिक्स प्राइवेट लिमिटेड	Flat No. G-2, Shivam Vila, Indraprastha Apartment, Ratan Lal Nagar, Kanpur Nagar, Uttar Pradesh	DOOR NO 634 FLAT NO. G-2, <NULL>, RATAN LAL NAGAR, KANPUR NAGAR, उत्तर प्रदेश
S1-860616909	0.0	miss	blocking	S3-303622225		2	India	Jain Logistics Private Limited	Jain Lgditiscs Private Limited	Flat No. G-2, Shivam Vila, Indraprastha Apartment, Ratan Lal Nagar, Kanpur Nagar, Uttar Pradesh	Flat No. G-2, Ratan Lal Nagar, Kanpur Nagar, UP
S1-860726576	0.0	miss	model	S3-930124024	0.2538	1	India	Alwar Traders Private Limited	Alwar Alwar Traders Limited Center	No.88, Borewell Road, Whitefeild Post Office, Whitefield, Bangalore, Karnataka	
S1-862528717	0.0	miss	blocking	S3-802342740		1	India	Anurag Consultancy	Drexorbi	H. No.2-3/Ac Plot No. 83, Aparna County, Serilingampally, K.V.Rangareddy, Telangana	H. No.2-3/ac Plot No. 83, Serilingampally, K.v.rangareddy, Andhra Pradesh
S1-866485971	0.0	miss	blocking	S3-941171183		1	US	Valley Capital LLC	Valley Capital Llc	315 13th Street, Columbia, TN	
S1-866599672	0.0	miss	model	S3-219055397	0.0305	1	India	Lakshmi Consultancy Private Limited	Lakshmi Consultancy Private	Maharashtra, Mumbai City, Mumbai, 1, Grd Flr Plot 117/119 Choksi Chambers Agiary Khara Kuva Zaveri Bazar Kalbadevi	##1, Mumbai, Palaspe, महाराष्ट्र
S1-866842062	0.0	miss	model	S2-286363069	0.0035	3	India	Green Foods	கிரீன் ஃபுட்ஸ்	No.715-A, 7Th Floor, Anna Salai, Chennai, Tamil Nadu	CHENNAI, Tamil Nadu, NO 715-A, CHENNAI
S1-866842062	0.0	miss	blocking	S2-406008610		3	India	Green Foods	கிரீன் ஃபுட்ஸ்	No.715-A, 7Th Floor, Anna Salai, Chennai, Tamil Nadu	#715-A, CHENNAI, தமிழ்நாடு
S1-866842062	0.0	miss	model	S2-85226649	0.4109	3	India	Green Foods	கிரீன் ஃபுட்ஸ்	No.715-A, 7Th Floor, Anna Salai, Chennai, Tamil Nadu	715-A, 7TH FLOOR, ANNA SALAI, CHENNAI, தமிழ்நாடு
S1-868255772	0.0	false_merge		S3-48983077	0.9515	0	US	Steinmann National Inc.	inc steinmann national	4 Red Mountain Lane, Avon, CT	25 Red Mounain Ln, Avon, Connecticut
S1-87144276	0.0	miss	blocking	S2-969819719		1	India	New Business Private Limited	न्यू बिजनेस प्राइवेट लिमिटेड	Plot No 3, Pocket - P, Sector - 3, Bawana Industrial Area, Delhi, North West Delhi, Delhi	POCKET - P, SECTOR - 3, BAWANA INDUSTRIAL AREA, NORTH WEST DELHI, DELHI, 3-3, Delhi
S1-874365223	0.0	false_merge		S3-661783065	0.7768	0	India	International Constructions Private Limited	ইন্টারন্যাশনাল কনস্ট্রাকশনস ফার্নিচার প্রাইভেট লিমিটেড	H/O Ranjit Das, Plot No 391(Rs) & 10(Lr) Dasarath Pally, Kalibari Road Ward No 44, Siliguri, Darjeeling, West Bengal	Plot No 391(Rs) & 10(Lr) Dasarath Pally, Kalibari Road Ward No 44, WB, Siliguri, Darjeeling, #20 H/o Ranjit Das
S1-876852984	0.0	miss	model	S2-615499094	0.1423	1	US	Jaquenette's Coastal Holdings	Coastal Jaquenette's LLC	Hempstead, 338 Lenox Avenue, NY	LENOX AVENUE, UNIONDALE, NY
S1-88421295	0.0	miss	model	S2-636703354	0.6328	1	US	Portia Rocha, DO, P.C. Inc	Portia Rocha, P.C. Inc Service	W8402 Maple Road, Neillsville, WI	W840 MAPLE RD, NEILLSVILLE CDP, WI
S1-88600121	0.0	miss	model	S3-169603472	0.1632	1	India	Taratech India Pvt. Ltd.	Taratech lladi Pvt. Ltd.	C/O Sumer Singh, Shop No 160, Ward No13, Gurjjar Mohalla, Ferozepur Jhirka, Nuh, Mewat, Haryana	905. C/o Sumer Singh, Nuh, Mewat, HR
S1-892324367	0.0	miss	model	S2-716087439	0.3165	2	India	RIQ Foods Private Limited	RIQ Foods Private Ltd	Flat No:3, Ground Floor, Abinav Palace 23, Jeth Nagar, First Main Road, Mandaveli, Chennai, Tamil Nadu	
S1-892324367	0.0	miss	model	S3-525779814	0.2496	2	India	RIQ Foods Private Limited	RIQ Foods Limited Services	Flat No:3, Ground Floor, Abinav Palace 23, Jeth Nagar, First Main Road, Mandaveli, Chennai, Tamil Nadu	No. 670 Flat No:3, Chennai, TN
S1-893613382	0.0	miss	blocking	S2-22045600		1	India	International Ventures Private Limited	इंटरनेशनल वेंचर्स प्राइवेट लिमिटेड	Delhi, C 40/3, Delhi, T/F Gulab Bagh, Uttam Nagar, West Delhi	दिल्ली, C A-40/3, DELHI, WEST DELHI
S1-895340719	0.0	miss	blocking	S2-736435627		4	India	International Care Private Limited	Internationa1 Care  Private Limited	House No-A-92 2Nd Floor, Ashoka Enclave-2, Sec 37, Faridabad, Haryana	
S1-895340719	0.0	miss	blocking	S2-754626561		4	India	International Care Private Limited	इंटरनेशनल केयर प्राइवेट लिमिटेड	House No-A-92 2Nd Floor, Ashoka Enclave-2, Sec 37, Faridabad, Haryana	HOUSE NO-A-#92 2ND FLOOR, ASHOKA ENCLAVE-2, SEC 37, FARIDABAD, NCR DELHI, Haryana
S1-895340719	0.0	miss	blocking	S2-851660790		4	India	International Care Private Limited	इंटरनेशनल केयर प्राइवेट लिमिटेड	House No-A-92 2Nd Floor, Ashoka Enclave-2, Sec 37, Faridabad, Haryana	HOUSE NO-A-#92 2ND FLOOR, ASHOKA ENCLAVE-2, SEC 37, FARIDABAD, NCR DELHI, हरियाणा
S1-895340719	0.0	miss	blocking	S3-246925042		4	India	International Care Private Limited	Careprivate.Com	House No-A-92 2Nd Floor, Ashoka Enclave-2, Sec 37, Faridabad, Haryana	House No-a-92 2Nd Floor, Faridabad, HR
S1-895690866	0.0	miss	blocking	S3-379416653		1	US	Jung Zeo LLC	jungzeo.com	524 10th Street, Everett, WA	604 Tenth Street, Everett, Washington
S1-896793004	0.0	false_merge		S3-161366583	0.8129	0	India	Ar (India) Equipment Group	ar (india) equipment group limited	Kh-37/19, 20, 22 Behind Cng Station, Kapashera, New Delhi, South West Delhi, Delhi	दिल्ली, South West Delhi, 20, 22 Behind Cng Station, Kapashera, New Delhi, Kh-37/20
S1-89711916	0.0	miss	blocking	S3-792020131		1	US	Miller & Lucas Currencyshares LLC	millerlucas.com	10 5/10 265, Jeffersonville, IN	10 5/10 265, PMB 6632, Jeffersonville, Indiana
S1-897683603	0.0	miss	model	S2-527970996	0.6531	1	India	Premier Industries Private Limited	ପ୍ରିମିୟର୍ ଇଣ୍ଡଷ୍ଟ୍ରିଜ୍ ପ୍ରାଇଭେଟ୍ ଲିମିଟେଡ୍	Plotno-129, Sana Tulasipur, Po-Tulasipur, Ps-Banki, Banki, Cuttack, Orissa	PLOTNO-B29, SANA TULASIPUR, PO-TULASIPUR, PS-BANKI, CUTTACK, BANKI, Odisha
S1-898034705	0.0	miss	blocking	S2-44426032		3	India	Shree First Services LLP	శ్రీ ఫస్ట్ సర్వీసెస్ ఎల్‌ఎల్‌పీ	Flat No 2, First Floor, H No 2-18-34/2 Amina Complex, Block-A, Opp Survey Of Ind, Ia Uppal, Hyderabad, Telangana	FLAT NO 2., FIRST FLOOR, H NO 2-18-34/2 AMINA COMPLEX, BLOCK-A, OPP SURVEY OF IND, IA UPPAL, HYDERABAD, Andhra Pradesh
S1-898034705	0.0	miss	blocking	S3-12836546		3	India	Shree First Services LLP	Shree Fhit Services LLP	Flat No 2, First Floor, H No 2-18-34/2 Amina Complex, Block-A, Opp Survey Of Ind, Ia Uppal, Hyderabad, Telangana	Flat No 002, Hyderabad, Andhra Pradesh
S1-898034705	0.0	miss	blocking	S3-2235281		3	India	Shree First Services LLP	శ్రీ ఫస్ట్ సర్వీసెస్ ఎల్‌ఎల్‌పీ	Flat No 2, First Floor, H No 2-18-34/2 Amina Complex, Block-A, Opp Survey Of Ind, Ia Uppal, Hyderabad, Telangana	Hyderabad, #002, Andhra Pradesh, Hyderabad, First Floor, H No 2-18-34/2 Amina Complex, Block-a, Opp Survey Of Ind, Ia Uppal
S1-898131197	0.0	miss	blocking	S2-675480206		1	India	Ss Solutions Private Limited	एसएस सॉल्यूशंस प्राइवेट लिमिटेड	52-Sec-B, Indore, Sl-4, Scheme 78, Aranya Nagar, Madhya Pradesh	Madhya Pradesh, 52-SEC-B, INDORE
S1-898991863	0.0	miss	blocking	S2-151283896		3	India	Maa Care LLP	मां केयर एलएलपी	New Delhi, Delhi, North West, Kh. No. 19/21, Ground Floor, Blk-F, Inder Enclave, Ph-2, Plot No. 26-B	PLOT NO. 25-B, NEW DELHI, Delhi
S1-898991863	0.0	miss	blocking	S3-106847928		3	India	Maa Care LLP	माँ केयर एलएलपी	New Delhi, Delhi, North West, Kh. No. 19/21, Ground Floor, Blk-F, Inder Enclave, Ph-2, Plot No. 26-B	Plot No. 26-B, Kh. No. 19/21, Ground Floor, Blk-f, Inder Enclave, Ph-2, New Delhi, North West, दिल्ली
S1-898991863	0.0	miss	blocking	S3-502020759		3	India	Maa Care LLP	Mr maacare.com	New Delhi, Delhi, North West, Kh. No. 19/21, Ground Floor, Blk-F, Inder Enclave, Ph-2, Plot No. 26-B	26-B, DL, North West, Kh. No. 19/21, Ground Floor, Blk-f, Inder Enclave, Ph-2, New Delhi
S1-899034222	0.0	miss	model	S2-70503037	0.0041	1	India	Mayur Hospital Group	Smt RIZAZEPH	No.2, Jaya Nagar Kolapakkam Main Road Kolapakkam, Chennai, Kancheepuram, Tamil Nadu	NO.2, JAYA NAGAR KOLAPAKKAM MAIN ROAD KOLAPAKKAM, MADRAS, SRIPERUMBUDUR, Tamil Nadu
S1-899576737	0.0	miss	model	S2-438035426	0.4812	1	US	Halcis Atlas Inc.	Halcis Atlas	65700 Adventure Court, Unit Unit 204, Bend, OR	6570 ADVENTURE COURT, BEND, OR
S1-9052074	0.0	miss	blocking	S2-66478993		3	India	Om Galaxy	M/s Om Galaxy Galaxy	Industrial Area, Rajasthan, Jaipur, 139	139, INDUSTRIAL AREA, JAIPUR, राजस्थान
S1-9052074	0.0	miss	blocking	S3-412931446		3	India	Om Galaxy	Shri Om-Galaxy	Industrial Area, Rajasthan, Jaipur, 139	H.no 16 139, Industrial Area, Jaipur, RJ
S1-9052074	0.0	miss	blocking	S3-638450284		3	India	Om Galaxy	Om Gady	Industrial Area, Rajasthan, Jaipur, 139	H.no 16 139, Jaipur, RJ
S1-906565603	0.0	miss	blocking	S2-565346327		4	India	Royal Construction Private Limited	రాయల్ కన్‌స్ట్రక్షన్ ప్రైవేట్ లిమిటెడ్	Tirumalagiri, Gokul Trade Center, P No. 175, Gokul Plots, Venkata Ramana Colony, Hyderabad, Flat No. 501-B, Telangana	FLAT NO. 501-B/4, TIRUMALAGIRI, HYDERABAD, తెలంగాణ
S1-906565603	0.0	miss	blocking	S3-219082338		4	India	Royal Construction Private Limited	... Royal Cosnirucgion Private Limited	Tirumalagiri, Gokul Trade Center, P No. 175, Gokul Plots, Venkata Ramana Colony, Hyderabad, Flat No. 501-B, Telangana	Flat No. 501-B, Tirumalagiri, తెలంగాణ
S1-906565603	0.0	miss	blocking	S3-646237320		4	India	Royal Construction Private Limited	రాయల్ కన్‌స్ట్రక్షన్ ప్రైవేట్ లిమిటెడ్	Tirumalagiri, Gokul Trade Center, P No. 175, Gokul Plots, Venkata Ramana Colony, Hyderabad, Flat No. 501-B, Telangana	Flat No. 501-B, Tirumalagiri, TG
S1-906565603	0.0	miss	blocking	S3-879159012		4	India	Royal Construction Private Limited	రాయల్ కన్‌స్ట్రక్షన్ ప్రైవేట్ లిమిటెడ్	Tirumalagiri, Gokul Trade Center, P No. 175, Gokul Plots, Venkata Ramana Colony, Hyderabad, Flat No. 501-B, Telangana	No 501-B, Hyderabad, TG
S1-911235286	0.0	miss	model	S3-528331392	0.2999	1	US	Williams Madison LLC	The Williams Madison LLC	3000 High Street, Lower Pottsgrove Township, PA	
S1-911832024	0.0	miss	model	S2-985231060	0.5371	4	India	Sai Consultants Limited	സായി കൺസൾട്ടന്റ്സ് ലിമിറ്റഡ്	Bldg No.63/4421-B(38/3023-C), 1St Floor, D S No.2, Near Kathrikadavu Bridge, Ernakulam, Kerala	BLDG NO.65/4421-B(38/3023-C), ERNAKULAM, കേരളം
S1-911832024	0.0	miss	blocking	S3-153677734		4	India	Sai Consultants Limited	Center Sai Limited	Bldg No.63/4421-B(38/3023-C), 1St Floor, D S No.2, Near Kathrikadavu Bridge, Ernakulam, Kerala	Bldg No.3/442-1b(38/3023-c), Kottayam, Ernakulam, Keralam
S1-911832024	0.0	miss	model	S3-190506143	0.7012	4	India	Sai Consultants Limited	Sai Limited Center	Bldg No.63/4421-B(38/3023-C), 1St Floor, D S No.2, Near Kathrikadavu Bridge, Ernakulam, Kerala	Bldg No.3/4421-b(38/3023-c), 1St Floor, D S No.2, Near Kathrikadavu Bridge, Kottayam, Ernakulam, Keralam
S1-911832024	0.0	miss	model	S3-992657364	0.5927	4	India	Sai Consultants Limited	സായ് കൺസൾട്ടന്റ്സ് ലിമിറ്റഡ്	Bldg No.63/4421-B(38/3023-C), 1St Floor, D S No.2, Near Kathrikadavu Bridge, Ernakulam, Kerala	Ernakulam, Bldg No.3/4421-b(38/3023-c), 1St Floor, D S No.2, Near Kathrikadavu Bridge, Keralam, Kottayam
S1-91326998	0.0	miss	blocking	S2-456745779		3	India	City Foods Private Limited	सिटी फूड्स प्राइवेट लिमिटेड	Plot No107 Ashok Vihar, New Delhi, Haryana	PLOT NO07 ASHOK VIHAR, NEW DELHI, Haryana
S1-91326998	0.0	miss	blocking	S3-75330333		3	India	City Foods Private Limited	सिटी फूड्स प्राइवेट लिमिटेड	Plot No107 Ashok Vihar, New Delhi, Haryana	907 Ashok Vihar, Wazirpur, HR
S1-91326998	0.0	miss	blocking	S3-811066613		3	India	City Foods Private Limited	सिटी फूड्स प्राइवेट लिमिटेड	Plot No107 Ashok Vihar, New Delhi, Haryana	H.no 907 Ashok Vihar, Wazirpur, HR
S1-914719932	0.0	miss	model	S2-54594930	0.5068	1	India	Balaji Jay Builders Pvt Ltd	ബാലാജി ജയ് ബിൽഡേഴ്സ് പ്രൈവറ്റ് ലിമിറ്റഡ്	Building No 8-996/A, Koyilandi, Kozhikode, Kerala	#961 BUILDING NO 8-996/A, Kerala, KOYILANDI, MEPPAYUR
S1-916826542	0.0	miss	blocking	S2-519430311		3	India	Silver Great Projects Limited	சில்வர் கிரேட் புராஜெக்ட்ஸ் லிமிடெட்	15/11, N.S.R. Ayyangar Npm Colony, Coimbatore, Tamil Nadu	Tamil Nadu, COIMBATORE, 15/11
S1-916826542	0.0	miss	blocking	S3-194904995		3	India	Silver Great Projects Limited	சில்வர் கிரேட் புராஜெக்ட்ஸ் லிமிடெட்	15/11, N.S.R. Ayyangar Npm Colony, Coimbatore, Tamil Nadu	15/11, Coimbatore, TN
S1-916826542	0.0	miss	blocking	S3-681601682		3	India	Silver Great Projects Limited	சில்வர் கிரேட் புராஜெக்ட்ஸ் லிமிடெட்	15/11, N.S.R. Ayyangar Npm Colony, Coimbatore, Tamil Nadu	Coimbatore, TN, 15/11
S1-917806988	0.0	miss	blocking	S2-262307244		2	India	Lakshmi Infotech Private Limited	லட்சுமி இன்ஃபோடெக் பிரைவேட் லிமிடெட்	No.21, Ragavan Reddy Colony 1St Cross Street 12Thavenue Ashoknagar, Chennai, Tamil Nadu	NO.21, CHENNAI, Tamil Nadu
S1-917806988	0.0	miss	blocking	S2-764572479		2	India	Lakshmi Infotech Private Limited	லட்சுமி இன்ஃபோடெக் பிரைவேட் லிமிடெட்	No.21, Ragavan Reddy Colony 1St Cross Street 12Thavenue Ashoknagar, Chennai, Tamil Nadu	NO.21, CHENNAI, தமிழ்நாடு
S1-918278039	0.0	miss	model	S3-354116601	0.2537	1	US	Hines, Bingman & Valdez Co	Hines, Bingman &	2456 Bedford Lane, Northwood, OH	
S1-918396877	0.0	miss	model	S2-299062452	0.7086	1	India	White Guide Private Limited	White Private Limited Center	A-869 2/F Sukhdev Nagar Kotla Mubarakpur Maddi Sweets, New Delhi, South Delhi, Delhi	BLOCK D-211 A-869 2/F SUKHDEV NAGAR KOTLA MUBARAKPUR MADDI SWEETS, NEW DELHI, Delhi
S1-918692768	0.0	miss	model	S2-534990505	0.1334	1	US	Colombo Evo	Colombo Evo	18520 Benton Street, Lytle, TX	
S1-918815251	0.0	miss	blocking	S3-700259988		1	India	Guru Consultants Private Limited	Guru Consultants Private	Maharashtra, A-505, Winsway Complex, Old Police Line, Telly Ga, Mumbai	A-05, Mumbai, MH
S1-919541416	0.0	miss	blocking	S2-985100625		2	India	Ram Industries Limited	രാം ഇൻഡസ്ട്രീസ് ലിമിറ്റഡ്	Asma Tower Mavoor Road, Calicut, Kozhikode, Kerala	ASMA TOWER MAVOOR ROAD, KOZHIKODE, CALICUT, Keralam
S1-919541416	0.0	miss	blocking	S3-78168834		2	India	Ram Industries Limited	Ram Limited  Center	Asma Tower Mavoor Road, Calicut, Kozhikode, Kerala	Asma Tower Mavoor Road, Calicut, Mavoor, KL
S1-921418079	0.0	false_merge		S2-127933637	0.9984	0	US	Corner Cafe	CORNER-CAFE VALLEY CORP	3501 Lyndale Avenue, Minneapolis, MN	3501 LYNDALE AVE, MINNEAPOLIS, MN
S1-922195374	0.0	miss	model	S2-908948690	0.6108	1	US	Probst Animal Hospital Care	PROBST ANIMAL	3309 Elgin Drive, Akron, OH	
S1-923836837	0.0	false_merge		S2-555455608	0.7428	0	US	Rori Smith Storage	RORI  SMITH STORAGE LLC	5322 3350, Ogden Valley, UT	5327 3350, EEDN CITY, UT
S1-924561749	0.0	miss	model	S3-64944043	0.0478	2	India	Jain Products Private Limited	Jain Products Private	Shop No. 225, Second Floor, Vardhman Sunrize Plaza Plot No.1, Isc, Near Abhyant Appts., Vasundhara Enclave, East Delhi, Delhi	Door No 925, Vasundhara Enclave, दिल्ली
S1-924561749	0.0	miss	blocking	S3-705111179		2	India	Jain Products Private Limited	Sri Jain (Products)	Shop No. 225, Second Floor, Vardhman Sunrize Plaza Plot No.1, Isc, Near Abhyant Appts., Vasundhara Enclave, East Delhi, Delhi	
S1-925069501	0.0	miss	blocking	S3-322935870		1	US	Interstate Foundation LLC	Interstate Foundofion LLC	219 10th Street, Dallas, TX	10nd Street, Dallas, Texas
S1-925835204	0.0	false_merge		S2-251197230	0.9073	0	India	Rahul Services Private Limited	Rahul Services	Shop No.101, Muncipal Emp, Loyees, Sudhanshu Chs Ltd, Kandivali West, Mumbai, Maharashtra	
S1-925835204	0.0	false_merge		S2-913749622	0.9693	0	India	Rahul Services Private Limited	RAHUL PRIVATE LIMITED SERVICES	Shop No.101, Muncipal Emp, Loyees, Sudhanshu Chs Ltd, Kandivali West, Mumbai, Maharashtra	
S1-926850896	0.0	miss	model	S2-246782099	0.6928	3	India	Ram Foundation Private Limited	राम फाउंडेशन प्राइवेट लिमिटेड	H. No. 8, 3Rd Floor, Church Road Bhogal, New Delhi, Delhi	1, 3RD FLOOR, CHURCH ROAD BHOGAL, NEW DELHI, Delhi
S1-926850896	0.0	miss	blocking	S2-814239128		3	India	Ram Foundation Private Limited	राम फाउंडेशन प्राइवेट लिमिटेड	H. No. 8, 3Rd Floor, Church Road Bhogal, New Delhi, Delhi	1, Delhi, NEW DELHI
S1-926850896	0.0	miss	blocking	S3-891435564		3	India	Ram Foundation Private Limited	राम फाउंडेशन प्राइवेट लिमिटेड	H. No. 8, 3Rd Floor, Church Road Bhogal, New Delhi, Delhi	South, No 8, New Delhi, DL
S1-927162030	0.0	miss	model	S2-388350060	0.596	1	US	Collins Classic Inflection PLLC	Collins Classic PLLC Service	3157 Gemini Peak Lane, Fruitvale, CO	
S1-930261850	0.0	miss	blocking	S2-523852556		2	India	North Finance Pvt Ltd	नॉर्थ फाइनेंस प्रा. लि.	Khasra No 59, Anurag Enclave, Shivpuri Colny, Faridinagar, Indra Nagar, Lucknow, Uttar Pradesh	KHASRA NO ##59, HAIDERGARH, LUCKNOW, उत्तर प्रदेश
S1-930261850	0.0	miss	model	S3-45277712	0.711	2	India	North Finance Pvt Ltd	नॉर्थ फाइनेंस प्रा. लि.	Khasra No 59, Anurag Enclave, Shivpuri Colny, Faridinagar, Indra Nagar, Lucknow, Uttar Pradesh	Khasra No 5-9, Anurag Enclave, Shivpuri Colny, Faridinagar, Indra Nagar, Lucknow, उत्तर प्रदेश, Lucknow
S1-931314048	0.0	miss	blocking	S3-142456317		3	India	Vijay International Private Limited	विजय इंटरनेशनल प्राइवेट लिमिटेड	Shop No.-2, L.G.F., Victoriaganj Street, Bhawaniganj, Lucknow, Uttar Pradesh	Shop No.-2, Lucknow, UP
S1-931314048	0.0	miss	blocking	S3-85846839		3	India	Vijay International Private Limited	vijayintlprivate.com	Shop No.-2, L.G.F., Victoriaganj Street, Bhawaniganj, Lucknow, Uttar Pradesh	Shop No.-2, Lucknow, उत्तर प्रदेश
S1-931314048	0.0	miss	blocking	S3-92643777		3	India	Vijay International Private Limited	vijayinternational.com	Shop No.-2, L.G.F., Victoriaganj Street, Bhawaniganj, Lucknow, Uttar Pradesh	Shop No.-2, Lucknow, उत्तर प्रदेश
S1-931579297	0.0	miss	blocking	S2-557957120		2	India	One Systems Private Limited	वन सिस्टम्स प्राइवेट लिमिटेड	2, Ghaswala Compound, M.V.Road, Opp. Andheri Police Station East, Mumbai, Mumbai City, Maharashtra	2, MUMBAI, MUMBAI CITY, महाराष्ट्र
S1-931579297	0.0	miss	blocking	S3-622398517		2	India	One Systems Private Limited	One Systems Private  Limited	2, Ghaswala Compound, M.V.Road, Opp. Andheri Police Station East, Mumbai, Mumbai City, Maharashtra	Plot 706 2, Mumbai City, Mumbai Ii, MH
S1-932751397	0.0	miss	blocking	S3-391347955		1	India	Green Food Pvt Ltd	ग्रीन फूड प्रा. लि.	13, Kedar Empire, Survey No. 42A/18/2Y Near Dashabhuja Tample, Karve Road, Eran, Dawane, Pune, Maharashtra	12, Pune, MH
S1-933895878	0.0	miss	blocking	S2-288917577		3	India	Maha Foundation Private Limited	Sri Maha Foraddtion Private Limited	2-I-7 R.C. Vyas Colony, Bhilwara, Rajasthan	9-2-I-7 R.C. VAS COLONY, BHILWARA, राजस्थान
S1-933895878	0.0	miss	blocking	S3-113698296		3	India	Maha Foundation Private Limited	mahafoundation.com	2-I-7 R.C. Vyas Colony, Bhilwara, Rajasthan	Door No 2-I-7 R.c. Vyas Colony, Bhilwara, RJ
S1-933895878	0.0	miss	blocking	S3-536203755		3	India	Maha Foundation Private Limited	Maha	2-I-7 R.C. Vyas Colony, Bhilwara, Rajasthan	Bhilwara, Rajasthan, Bhilwara, 2-I-7 R.C. Vyas Colony
S1-934250879	0.0	miss	blocking	S2-918983009		2	India	Kolkata Bee Private Limited	Kolkata Bee Private	97 Park Street, Ground Floor, Kolkata, Howrah, West Bengal	
S1-934250879	0.0	miss	blocking	S3-994633609		2	India	Kolkata Bee Private Limited	Kolkata Bee Limited Center	97 Park Street, Ground Floor, Kolkata, Howrah, West Bengal	Serampore, 97 Park Street, Ground Floor, পশ্চিমবঙ্গ, Kolkata
S1-936800544	0.0	miss	blocking	S2-589925366		1	US	Pinnacle Engineering, Inc.	Services Pinnacle Inc.	44 Main Street, Unit Apartment 2, Jay, ME	41 MAIN ST, JAY TOWNSHIP, ME
S1-938362166	0.0	miss	model	S3-637307948	0.2987	1	India	Rajkot Barter Pvt Ltd	Rajkot  Barter	101-Tulsi Appartment, Nr. Anand Bunglow Chowk, Opp. Shivanand Eye Hospital, Mavdi Main Road, Rajkot, Gujarat	Door No 1-01-Tulsi Appartment, Nr. Anand Bunglow Chowk, Opp. Shivanand Eye Hospital, Mavdi Main Road, Rajkot, GJ
S1-940070361	0.0	miss	blocking	S2-61245474		2	US	Pediatric Continental Center	Pediatric Continental Center Ínc	37348 Hansville Road, Hansville, WA	
S1-940070361	0.0	miss	model	S3-405819175	0.0032	2	US	Pediatric Continental Center	Pediatric  Continental Center Society	37348 Hansville Road, Hansville, WA	37366 Hansville Road, Hansville, Washington
S1-940194953	0.0	miss	blocking	S2-383505850		2	US	Northern Regional LLC	northernregional.com	3223 Crismon Road, Unit 145, Mesa, AZ	223 CRISMON RD, MESA, AZ
S1-940194953	0.0	miss	model	S2-468518115	0.606	2	US	Northern Regional LLC	Northern Regional	3223 Crismon Road, Unit 145, Mesa, AZ	MESA, 223 CRISMON RD, AZ
S1-945880252	0.0	miss	blocking	S2-1959971		3	US	Noia Corporation	Nioa Corporation	2736 G Avenue, Aurora, IA	2683  G AVE, AURORA, IA
S1-945880252	0.0	miss	blocking	S3-158164346		3	US	Noia Corporation	The Noia Corporation	2736 G Avenue, Aurora, IA	2683 G Avenue, Aurora, Iowa
S1-945880252	0.0	miss	blocking	S3-31582097		3	US	Noia Corporation	Noia	2736 G Avenue, Aurora, IA	G Ave, Aurora, Iowa
S1-946071831	0.0	miss	blocking	S2-504752002		4	India	Gujarat Technologies Private Limited	गुजरात टेक्नोलॉजीज प्राइवेट लिमिटेड	19/06, Khatena Road, Agra, Uttar Pradesh	9/06, KHATENA ROAD, AGRA, Uttar Pradesh
S1-946071831	0.0	miss	blocking	S3-462577508		4	India	Gujarat Technologies Private Limited	गुजरात टेक्नोलॉजीज प्राइवेट लिमिटेड	19/06, Khatena Road, Agra, Uttar Pradesh	##19/06, Agra, उत्तर प्रदेश
S1-946071831	0.0	miss	blocking	S3-684567629		4	India	Gujarat Technologies Private Limited	गुजरात टेक्नोलॉजीज प्राइवेट लिमिटेड	19/06, Khatena Road, Agra, Uttar Pradesh	##19/06, Khatena Road, Agra, UP
S1-946071831	0.0	miss	blocking	S3-701450788		4	India	Gujarat Technologies Private Limited	Ectolum	19/06, Khatena Road, Agra, Uttar Pradesh	19/06, Khatena Road, Agra, Uttar Pradesh
S1-946170711	0.0	miss	blocking	S2-350127365		1	US	Ridge Ministries Co	Ridge Msities Co Co	1113 Windsor Street, Kingsport, TN	
S1-948397901	0.0	miss	model	S2-409136419	0.5886	1	US	Prissie's Allied Couriers	QUOPYRA	103 White Heron Drive, Currituck, NC	03 WHITE HERON DRIVE, CURRITUCK, NC
S1-950735434	0.0	miss	blocking	S2-903227102		1	India	Naresh Infra Limited	FLUXCALO	103, Urmila Rita Appartment, Road No.-2, Rajbanshi Nagar, Town/Vill-Patna, Anchal-P, Atna Sadar, Patna, Bihar	103/6, PATNA, Bihar
S1-951767558	0.0	miss	model	S2-608550259	0.0195	1	US	Brown Complete Coca PC	Brown Complete	717 Pear Court, Winchester, KY	
S1-952316624	0.0	miss	blocking	S2-988825256		2	India	Southern Consulting Private Limited	சதர்ன் கன்சல்டிங் பிரைவேட் லிமிடெட்	Ward No-1, Door No-8, Pachudaiyampatti Pudhur, Namakkal, Tamil Nadu	612- WARD NO-1, NAMAKKAL, தமிழ்நாடு
S1-952316624	0.0	miss	blocking	S3-603639067		2	India	Southern Consulting Private Limited	Southern Consulting Private	Ward No-1, Door No-8, Pachudaiyampatti Pudhur, Namakkal, Tamil Nadu	
S1-952339971	0.0	miss	blocking	S2-146916934		2	India	Real International Solutions Pvt Ltd	रियल इंटरनेशनल सॉल्यूशंस प्रा. लि.	122A, 1St Floor, Universal Trade Tower, So, Gurgaon, Haryana	122A, null, GURGAON, हरियाणा
S1-952339971	0.0	miss	blocking	S2-572310135		2	India	Real International Solutions Pvt Ltd	रियल इंटरनेशनल सॉल्यूशंस प्रा. लि.	122A, 1St Floor, Universal Trade Tower, So, Gurgaon, Haryana	122A, null, GURGAON, Haryana
S1-954243636	0.0	miss	model	S3-26083805	0.6193	1	US	L+ Tinto LLC	ltinto.com	1724 Whittier Avenue, Dallas, TX	1722 Whittier Ave, PO Box 2376, Dallas, Texas
S1-95538690	0.0	false_merge		S3-505404244	0.9675	0	US	Crystal Crystal Iron Inc.	Crystal Crystal Iron Inc	Town Of Mason, WI, 59685 E	59686 E, Town Of Mason, Wisconsin
S1-956513696	0.0	miss	blocking	S2-126862763		1	India	Ace Finance Private Limited	एस फाइनेंस प्राइवेट लिमिटेड	H.No.504, S.No.83/1, Near Government Hospital, Kuhe Village, Bhiwandi, Thane, Maharashtra	#504, THANE, महाराष्ट्र
S1-956914912	0.0	miss	blocking	S2-704159560		3	India	High Software Private Limited	हाई सॉफ्टवेयर प्राइवेट लिमिटेड	Ag-51, Nirvana Country, South City Ii, Gurgaon, Haryana	AG-51, GURGAON, हरियाणा
S1-956914912	0.0	miss	blocking	S3-428874086		3	India	High Software Private Limited	highsoftware.com	Ag-51, Nirvana Country, South City Ii, Gurgaon, Haryana	Ag-51, Gurgaon, HR
S1-956914912	0.0	miss	blocking	S3-534663297		3	India	High Software Private Limited	Dr highsoftware.com	Ag-51, Nirvana Country, South City Ii, Gurgaon, Haryana	Ag-51, Gurgaon, हरियाणा
S1-957337263	0.0	miss	blocking	S2-386893277		3	India	Great Food Private Limited	கிரேட் ஃபுட் பிரைவேட் லிமிடெட்	21/30, 1St Floor, Auxilium College Road, Gandhi Nagar, Katpadi, Vellore, Tamil Nadu	21/30, CHENNAI CITY REGION, தமிழ்நாடு
S1-957337263	0.0	miss	blocking	S2-945254854		3	India	Great Food Private Limited	கிரேட் ஃபுட் பிரைவேட் லிமிடெட்	21/30, 1St Floor, Auxilium College Road, Gandhi Nagar, Katpadi, Vellore, Tamil Nadu	21/30, CHENNAI CITY REGION, Tamil Nadu
S1-957337263	0.0	miss	blocking	S3-775648008		3	India	Great Food Private Limited	கிரேட் ஃபுட் பிரைவேட் லிமிடெட்	21/30, 1St Floor, Auxilium College Road, Gandhi Nagar, Katpadi, Vellore, Tamil Nadu	Vellore, 21/30, Vellore, TN
S1-958445632	0.0	miss	blocking	S2-636141628		1	India	Bright Consultancy Private Limited	ब्राइट कंसल्टेंसी प्राइवेट लिमिटेड	13/17 Punjabi Bagh Ext., New Delhi, West Delhi, Delhi	H.NO 13/17 PUNJABI BAGH EXT., NEW DELHI, WEST DELHI, दिल्ली
S1-960324981	0.0	miss	blocking	S2-120018158		4	India	Swastik Ventures Private Limited	স্বস্তিক ভেঞ্চারস প্রাইভেট লিমিটেড	10 A & B, Elgin Road, Kolkata, Howrah, West Bengal	##10 A & B, ELGIN ROAD, HOWRAH, KOLKATA, পশ্চিমবঙ্গ
S1-960324981	0.0	miss	blocking	S2-380306167		4	India	Swastik Ventures Private Limited	swastik ventures private limited	10 A & B, Elgin Road, Kolkata, Howrah, West Bengal	
S1-960324981	0.0	miss	blocking	S3-71828464		4	India	Swastik Ventures Private Limited	স্বস্তিক ভেঞ্চারস প্রাইভেট লিমিটেড	10 A & B, Elgin Road, Kolkata, Howrah, West Bengal	A & B, Kolkata, <NULL>, WB
S1-960324981	0.0	miss	blocking	S3-952382309		4	India	Swastik Ventures Private Limited	Nylaumbraarc	10 A & B, Elgin Road, Kolkata, Howrah, West Bengal	Door No 10 A & B, Howrah, <NULL>, পশ্চিমবঙ্গ
S1-961045480	0.0	miss	blocking	S3-709716616		1	India	Hak Polytechnic	Hak Ploybtchncic	2Nd Floor, Rolex Shoppinf Centre, Maharashtra, Goregaon West, B-205, Mumbai	B-205, Mumbai, Mumbai Suburban, MH
S1-963428689	0.0	miss	blocking	S3-11985538		1	India	Sunrise Impex Private Limited	సన్‌రైజ్ ఇంపెక్స్ ప్రైవేట్ లిమిటెడ్	Andhra Pradesh, Near Vijetha Vikram Apts Sbi Colony, Gayatri Nagar, Vijayawada, 60-22-12, Krishna	Door No 892 60-22-12, Krishna, Vijayawada, ఆంధ్రప్రదేశ్
S1-968521657	0.0	miss	blocking	S2-165676699		1	US	Department of Labor	DEPARTMENT [OF]	AL, Millport, 476 Black Street	
S1-9703989	0.0	false_merge		S2-418887585	0.7309	1	India	KQI Infrastructure Private Limited	KQD Infrastructure Private Limited	C/O Bhawani, Village Nihalpura, Teh. Neemrana, Alwar, Rajasthan	NO ##97 C/O BHAWANI, VILLAGE NIHALPURA, TEH. NEEMRANA, ALWAR, Rajasthan
S1-9703989	0.0	miss	blocking	S3-108946934		1	India	KQI Infrastructure Private Limited	KQI Infrastructure Psne Limited	C/O Bhawani, Village Nihalpura, Teh. Neemrana, Alwar, Rajasthan	C/o Bhawani, Alwar, RJ
S1-970682105	0.0	miss	blocking	S2-107552075		4	India	Jay Management Private Limited	जय मैनेजमेंट प्राइवेट लिमिटेड	Kasana Complex, 303 3Rd Floor, Patparganj, Gazipur Village, East Delhi, Delhi, A-94, Delhi	A-B3/94, DELHI, EAST DELHI, Delhi
S1-970682105	0.0	miss	blocking	S2-972928239		4	India	Jay Management Private Limited	Jay Management प्राइवेट लिमिटेड	Kasana Complex, 303 3Rd Floor, Patparganj, Gazipur Village, East Delhi, Delhi, A-94, Delhi	
S1-970682105	0.0	miss	blocking	S3-479148244		4	India	Jay Management Private Limited	Shri Jay Management Private	Kasana Complex, 303 3Rd Floor, Patparganj, Gazipur Village, East Delhi, Delhi, A-94, Delhi	दिल्ली, New Delhi, A-94
S1-970682105	0.0	miss	blocking	S3-869882927		4	India	Jay Management Private Limited	Jay Private Limited Center	Kasana Complex, 303 3Rd Floor, Patparganj, Gazipur Village, East Delhi, Delhi, A-94, Delhi	A-94, New Delhi, दिल्ली
S1-970934837	0.0	false_merge		S2-725229130	0.9566	0	US	Trusted Piedmont Auto Sales Inc	Helios	22 Hancock Street, Northampton, MA	22 HANCOCK STREET, NORTHAMPTON, MA
S1-972559053	0.0	miss	blocking	S2-459537051		2	US	LH Churchill Inc.	LH CARUNCHILL INC.	3646 79th Street, Unit 2101, Mesa, AZ	
S1-972559053	0.0	miss	model	S2-769645801	0.0365	2	US	LH Churchill Inc.	LH Inc. Partners	3646 79th Street, Unit 2101, Mesa, AZ	646 79TH ST, MESA FOUR PEAKS, AZ
S1-973258360	0.0	miss	blocking	S2-123165924		1	India	Ss Management Private Limited	एसएस मैनेजमेंट प्राइवेट लिमिटेड	Flat - 303, 303 Savita Chhaya Chs Ltd 28Th Road, Tps-3, Bandra (W), Mumbai, Mumbai City, Maharashtra	FLAT - 303, MUMBAI, MUMBAI CITY, Maharashtra
S1-974017169	0.0	miss	model	S3-366091314	0.6313	1	US	Elledge Classic Wintergreen	Elledge Classic  Wlmtammrgreen	TX, Rosharon, 1218 Adam Street	857 Adam Street, Rosharon Township, Texas
S1-974504162	0.0	miss	model	S2-703577320	0.5366	1	US	Cardiology Partners Corp	Corporation Cardiology Partners	3570 Park Avenue, Unit Apartment 1A, Hempstead, NY	PARK AVENUE, WANTAGH, NY
S1-977274684	0.0	miss	blocking	S3-93769745		1	India	Om Ventures Private Limited	ॐ वेंचर्स प्राइवेट लिमिटेड	N-7 Sector-12, Noida, Gautam Buddha Nagar, Uttar Pradesh	N-7 Sector-12, Noida, Gautam Buddha Nagar, उत्तर प्रदेश
S1-977963372	0.0	miss	model	S3-377656245	0.7033	2	India	Krishna Builders Private Limited	Drexhalo	20, B. L. No.-4 North 24 Parganas, Jagadal, Jagadal, Parganas North, West Bengal	20, Jagadal, Parganas North, West Bengal, B. L. No.-4 North 24 Parganas, Jagadal
S1-977963372	0.0	miss	model	S3-974662081	0.7171	2	India	Krishna Builders Private Limited	Krishna 8uilders Limited Services	20, B. L. No.-4 North 24 Parganas, Jagadal, Jagadal, Parganas North, West Bengal	20, Jagadal, Parganas North, পশ্চিমবঙ্গ
